CustomerID,Country,FirstPurchaseDate,LastPurchaseDate,TotalInvoices,TotalRevenue,RFM_Segment,KMeans_Cluster,R,F,M,Churn_Probability,Revenue_At_Risk,Churn_Risk_Rank,Is_Top500,Churn_Status
13085,United Kingdom,2009-12-01,2011-07-05,8,2337.28,Loyal,2,3,4,4,0.822,64.602,3242.0,False,Đã chấm điểm
13078,United Kingdom,2009-12-01,2011-12-06,57,28853.12,Champions,1,5,5,5,0.019,63.82,3252.0,False,Đã chấm điểm
15362,United Kingdom,2009-12-01,2010-09-17,2,613.08,At Risk,0,1,2,3,,,,False,Không đủ điều kiện chấm điểm
18102,United Kingdom,2009-12-01,2011-12-09,145,579128.64,Champions,1,5,5,5,0.049,3758.601,3.0,True,Đã chấm điểm
12682,France,2009-12-01,2011-12-06,51,20736.22,Champions,1,5,5,5,0.014,39.575,3392.0,False,Đã chấm điểm
18087,United Kingdom,2009-12-01,2011-02-22,15,13623.12,At Risk,1,2,5,5,,,,False,Không đủ điều kiện chấm điểm
13635,United Kingdom,2009-12-01,2011-10-03,4,2972.16,Loyal,2,3,3,5,0.748,801.637,100.0,True,Đã chấm điểm
14110,United Kingdom,2009-12-01,2011-12-06,33,12947.45,Champions,1,5,5,5,0.06,115.08,2694.0,False,Đã chấm điểm
17519,United Kingdom,2009-12-01,2011-11-22,15,4774.17,Champions,1,5,5,5,0.408,211.322,1532.0,False,Đã chấm điểm
13758,United Kingdom,2009-12-01,2011-11-28,14,8558.54,Champions,1,5,5,5,0.355,258.762,1103.0,False,Đã chấm điểm
15413,United Kingdom,2009-12-01,2010-01-17,5,6798.72,At Risk,2,1,4,5,,,,False,Không đủ điều kiện chấm điểm
16321,Australia,2009-12-01,2011-02-07,4,351.2,At Risk,0,2,3,2,,,,False,Không đủ điều kiện chấm điểm
16167,United Kingdom,2009-12-01,2010-10-21,5,1332.12,At Risk,2,1,4,4,,,,False,Không đủ điều kiện chấm điểm
17865,United Kingdom,2009-12-01,2011-11-09,45,26031.79,Champions,1,4,5,5,0.075,206.827,1580.0,False,Đã chấm điểm
17592,United Kingdom,2009-12-01,2009-12-01,1,148.3,Hibernating,0,1,1,1,,,,False,Không đủ điều kiện chấm điểm
13767,United Kingdom,2009-12-01,2011-12-07,73,33769.12,Champions,1,5,5,5,0.016,73.415,3160.0,False,Đã chấm điểm
17238,United Kingdom,2009-12-01,2011-12-07,32,7331.17,Champions,1,5,5,5,0.069,72.12,3175.0,False,Đã chấm điểm
15712,United Kingdom,2009-12-01,2011-11-30,12,3472.41,Champions,1,5,5,5,0.512,193.339,1708.0,False,Đã chấm điểm
15311,United Kingdom,2009-12-01,2011-12-09,205,112284.62,Champions,1,5,5,5,0.029,429.637,393.0,True,Đã chấm điểm
16329,United Kingdom,2009-12-01,2010-10-08,4,1664.92,At Risk,2,1,3,4,,,,False,Không đủ điều kiện chấm điểm
17700,United Kingdom,2009-12-01,2011-11-23,14,6648.17,Champions,1,5,5,5,0.482,388.764,489.0,True,Đã chấm điểm
14911,EIRE,2009-12-01,2011-12-08,367,250958.94,Champions,1,5,5,5,0.028,1008.838,59.0,True,Đã chấm điểm
15998,United Kingdom,2009-12-01,2011-11-03,16,8202.49,Champions,1,4,5,5,0.325,246.312,1199.0,False,Đã chấm điểm
12931,United Kingdom,2009-12-01,2011-11-18,54,77658.98,Champions,1,4,5,5,0.101,1284.452,36.0,True,Đã chấm điểm
12533,Germany,2009-12-01,2010-03-22,2,1075.24,At Risk,2,1,2,3,,,,False,Không đủ điều kiện chấm điểm
17984,United Kingdom,2009-12-01,2011-07-17,5,1148.69,Loyal,2,3,4,3,0.826,77.714,3120.0,False,Đã chấm điểm
14871,United Kingdom,2009-12-01,2011-12-06,9,1228.17,Champions,1,5,5,4,0.625,83.573,3051.0,False,Đã chấm điểm
13394,United Kingdom,2009-12-01,2011-12-08,19,6372.76,Champions,1,5,5,5,0.213,141.617,2325.0,False,Đã chấm điểm
16011,United Kingdom,2009-12-01,2011-12-01,29,5599.31,Champions,1,5,5,5,0.084,77.432,3123.0,False,Đã chấm điểm
16393,United Kingdom,2009-12-01,2011-12-07,23,5245.94,Champions,1,5,5,5,0.071,67.681,3208.0,False,Đã chấm điểm
14040,United Kingdom,2009-12-01,2011-10-30,35,12466.06,Champions,1,4,5,5,0.102,100.881,2871.0,False,Đã chấm điểm
12913,United Kingdom,2009-12-01,2011-12-05,13,6283.24,Champions,1,5,5,5,0.411,664.589,151.0,True,Đã chấm điểm
15061,United Kingdom,2009-12-01,2011-12-06,126,125559.93,Champions,1,5,5,5,0.026,262.938,1074.0,False,Đã chấm điểm
14341,United Kingdom,2009-12-01,2011-10-25,18,4436.12,Champions,1,4,5,5,0.236,179.816,1878.0,False,Đã chấm điểm
17804,United Kingdom,2009-12-01,2010-11-28,3,383.78,At Risk,0,2,3,2,,,,False,Không đủ điều kiện chấm điểm
14156,EIRE,2009-12-01,2011-11-30,142,295721.88,Champions,1,5,5,5,0.019,521.618,252.0,True,Đã chấm điểm
13599,United Kingdom,2009-12-01,2011-12-08,33,9630.01,Champions,1,5,5,5,0.05,71.002,3185.0,False,Đã chấm điểm
17063,United Kingdom,2009-12-01,2011-11-18,13,3613.53,Champions,1,4,5,5,0.536,328.419,697.0,False,Đã chấm điểm
15719,United Kingdom,2009-12-01,2011-11-07,31,10136.32,Champions,1,4,5,5,0.075,102.103,2860.0,False,Đã chấm điểm
12490,France,2009-12-01,2011-12-04,20,8764.64,Champions,1,5,5,5,0.079,134.855,2414.0,False,Đã chấm điểm
15793,United Kingdom,2009-12-01,2011-11-25,8,2382.92,Champions,1,5,4,4,0.537,170.401,1976.0,False,Đã chấm điểm
17056,United Kingdom,2009-12-01,2009-12-01,1,128.6,Hibernating,0,1,1,1,,,,False,Không đủ điều kiện chấm điểm
13526,United Kingdom,2009-12-01,2009-12-01,2,917.4,At Risk,0,1,2,3,,,,False,Không đủ điều kiện chấm điểm
14654,United Kingdom,2009-12-01,2009-12-01,1,246.86,Hibernating,0,1,1,1,,,,False,Không đủ điều kiện chấm điểm
17998,United Kingdom,2009-12-01,2010-11-24,3,639.24,At Risk,2,2,3,3,,,,False,Không đủ điều kiện chấm điểm
17742,United Kingdom,2009-12-01,2011-08-18,11,2098.48,Loyal,2,3,5,4,0.843,34.985,3404.0,False,Đã chấm điểm
15326,United Kingdom,2009-12-01,2011-01-10,5,1595.42,At Risk,2,2,4,4,,,,False,Không đủ điều kiện chấm điểm
14478,United Kingdom,2009-12-01,2010-11-22,4,1276.66,At Risk,2,2,3,4,,,,False,Không đủ điều kiện chấm điểm
15967,United Kingdom,2009-12-01,2011-11-16,12,2966.0,Champions,1,4,5,5,0.751,176.977,1913.0,False,Đã chấm điểm
17611,United Kingdom,2009-12-01,2011-12-02,28,8281.58,Champions,1,5,5,5,0.071,66.644,3220.0,False,Đã chấm điểm
15051,United Kingdom,2009-12-01,2011-11-16,9,3911.91,Champions,1,4,5,5,0.462,380.71,511.0,False,Đã chấm điểm
13097,United Kingdom,2009-12-01,2011-11-07,27,12945.31,Champions,1,4,5,5,0.153,229.337,1361.0,False,Đã chấm điểm
13590,United Kingdom,2009-12-01,2011-11-28,18,6297.34,Champions,1,5,5,5,0.313,196.461,1673.0,False,Đã chấm điểm
15984,United Kingdom,2009-12-01,2011-12-07,30,8373.97,Champions,1,5,5,5,0.181,153.308,2184.0,False,Đã chấm điểm
16887,United Kingdom,2009-12-01,2011-11-04,3,658.17,Potential Loyalist,3,4,3,3,0.733,141.038,2331.0,False,Đã chấm điểm
12921,United Kingdom,2009-12-01,2011-11-30,73,33905.19,Champions,1,5,5,5,0.015,69.092,3199.0,False,Đã chấm điểm
14543,United Kingdom,2009-12-01,2011-11-11,38,12795.07,Champions,1,4,5,5,0.147,128.089,2523.0,False,Đã chấm điểm
15945,United Kingdom,2009-12-01,2010-12-09,4,646.27,At Risk,2,2,3,3,,,,False,Không đủ điều kiện chấm điểm
18037,United Kingdom,2009-12-01,2011-07-08,15,167.42,Loyal,2,3,5,1,0.67,7.235,3458.0,False,Đã chấm điểm
15662,United Kingdom,2009-12-01,2010-02-16,2,283.73,Hibernating,0,1,2,2,,,,False,Không đủ điều kiện chấm điểm
15380,United Kingdom,2009-12-01,2011-12-01,11,3248.96,Champions,1,5,5,5,0.345,319.518,732.0,False,Đã chấm điểm
13110,United Kingdom,2009-12-01,2011-11-08,12,2868.37,Champions,1,4,5,5,0.49,162.047,2071.0,False,Đã chấm điểm
12836,United Kingdom,2009-12-01,2011-10-11,15,6559.73,Loyal,1,3,5,5,0.362,261.374,1084.0,False,Đã chấm điểm
15005,United Kingdom,2009-12-01,2011-11-24,56,13275.38,Champions,1,5,5,5,0.018,31.592,3418.0,False,Đã chấm điểm
16620,United Kingdom,2009-12-01,2011-12-06,6,1758.93,Champions,3,5,4,4,0.714,44.086,3376.0,False,Đã chấm điểm
12758,Portugal,2009-12-01,2011-08-15,7,9802.4,Loyal,2,3,4,5,0.708,664.992,150.0,True,Đã chấm điểm
17961,United Kingdom,2009-12-01,2011-11-18,100,2862.99,Champions,1,4,5,5,0.287,65.283,3234.0,False,Đã chấm điểm
15601,United Kingdom,2009-12-01,2011-11-28,30,14179.24,Champions,1,5,5,5,0.178,188.419,1767.0,False,Đã chấm điểm
13585,United Kingdom,2009-12-01,2010-06-27,3,684.54,At Risk,2,1,3,3,,,,False,Không đủ điều kiện chấm điểm
13442,United Kingdom,2009-12-01,2010-02-10,3,419.87,At Risk,0,1,3,2,,,,False,Không đủ điều kiện chấm điểm
13381,United Kingdom,2009-12-01,2011-11-08,12,8224.37,Champions,1,4,5,5,0.188,262.157,1077.0,False,Đã chấm điểm
16763,United Kingdom,2009-12-01,2011-05-25,2,947.75,At Risk,2,2,2,3,,,,False,Không đủ điều kiện chấm điểm
17243,United Kingdom,2009-12-01,2011-12-08,69,20083.63,Champions,1,5,5,5,0.018,40.559,3390.0,False,Đã chấm điểm
14865,United Kingdom,2009-12-01,2011-12-02,4,92.52,Potential Loyalist,3,5,3,1,0.801,12.018,3453.0,False,Đã chấm điểm
17345,United Kingdom,2009-12-01,2011-11-24,10,1586.63,Champions,1,5,5,4,0.502,119.203,2630.0,False,Đã chấm điểm
13819,United Kingdom,2009-12-01,2011-02-11,6,2642.35,At Risk,2,2,4,4,,,,False,Không đủ điều kiện chấm điểm
15808,United Kingdom,2009-12-01,2011-02-06,21,17125.8,At Risk,1,2,5,5,,,,False,Không đủ điều kiện chấm điểm
17191,United Kingdom,2009-12-01,2011-11-11,15,4310.34,Champions,1,4,5,5,0.434,258.658,1107.0,False,Đã chấm điểm
13748,United Kingdom,2009-12-01,2011-09-05,9,2064.35,Loyal,2,3,5,4,0.556,150.763,2219.0,False,Đã chấm điểm
15265,United Kingdom,2009-12-01,2011-07-11,4,3345.64,Loyal,2,3,3,5,0.513,294.827,870.0,False,Đã chấm điểm
15750,United Kingdom,2009-12-01,2011-12-07,18,6418.79,Champions,1,5,5,5,0.265,258.133,1112.0,False,Đã chấm điểm
17428,United Kingdom,2009-12-01,2011-12-09,45,30923.66,Champions,1,5,5,5,0.026,126.347,2535.0,False,Đã chấm điểm
15485,United Kingdom,2009-12-01,2011-11-09,7,4810.92,Champions,1,4,4,5,0.719,932.733,73.0,True,Đã chấm điểm
17246,United Kingdom,2009-12-01,2010-06-11,2,38.92,Hibernating,0,1,2,1,,,,False,Không đủ điều kiện chấm điểm
14061,United Kingdom,2009-12-01,2010-07-20,3,917.43,At Risk,2,1,3,3,,,,False,Không đủ điều kiện chấm điểm
14108,United Kingdom,2009-12-01,2011-11-09,4,1044.96,Potential Loyalist,3,4,3,3,0.568,299.822,841.0,False,Đã chấm điểm
13648,United Kingdom,2009-12-01,2010-11-04,7,1721.37,At Risk,2,2,4,4,,,,False,Không đủ điều kiện chấm điểm
16563,United Kingdom,2009-12-01,2011-10-17,6,4392.16,Champions,2,4,4,5,0.735,792.265,103.0,True,Đã chấm điểm
16701,United Kingdom,2009-12-01,2011-12-01,26,9656.81,Champions,1,5,5,5,0.083,120.209,2614.0,False,Đã chấm điểm
12842,United Kingdom,2009-12-02,2011-09-30,4,1917.99,Loyal,2,3,3,4,0.778,628.887,167.0,True,Đã chấm điểm
14302,United Kingdom,2009-12-02,2010-10-05,3,742.9,At Risk,2,1,3,3,,,,False,Không đủ điều kiện chấm điểm
14135,United Kingdom,2009-12-02,2011-12-08,24,8839.67,Champions,1,5,5,5,0.129,151.266,2215.0,False,Đã chấm điểm
14831,United Kingdom,2009-12-02,2010-01-28,3,1676.57,At Risk,2,1,3,4,,,,False,Không đủ điều kiện chấm điểm
15602,United Kingdom,2009-12-02,2011-12-01,15,2945.21,Champions,1,5,5,5,0.405,162.084,2070.0,False,Đã chấm điểm
13777,United Kingdom,2009-12-02,2011-12-09,61,49638.26,Champions,1,5,5,5,0.037,221.188,1441.0,False,Đã chấm điểm
14000,United Kingdom,2009-12-02,2011-05-12,5,2046.34,At Risk,2,2,4,4,,,,False,Không đủ điều kiện chấm điểm
16823,United Kingdom,2009-12-02,2011-04-26,7,2243.09,At Risk,2,2,4,4,,,,False,Không đủ điều kiện chấm điểm
16163,United Kingdom,2009-12-02,2010-12-09,5,1918.63,At Risk,2,2,4,4,,,,False,Không đủ điều kiện chấm điểm
17193,United Kingdom,2009-12-02,2011-11-04,9,2310.04,Champions,1,4,5,4,0.257,222.074,1432.0,False,Đã chấm điểm
15759,United Kingdom,2009-12-02,2011-05-05,7,830.93,At Risk,2,2,4,3,,,,False,Không đủ điều kiện chấm điểm
16131,United Kingdom,2009-12-02,2011-10-19,12,9957.42,Champions,1,4,5,5,0.253,333.025,678.0,False,Đã chấm điểm
14560,United Kingdom,2009-12-02,2011-12-02,43,6060.39,Champions,1,5,5,5,0.132,53.013,3324.0,False,Đã chấm điểm
17087,United Kingdom,2009-12-02,2009-12-02,1,221.53,Hibernating,0,1,1,1,,,,False,Không đủ điều kiện chấm điểm
14894,United Kingdom,2009-12-02,2011-09-15,3,1492.81,Loyal,2,3,3,4,0.783,513.545,260.0,True,Đã chấm điểm
16202,United Kingdom,2009-12-02,2010-12-14,9,2471.99,At Risk,2,2,5,4,,,,False,Không đủ điều kiện chấm điểm
16700,United Kingdom,2009-12-02,2011-12-01,25,8767.32,Champions,1,5,5,5,0.076,99.4,2885.0,False,Đã chấm điểm
17511,United Kingdom,2009-12-02,2011-12-07,58,152924.87,Champions,1,5,5,5,0.014,297.164,852.0,False,Đã chấm điểm
14299,United Kingdom,2009-12-02,2011-12-01,27,13806.8,Champions,1,5,5,5,0.24,477.68,304.0,True,Đã chấm điểm
17949,United Kingdom,2009-12-02,2011-12-08,101,98714.04,Champions,1,5,5,5,0.032,659.004,153.0,True,Đã chấm điểm
14799,United Kingdom,2009-12-02,2011-10-19,2,338.15,Potential Loyalist,3,4,2,2,0.752,118.518,2641.0,False,Đã chấm điểm
16550,United Kingdom,2009-12-02,2011-08-23,18,8633.08,Loyal,1,3,5,5,0.394,260.719,1091.0,False,Đã chấm điểm
12980,United Kingdom,2009-12-02,2011-07-05,21,16245.78,Loyal,1,3,5,5,0.634,1000.328,62.0,True,Đã chấm điểm
14425,United Kingdom,2009-12-02,2010-10-01,3,661.39,At Risk,2,1,3,3,,,,False,Không đủ điều kiện chấm điểm
15353,United Kingdom,2009-12-02,2011-03-30,7,2794.47,At Risk,2,2,4,4,,,,False,Không đủ điều kiện chấm điểm
17818,United Kingdom,2009-12-02,2009-12-02,1,124.78,Hibernating,0,1,1,1,,,,False,Không đủ điều kiện chấm điểm
13654,United Kingdom,2009-12-02,2011-10-27,11,6308.0,Champions,1,4,5,5,0.288,255.623,1137.0,False,Đã chấm điểm
17189,United Kingdom,2009-12-02,2011-08-25,5,953.63,Loyal,2,3,4,3,0.825,109.045,2776.0,False,Đã chấm điểm
13269,United Kingdom,2009-12-02,2011-12-08,28,8537.32,Champions,1,5,5,5,0.05,84.253,3042.0,False,Đã chấm điểm
14653,United Kingdom,2009-12-02,2011-12-08,11,3404.8,Champions,1,5,5,5,0.254,399.984,457.0,True,Đã chấm điểm
17019,United Kingdom,2009-12-02,2011-11-28,11,3586.99,Champions,1,5,5,5,0.687,148.346,2251.0,False,Đã chấm điểm
15542,United Kingdom,2009-12-02,2010-07-15,3,833.16,At Risk,2,1,3,3,,,,False,Không đủ điều kiện chấm điểm
13564,United Kingdom,2009-12-02,2010-12-20,36,15761.77,At Risk,1,2,5,5,,,,False,Không đủ điều kiện chấm điểm
16467,United Kingdom,2009-12-02,2010-07-19,7,2869.16,At Risk,2,1,4,5,,,,False,Không đủ điều kiện chấm điểm
15833,United Kingdom,2009-12-02,2009-12-02,1,80.4,Hibernating,0,1,1,1,,,,False,Không đủ điều kiện chấm điểm
14527,United Kingdom,2009-12-02,2011-12-07,121,26711.5,Champions,1,5,5,5,0.011,23.24,3439.0,False,Đã chấm điểm
17476,United Kingdom,2009-12-02,2010-11-09,2,455.01,Hibernating,0,2,2,2,,,,False,Không đủ điều kiện chấm điểm
15287,United Kingdom,2009-12-02,2011-11-17,5,856.03,Champions,3,4,4,3,0.495,240.856,1264.0,False,Đã chấm điểm
14440,United Kingdom,2009-12-02,2011-12-01,12,5892.33,Champions,1,5,5,5,0.405,474.585,309.0,True,Đã chấm điểm
15680,United Kingdom,2009-12-02,2011-11-30,10,4010.99,Champions,1,5,5,5,0.435,371.565,542.0,False,Đã chấm điểm
15581,United Kingdom,2009-12-02,2011-07-06,32,4377.21,Loyal,1,3,5,5,0.712,80.942,3090.0,False,Đã chấm điểm
13740,United Kingdom,2009-12-02,2011-04-13,5,1582.77,At Risk,2,2,4,4,,,,False,Không đủ điều kiện chấm điểm
17768,United Kingdom,2009-12-02,2011-12-01,7,3292.73,Champions,1,5,4,5,0.403,452.529,345.0,True,Đã chấm điểm
12948,United Kingdom,2009-12-02,2011-11-23,9,2317.43,Champions,1,5,5,4,0.189,132.642,2448.0,False,Đã chấm điểm
14667,United Kingdom,2009-12-02,2011-11-29,54,20331.89,Champions,1,5,5,5,0.018,41.729,3386.0,False,Đã chấm điểm
17377,United Kingdom,2009-12-02,2011-11-16,78,17566.83,Champions,1,4,5,5,0.123,120.48,2606.0,False,Đã chấm điểm
14467,United Kingdom,2009-12-02,2011-11-22,12,2203.24,Champions,1,5,5,4,0.474,220.22,1453.0,False,Đã chấm điểm
13457,United Kingdom,2009-12-02,2010-01-20,2,148.22,Hibernating,0,1,2,1,,,,False,Không đủ điều kiện chấm điểm
18108,United Kingdom,2009-12-02,2011-03-30,3,848.81,At Risk,2,2,3,3,,,,False,Không đủ điều kiện chấm điểm
16210,United Kingdom,2009-12-02,2011-12-08,33,33730.97,Champions,1,5,5,5,0.068,337.451,657.0,False,Đã chấm điểm
14669,United Kingdom,2009-12-02,2011-04-12,7,3216.78,At Risk,2,2,4,5,,,,False,Không đủ điều kiện chấm điểm
17909,United Kingdom,2009-12-02,2009-12-02,1,110.05,Hibernating,0,1,1,1,,,,False,Không đủ điều kiện chấm điểm
16086,United Kingdom,2009-12-02,2011-10-11,10,2687.73,Loyal,1,3,5,4,0.485,183.175,1834.0,False,Đã chấm điểm
16711,United Kingdom,2009-12-02,2011-12-06,9,2868.48,Champions,1,5,5,5,0.51,342.749,630.0,False,Đã chấm điểm
14739,United Kingdom,2009-12-02,2011-12-05,25,11573.62,Champions,1,5,5,5,0.275,333.344,675.0,False,Đã chấm điểm
16233,United Kingdom,2009-12-02,2011-09-29,9,1673.21,Loyal,2,3,5,4,0.772,162.297,2066.0,False,Đã chấm điểm
14204,United Kingdom,2009-12-02,2011-12-07,4,1024.83,Potential Loyalist,3,5,3,3,0.72,108.478,2782.0,False,Đã chấm điểm
17606,United Kingdom,2009-12-02,2009-12-02,1,87.3,Hibernating,0,1,1,1,,,,False,Không đủ điều kiện chấm điểm
16797,United Kingdom,2009-12-02,2010-11-11,5,1785.02,At Risk,2,2,4,4,,,,False,Không đủ điều kiện chấm điểm
16126,United Kingdom,2009-12-02,2011-11-10,15,14644.6,Champions,1,4,5,5,0.342,898.994,79.0,True,Đã chấm điểm
17867,United Kingdom,2009-12-02,2011-11-09,14,899.87,Champions,1,4,5,3,0.481,121.233,2597.0,False,Đã chấm điểm
17412,United Kingdom,2009-12-02,2011-12-07,16,4199.82,Champions,1,5,5,5,0.497,152.018,2202.0,False,Đã chấm điểm
16525,United Kingdom,2009-12-02,2011-12-07,46,20451.33,Champions,1,5,5,5,0.025,64.825,3240.0,False,Đã chấm điểm
13623,United Kingdom,2009-12-02,2011-11-09,10,2475.81,Champions,1,4,5,4,0.486,91.621,2972.0,False,Đã chấm điểm
12435,Denmark,2009-12-02,2011-09-21,6,13925.93,Loyal,1,3,4,5,0.451,1185.216,41.0,True,Đã chấm điểm
14549,United Kingdom,2009-12-02,2011-02-01,4,913.6,At Risk,2,2,3,3,,,,False,Không đủ điều kiện chấm điểm
14106,United Kingdom,2009-12-02,2009-12-02,1,214.8,Hibernating,0,1,1,1,,,,False,Không đủ điều kiện chấm điểm
14980,United Kingdom,2009-12-02,2009-12-02,1,150.68,Hibernating,0,1,1,1,,,,False,Không đủ điều kiện chấm điểm
14396,United Kingdom,2009-12-02,2011-10-05,7,1969.38,Loyal,2,3,4,4,0.746,281.551,959.0,False,Đã chấm điểm
14122,United Kingdom,2009-12-02,2010-10-29,3,314.72,At Risk,0,2,3,2,,,,False,Không đủ điều kiện chấm điểm
16987,United Kingdom,2009-12-02,2011-12-06,11,2487.55,Champions,1,5,5,4,0.201,141.638,2324.0,False,Đã chấm điểm
17809,United Kingdom,2009-12-02,2011-11-23,20,10019.89,Champions,1,5,5,5,0.145,184.935,1808.0,False,Đã chấm điểm
15917,United Kingdom,2009-12-02,2011-04-06,5,530.17,At Risk,2,2,4,2,,,,False,Không đủ điều kiện chấm điểm
14987,United Kingdom,2009-12-02,2011-11-24,8,1550.65,Champions,1,5,4,4,0.751,122.639,2580.0,False,Đã chấm điểm
14080,United Kingdom,2009-12-02,2011-11-07,5,1075.73,Champions,3,4,4,3,0.791,36.076,3400.0,False,Đã chấm điểm
16200,United Kingdom,2009-12-02,2011-12-05,12,5608.1,Champions,1,5,5,5,0.658,383.57,501.0,False,Đã chấm điểm
15794,United Kingdom,2009-12-02,2009-12-03,2,777.0,At Risk,0,1,2,3,,,,False,Không đủ điều kiện chấm điểm
15523,United Kingdom,2009-12-02,2011-09-16,16,17259.19,Loyal,1,3,5,5,0.778,320.473,728.0,False,Đã chấm điểm
15615,United Kingdom,2009-12-02,2011-11-29,47,21357.02,Champions,1,5,5,5,0.027,73.321,3161.0,False,Đã chấm điểm
18001,United Kingdom,2009-12-02,2011-11-27,6,924.14,Champions,3,5,4,3,0.537,222.881,1418.0,False,Đã chấm điểm
17841,United Kingdom,2009-12-02,2011-12-08,211,65688.65,Champions,1,5,5,5,0.018,196.936,1665.0,False,Đã chấm điểm
13089,United Kingdom,2009-12-02,2011-12-07,198,108872.19,Champions,1,5,5,5,0.015,215.148,1499.0,False,Đã chấm điểm
15989,United Kingdom,2009-12-02,2010-11-29,2,368.31,Hibernating,0,2,2,2,,,,False,Không đủ điều kiện chấm điểm
17660,United Kingdom,2009-12-02,2011-07-21,2,342.22,Need Attention,0,3,2,2,0.811,91.899,2966.0,False,Đã chấm điểm
13313,United Kingdom,2009-12-02,2011-11-17,12,3445.32,Champions,1,4,5,5,0.376,195.553,1685.0,False,Đã chấm điểm
12437,France,2009-12-02,2011-12-08,38,11198.0,Champions,1,5,5,5,0.044,52.784,3325.0,False,Đã chấm điểm
14841,United Kingdom,2009-12-02,2011-10-17,14,7163.0,Champions,1,4,5,5,0.425,321.97,723.0,False,Đã chấm điểm
14646,Netherlands,2009-12-02,2011-12-08,142,519798.26,Champions,1,5,5,5,0.024,1815.899,16.0,True,Đã chấm điểm
15482,United Kingdom,2009-12-02,2011-11-24,16,8551.92,Champions,1,5,5,5,0.215,387.461,492.0,True,Đã chấm điểm
16156,United Kingdom,2009-12-02,2011-12-01,20,5941.46,Champions,1,5,5,5,0.131,119.202,2631.0,False,Đã chấm điểm
17716,United Kingdom,2009-12-02,2011-11-17,24,15690.22,Champions,1,4,5,5,0.091,169.28,1988.0,False,Đã chấm điểm
12779,Poland,2009-12-03,2011-11-02,13,6040.31,Champions,1,4,5,5,0.256,232.136,1339.0,False,Đã chấm điểm
13611,United Kingdom,2009-12-03,2011-09-11,10,3297.93,Loyal,2,3,5,5,0.59,264.504,1062.0,False,Đã chấm điểm
15255,United Kingdom,2009-12-03,2011-10-04,9,3659.27,Loyal,2,3,5,5,0.775,690.803,131.0,True,Đã chấm điểm
14771,United Kingdom,2009-12-03,2010-03-28,2,584.42,Hibernating,0,1,2,2,,,,False,Không đủ điều kiện chấm điểm
14838,United Kingdom,2009-12-03,2010-10-12,2,769.92,At Risk,0,1,2,3,,,,False,Không đủ điều kiện chấm điểm
13979,United Kingdom,2009-12-03,2011-09-27,7,3339.08,Loyal,2,3,4,5,0.771,670.728,144.0,True,Đã chấm điểm
13800,United Kingdom,2009-12-03,2011-02-03,3,1679.56,At Risk,2,2,3,4,,,,False,Không đủ điều kiện chấm điểm
14483,United Kingdom,2009-12-03,2011-03-03,2,257.1,Hibernating,0,2,2,1,,,,False,Không đủ điều kiện chấm điểm
14915,United Kingdom,2009-12-03,2011-09-09,11,1811.25,Loyal,2,3,5,4,0.743,120.062,2616.0,False,Đã chấm điểm
13753,United Kingdom,2009-12-03,2011-02-25,4,2094.57,At Risk,2,2,3,4,,,,False,Không đủ điều kiện chấm điểm
16301,United Kingdom,2009-12-03,2009-12-03,1,107.33,Hibernating,0,1,1,1,,,,False,Không đủ điều kiện chấm điểm
13931,United Kingdom,2009-12-03,2011-09-05,11,5257.38,Loyal,1,3,5,5,0.644,518.471,255.0,True,Đã chấm điểm
17035,United Kingdom,2009-12-03,2011-04-08,4,578.34,At Risk,2,2,3,2,,,,False,Không đủ điều kiện chấm điểm
15194,United Kingdom,2009-12-03,2011-12-06,28,11863.13,Champions,1,5,5,5,0.082,151.661,2208.0,False,Đã chấm điểm
14347,United Kingdom,2009-12-03,2009-12-03,1,82.6,Hibernating,0,1,1,1,,,,False,Không đủ điều kiện chấm điểm
12934,United Kingdom,2009-12-03,2009-12-03,1,181.65,Hibernating,0,1,1,1,,,,False,Không đủ điều kiện chấm điểm
15291,United Kingdom,2009-12-03,2011-11-14,39,13419.06,Champions,1,4,5,5,0.108,105.786,2819.0,False,Đã chấm điểm
17209,United Kingdom,2009-12-03,2010-02-28,3,595.7,At Risk,0,1,3,3,,,,False,Không đủ điều kiện chấm điểm
15658,United Kingdom,2009-12-03,2011-06-02,7,2066.04,At Risk,2,2,4,4,,,,False,Không đủ điều kiện chấm điểm
17314,United Kingdom,2009-12-03,2011-11-15,15,4153.64,Champions,1,4,5,5,0.175,120.413,2609.0,False,Đã chấm điểm
17155,United Kingdom,2009-12-03,2011-11-22,7,892.46,Champions,3,5,4,3,0.669,85.167,3025.0,False,Đã chấm điểm
15965,United Kingdom,2009-12-03,2011-11-22,13,2771.94,Champions,1,5,5,4,0.479,312.614,761.0,False,Đã chấm điểm
17322,United Kingdom,2009-12-03,2010-11-28,5,910.79,At Risk,2,2,4,3,,,,False,Không đủ điều kiện chấm điểm
16159,United Kingdom,2009-12-03,2011-03-03,4,1232.79,At Risk,2,2,3,4,,,,False,Không đủ điều kiện chấm điểm
14051,United Kingdom,2009-12-03,2011-12-09,37,21770.98,Champions,1,5,5,5,0.031,134.149,2426.0,False,Đã chấm điểm
13993,United Kingdom,2009-12-03,2011-10-28,19,6736.11,Champions,1,4,5,5,0.161,159.995,2101.0,False,Đã chấm điểm
17411,United Kingdom,2009-12-03,2011-11-27,5,1359.98,Champions,3,5,4,4,0.555,148.517,2244.0,False,Đã chấm điểm
15768,United Kingdom,2009-12-03,2011-08-16,34,15308.89,Loyal,1,3,5,5,0.633,156.63,2142.0,False,Đã chấm điểm
12835,United Kingdom,2009-12-03,2010-10-08,41,5990.48,At Risk,1,1,5,5,,,,False,Không đủ điều kiện chấm điểm
15179,United Kingdom,2009-12-03,2011-11-21,13,7491.92,Champions,1,5,5,5,0.511,167.578,1998.0,False,Đã chấm điểm
17069,United Kingdom,2009-12-03,2011-11-11,14,5499.89,Champions,1,4,5,5,0.172,134.283,2422.0,False,Đã chấm điểm
16918,United Kingdom,2009-12-03,2011-10-21,16,3149.14,Champions,1,4,5,5,0.38,164.481,2037.0,False,Đã chấm điểm
15466,United Kingdom,2009-12-03,2011-09-15,4,1560.46,Loyal,2,3,3,4,0.754,252.122,1157.0,False,Đã chấm điểm
14159,United Kingdom,2009-12-03,2011-11-20,20,7539.18,Champions,1,4,5,5,0.07,109.413,2770.0,False,Đã chấm điểm
17940,United Kingdom,2009-12-03,2011-10-21,14,28389.58,Champions,1,4,5,5,0.397,132.83,2445.0,False,Đã chấm điểm
17581,United Kingdom,2009-12-03,2011-12-09,42,17401.07,Champions,1,5,5,5,0.068,245.236,1219.0,False,Đã chấm điểm
16168,United Kingdom,2009-12-03,2011-11-29,66,10343.67,Champions,1,5,5,5,0.025,28.605,3427.0,False,Đã chấm điểm
14606,United Kingdom,2009-12-03,2011-12-08,183,28180.37,Champions,1,5,5,5,0.012,29.925,3422.0,False,Đã chấm điểm
17287,United Kingdom,2009-12-03,2011-11-13,21,3820.56,Champions,1,4,5,5,0.407,119.512,2625.0,False,Đã chấm điểm
17913,United Kingdom,2009-12-03,2011-10-12,14,3425.09,Champions,1,4,5,5,0.745,141.982,2320.0,False,Đã chấm điểm
13416,United Kingdom,2009-12-03,2011-10-27,3,940.8,Potential Loyalist,3,4,3,3,0.482,343.445,627.0,False,Đã chấm điểm
16779,United Kingdom,2009-12-03,2011-12-07,53,31817.71,Champions,1,5,5,5,0.021,56.542,3308.0,False,Đã chấm điểm
13895,United Kingdom,2009-12-03,2011-11-11,6,3928.57,Champions,1,4,4,5,0.231,326.608,706.0,False,Đã chấm điểm
14057,United Kingdom,2009-12-03,2011-11-16,22,8276.1,Champions,1,4,5,5,0.07,112.059,2743.0,False,Đã chấm điểm
17017,United Kingdom,2009-12-03,2011-12-07,29,12439.79,Champions,1,5,5,5,0.027,52.465,3326.0,False,Đã chấm điểm
13208,United Kingdom,2009-12-03,2011-10-11,8,1951.82,Loyal,2,3,4,4,0.429,164.109,2042.0,False,Đã chấm điểm
17465,United Kingdom,2009-12-03,2010-10-10,7,2535.29,At Risk,2,1,4,4,,,,False,Không đủ điều kiện chấm điểm
13468,United Kingdom,2009-12-03,2011-12-08,72,12594.28,Champions,1,5,5,5,0.026,32.424,3413.0,False,Đã chấm điểm
13485,United Kingdom,2009-12-03,2011-04-20,11,2972.57,At Risk,2,2,5,5,,,,False,Không đủ điều kiện chấm điểm
17271,United Kingdom,2009-12-03,2009-12-03,1,204.3,Hibernating,0,1,1,1,,,,False,Không đủ điều kiện chấm điểm
16139,United Kingdom,2009-12-03,2011-11-21,5,1111.15,Champions,3,5,4,3,0.512,141.567,2327.0,False,Đã chấm điểm
15953,United Kingdom,2009-12-03,2011-11-24,17,3310.39,Champions,1,5,5,5,0.411,175.283,1935.0,False,Đã chấm điểm
15856,United Kingdom,2009-12-03,2011-12-05,52,31991.94,Champions,1,5,5,5,0.01,41.006,3388.0,False,Đã chấm điểm
14967,United Kingdom,2009-12-03,2011-10-21,6,1982.61,Champions,2,4,4,4,0.711,329.851,687.0,False,Đã chấm điểm
16497,United Kingdom,2009-12-03,2011-10-21,23,6695.28,Champions,1,4,5,5,0.368,302.071,829.0,False,Đã chấm điểm
17764,United Kingdom,2009-12-03,2011-10-20,5,1513.57,Champions,2,4,4,4,0.654,214.442,1506.0,False,Đã chấm điểm
14905,United Kingdom,2009-12-03,2011-07-05,8,1959.69,Loyal,2,3,4,4,0.641,152.018,2203.0,False,Đã chấm điểm
18229,United Kingdom,2009-12-03,2011-11-28,28,10150.51,Champions,1,5,5,5,0.024,47.81,3350.0,False,Đã chấm điểm
17293,United Kingdom,2009-12-03,2011-12-01,17,3750.63,Champions,1,5,5,5,0.232,184.248,1814.0,False,Đã chấm điểm
17853,United Kingdom,2009-12-03,2010-10-28,3,1596.29,At Risk,2,2,3,4,,,,False,Không đủ điều kiện chấm điểm
15550,United Kingdom,2009-12-03,2011-12-05,12,1994.6,Champions,1,5,5,4,0.563,129.602,2500.0,False,Đã chấm điểm
13531,United Kingdom,2009-12-03,2011-05-18,6,1433.07,At Risk,2,2,4,4,,,,False,Không đủ điều kiện chấm điểm
13786,United Kingdom,2009-12-03,2010-12-07,6,3112.99,At Risk,2,2,4,5,,,,False,Không đủ điều kiện chấm điểm
14952,United Kingdom,2009-12-03,2011-10-11,32,17569.55,Loyal,1,3,5,5,0.172,441.441,365.0,True,Đã chấm điểm
14031,United Kingdom,2009-12-03,2011-12-02,42,36158.61,Champions,1,5,5,5,0.063,249.022,1175.0,False,Đã chấm điểm
12937,United Kingdom,2009-12-03,2011-11-24,9,3097.61,Champions,1,5,5,5,0.376,190.176,1752.0,False,Đã chấm điểm
16612,United Kingdom,2009-12-03,2011-11-07,9,3245.43,Champions,1,4,5,5,0.491,214.618,1504.0,False,Đã chấm điểm
12949,United Kingdom,2009-12-03,2011-11-09,22,15456.2,Champions,1,4,5,5,0.161,238.199,1292.0,False,Đã chấm điểm
14958,United Kingdom,2009-12-03,2011-07-15,6,941.99,Loyal,2,3,4,3,0.615,108.765,2780.0,False,Đã chấm điểm
17329,United Kingdom,2009-12-03,2011-11-25,5,998.53,Champions,3,5,4,3,0.686,191.93,1727.0,False,Đã chấm điểm
16736,United Kingdom,2009-12-03,2010-07-22,5,2941.26,At Risk,2,1,4,5,,,,False,Không đủ điều kiện chấm điểm
13001,United Kingdom,2009-12-03,2011-12-05,33,24032.45,Champions,1,5,5,5,0.099,191.867,1730.0,False,Đã chấm điểm
14644,United Kingdom,2009-12-03,2011-10-03,6,2213.82,Loyal,2,3,4,4,0.759,488.089,290.0,True,Đã chấm điểm
14898,United Kingdom,2009-12-03,2011-11-16,14,3365.95,Champions,1,4,5,5,0.597,188.572,1765.0,False,Đã chấm điểm
14662,United Kingdom,2009-12-03,2011-11-11,7,1376.43,Champions,3,4,4,4,0.72,105.989,2816.0,False,Đã chấm điểm
17414,United Kingdom,2009-12-03,2011-10-27,6,2249.52,Champions,2,4,4,4,0.626,237.084,1299.0,False,Đã chấm điểm
14755,United Kingdom,2009-12-03,2011-11-30,25,9900.2,Champions,1,5,5,5,0.099,138.165,2373.0,False,Đã chấm điểm
17576,United Kingdom,2009-12-03,2011-12-01,41,8417.55,Champions,1,5,5,5,0.072,67.844,3207.0,False,Đã chấm điểm
13037,United Kingdom,2009-12-03,2011-07-24,12,3877.25,Loyal,2,3,5,5,0.601,185.585,1794.0,False,Đã chấm điểm
14710,United Kingdom,2009-12-03,2011-11-25,13,1899.79,Champions,1,5,5,4,0.446,267.629,1035.0,False,Đã chấm điểm
18168,United Kingdom,2009-12-03,2011-06-16,16,3355.7,Loyal,2,3,5,5,0.595,104.185,2839.0,False,Đã chấm điểm
17679,United Kingdom,2009-12-03,2011-10-18,6,3175.01,Champions,2,4,4,5,0.562,1119.434,45.0,True,Đã chấm điểm
17851,United Kingdom,2009-12-03,2010-10-13,6,1552.35,At Risk,2,1,4,4,,,,False,Không đủ điều kiện chấm điểm
14750,United Kingdom,2009-12-03,2009-12-03,1,112.03,Hibernating,0,1,1,1,,,,False,Không đủ điều kiện chấm điểm
16791,United Kingdom,2009-12-03,2011-11-10,15,3902.38,Champions,1,4,5,5,0.342,168.534,1993.0,False,Đã chấm điểm
16558,United Kingdom,2009-12-03,2011-12-09,38,13182.11,Champions,1,5,5,5,0.028,63.367,3254.0,False,Đã chấm điểm
15884,United Kingdom,2009-12-03,2010-10-03,2,244.6,Hibernating,0,1,2,1,,,,False,Không đủ điều kiện chấm điểm
17343,United Kingdom,2009-12-03,2010-12-19,6,1259.94,At Risk,2,2,4,4,,,,False,Không đủ điều kiện chấm điểm
17372,United Kingdom,2009-12-03,2011-10-30,26,4278.13,Champions,1,4,5,5,0.385,114.73,2705.0,False,Đã chấm điểm
16003,United Kingdom,2009-12-03,2011-11-10,10,5613.83,Champions,1,4,5,5,0.338,284.485,934.0,False,Đã chấm điểm
17432,United Kingdom,2009-12-03,2011-11-21,9,1728.99,Champions,1,5,5,4,0.49,179.186,1887.0,False,Đã chấm điểm
14713,United Kingdom,2009-12-03,2011-11-30,21,5088.36,Champions,1,5,5,5,0.207,131.575,2466.0,False,Đã chấm điểm
16722,United Kingdom,2009-12-03,2011-11-22,22,8189.56,Champions,1,5,5,5,0.075,106.892,2802.0,False,Đã chấm điểm
12577,France,2009-12-03,2011-11-04,8,1613.15,Champions,2,4,4,4,0.667,284.752,930.0,False,Đã chấm điểm
12872,United Kingdom,2009-12-03,2011-01-17,12,3283.96,At Risk,2,2,5,5,,,,False,Không đủ điều kiện chấm điểm
15755,United Kingdom,2009-12-04,2011-11-29,17,5993.12,Champions,1,5,5,5,0.283,221.395,1437.0,False,Đã chấm điểm
14258,United Kingdom,2009-12-04,2011-11-30,25,30948.84,Champions,1,5,5,5,0.212,603.289,184.0,True,Đã chấm điểm
14286,United Kingdom,2009-12-04,2011-11-16,7,8411.42,Champions,1,4,4,5,0.334,569.511,212.0,True,Đã chấm điểm
13154,United Kingdom,2009-12-04,2010-11-05,3,1612.09,At Risk,2,2,3,4,,,,False,Không đủ điều kiện chấm điểm
14564,Channel Islands,2009-12-04,2010-10-01,2,2537.62,At Risk,2,1,2,4,,,,False,Không đủ điều kiện chấm điểm
13408,United Kingdom,2009-12-04,2011-12-08,106,49873.58,Champions,1,5,5,5,0.015,110.89,2759.0,False,Đã chấm điểm
16645,United Kingdom,2009-12-04,2009-12-04,1,160.39,Hibernating,0,1,1,1,,,,False,Không đủ điều kiện chấm điểm
12714,France,2009-12-04,2011-11-30,12,12815.71,Champions,1,5,5,5,0.273,406.245,433.0,True,Đã chấm điểm
16335,United Kingdom,2009-12-04,2010-06-06,7,2726.52,At Risk,2,1,4,4,,,,False,Không đủ điều kiện chấm điểm
13093,United Kingdom,2009-12-04,2011-03-09,55,52969.75,At Risk,1,2,5,5,,,,False,Không đủ điều kiện chấm điểm
12759,Netherlands,2009-12-04,2011-10-18,8,4618.74,Champions,1,4,4,5,0.591,308.052,791.0,False,Đã chấm điểm
13666,United Kingdom,2009-12-04,2011-10-10,5,127.05,Loyal,3,3,4,1,0.674,13.883,3452.0,False,Đã chấm điểm
17160,United Kingdom,2009-12-04,2011-11-08,17,10209.16,Champions,1,4,5,5,0.212,277.774,985.0,False,Đã chấm điểm
13946,United Kingdom,2009-12-04,2011-09-21,6,1745.43,Loyal,2,3,4,4,0.51,96.272,2920.0,False,Đã chấm điểm
14723,United Kingdom,2009-12-04,2011-11-29,11,1801.36,Champions,1,5,5,4,0.429,286.176,922.0,False,Đã chấm điểm
14961,United Kingdom,2009-12-04,2011-11-29,22,16362.15,Champions,1,5,5,5,0.189,340.099,643.0,False,Đã chấm điểm
14735,United Kingdom,2009-12-04,2011-12-06,54,11885.56,Champions,1,5,5,5,0.015,23.426,3438.0,False,Đã chấm điểm
18061,United Kingdom,2009-12-04,2011-11-18,28,6083.81,Champions,1,4,5,5,0.221,105.484,2822.0,False,Đã chấm điểm
15078,United Kingdom,2009-12-04,2011-12-02,52,16933.13,Champions,1,5,5,5,0.019,49.752,3336.0,False,Đã chấm điểm
17389,United Kingdom,2009-12-04,2011-12-09,61,56409.88,Champions,1,5,5,5,0.039,430.444,392.0,True,Đã chấm điểm
16883,United Kingdom,2009-12-04,2011-06-05,19,2196.31,At Risk,2,2,5,4,,,,False,Không đủ điều kiện chấm điểm
13175,United Kingdom,2009-12-04,2010-05-06,2,792.3,At Risk,0,1,2,3,,,,False,Không đủ điều kiện chấm điểm
17076,United Kingdom,2009-12-04,2011-11-03,6,1242.75,Champions,3,4,4,4,0.687,348.073,613.0,False,Đã chấm điểm
13948,United Kingdom,2009-12-04,2010-12-14,4,548.76,At Risk,2,2,3,2,,,,False,Không đủ điều kiện chấm điểm
18223,United Kingdom,2009-12-04,2011-12-05,26,13856.21,Champions,1,5,5,5,0.123,209.177,1560.0,False,Đã chấm điểm
16192,United Kingdom,2009-12-04,2009-12-04,1,351.3,Hibernating,0,1,1,2,,,,False,Không đủ điều kiện chấm điểm
15999,United Kingdom,2009-12-04,2009-12-04,1,20.4,Hibernating,0,1,1,1,,,,False,Không đủ điều kiện chấm điểm
15109,United Kingdom,2009-12-04,2011-04-08,3,983.1,At Risk,2,2,3,3,,,,False,Không đủ điều kiện chấm điểm
14680,United Kingdom,2009-12-04,2011-11-14,57,52169.17,Champions,1,4,5,5,0.113,770.336,108.0,True,Đã chấm điểm
18092,United Kingdom,2009-12-04,2011-12-07,18,14693.72,Champions,1,5,5,5,0.212,498.621,273.0,True,Đã chấm điểm
16891,United Kingdom,2009-12-04,2011-12-08,11,1727.94,Champions,1,5,5,4,0.478,159.022,2112.0,False,Đã chấm điểm
13481,United Kingdom,2009-12-04,2011-10-25,10,3815.84,Champions,1,4,5,5,0.346,216.586,1484.0,False,Đã chấm điểm
13807,United Kingdom,2009-12-04,2010-12-07,3,422.2,At Risk,0,2,3,2,,,,False,Không đủ điều kiện chấm điểm
14979,United Kingdom,2009-12-04,2009-12-04,1,429.66,Hibernating,0,1,1,2,,,,False,Không đủ điều kiện chấm điểm
16656,United Kingdom,2009-12-04,2011-11-17,29,16568.12,Champions,1,4,5,5,0.09,220.055,1455.0,False,Đã chấm điểm
16746,United Kingdom,2009-12-04,2011-12-05,42,18045.05,Champions,1,5,5,5,0.018,32.267,3414.0,False,Đã chấm điểm
17157,United Kingdom,2009-12-04,2011-12-02,19,5151.9,Champions,1,5,5,5,0.688,111.565,2752.0,False,Đã chấm điểm
15309,United Kingdom,2009-12-04,2010-04-08,3,736.76,At Risk,2,1,3,3,,,,False,Không đủ điều kiện chấm điểm
16325,United Kingdom,2009-12-04,2011-10-24,12,3496.4,Champions,1,4,5,5,0.546,101.037,2869.0,False,Đã chấm điểm
16541,United Kingdom,2009-12-04,2009-12-04,1,424.03,Hibernating,0,1,1,2,,,,False,Không đủ điều kiện chấm điểm
16723,United Kingdom,2009-12-04,2011-09-09,4,1231.36,Loyal,2,3,3,4,0.686,329.63,689.0,False,Đã chấm điểm
16699,United Kingdom,2009-12-04,2010-11-24,7,964.9,At Risk,2,2,4,3,,,,False,Không đủ điều kiện chấm điểm
16710,United Kingdom,2009-12-04,2011-11-20,22,5908.6,Champions,1,4,5,5,0.193,119.942,2619.0,False,Đã chấm điểm
12510,Spain,2009-12-04,2011-07-20,7,3006.03,Loyal,2,3,4,5,0.786,107.605,2792.0,False,Đã chấm điểm
13162,United Kingdom,2009-12-04,2011-08-09,16,9234.69,Loyal,1,3,5,5,0.534,191.878,1729.0,False,Đã chấm điểm
15382,United Kingdom,2009-12-04,2011-11-25,12,13687.2,Champions,1,5,5,5,0.26,547.605,231.0,True,Đã chấm điểm
13680,United Kingdom,2009-12-04,2011-12-08,11,9757.36,Champions,1,5,5,5,0.371,492.905,282.0,True,Đã chấm điểm
12970,United Kingdom,2009-12-04,2011-12-02,10,1452.54,Champions,1,5,5,4,0.647,247.06,1192.0,False,Đã chấm điểm
17935,United Kingdom,2009-12-04,2011-07-24,7,652.64,Loyal,2,3,4,3,0.798,72.293,3173.0,False,Đã chấm điểm
17593,United Kingdom,2009-12-04,2011-12-06,11,8047.32,Champions,1,5,5,5,0.338,591.08,193.0,True,Đã chấm điểm
17151,United Kingdom,2009-12-04,2009-12-04,1,231.9,Hibernating,0,1,1,1,,,,False,Không đủ điều kiện chấm điểm
16451,United Kingdom,2009-12-04,2011-09-13,3,1013.15,Loyal,2,3,3,3,0.761,203.208,1609.0,False,Đã chấm điểm
17127,United Kingdom,2009-12-04,2010-10-07,5,1155.03,At Risk,2,1,4,3,,,,False,Không đủ điều kiện chấm điểm
13694,United Kingdom,2009-12-04,2011-12-06,141,190815.51,Champions,1,5,5,5,0.021,363.284,572.0,False,Đã chấm điểm
14087,United Kingdom,2009-12-04,2011-12-07,3,786.72,Potential Loyalist,3,5,3,3,0.657,125.798,2541.0,False,Đã chấm điểm
13733,United Kingdom,2009-12-04,2010-10-25,2,487.03,Hibernating,0,1,2,2,,,,False,Không đủ điều kiện chấm điểm
18181,United Kingdom,2009-12-04,2011-11-15,5,1166.61,Champions,3,4,4,3,0.732,268.537,1027.0,False,Đã chấm điểm
13174,United Kingdom,2009-12-04,2011-11-23,11,7972.46,Champions,1,5,5,5,0.663,469.694,318.0,True,Đã chấm điểm
13329,United Kingdom,2009-12-04,2011-11-08,8,4633.57,Champions,1,4,4,5,0.696,337.553,656.0,False,Đã chấm điểm
17421,United Kingdom,2009-12-04,2010-11-18,3,1059.41,At Risk,2,2,3,3,,,,False,Không đủ điều kiện chấm điểm
16351,United Kingdom,2009-12-04,2011-01-11,13,3309.63,At Risk,2,2,5,5,,,,False,Không đủ điều kiện chấm điểm
15684,United Kingdom,2009-12-04,2010-06-10,3,173.95,Hibernating,0,1,3,1,,,,False,Không đủ điều kiện chấm điểm
17884,United Kingdom,2009-12-04,2011-12-06,20,2687.62,Champions,1,5,5,4,0.791,82.712,3064.0,False,Đã chấm điểm
15514,United Kingdom,2009-12-04,2011-11-27,17,5071.59,Champions,1,5,5,5,0.309,234.871,1314.0,False,Đã chấm điểm
13679,United Kingdom,2009-12-04,2010-08-03,3,281.26,At Risk,0,1,3,2,,,,False,Không đủ điều kiện chấm điểm
18225,United Kingdom,2009-12-04,2011-12-06,26,12986.75,Champions,1,5,5,5,0.071,120.781,2602.0,False,Đã chấm điểm
12748,United Kingdom,2009-12-04,2011-12-09,314,46878.42,Champions,1,5,5,5,0.029,244.275,1234.0,False,Đã chấm điểm
13199,United Kingdom,2009-12-05,2011-12-06,66,15936.05,Champions,1,5,5,5,0.025,66.924,3218.0,False,Đã chấm điểm
13487,United Kingdom,2009-12-05,2011-10-13,5,846.87,Champions,2,4,4,3,0.68,109.347,2771.0,False,Đã chấm điểm
17018,United Kingdom,2009-12-05,2011-10-30,6,2287.7,Champions,2,4,4,4,0.718,369.683,554.0,False,Đã chấm điểm
18071,United Kingdom,2009-12-05,2011-03-27,6,1169.68,At Risk,2,2,4,3,,,,False,Không đủ điều kiện chấm điểm
16593,United Kingdom,2009-12-05,2011-10-20,8,1071.14,Champions,2,4,4,3,0.669,82.512,3069.0,False,Đã chấm điểm
14238,United Kingdom,2009-12-05,2011-01-17,3,434.23,At Risk,0,2,3,2,,,,False,Không đủ điều kiện chấm điểm
15223,United Kingdom,2009-12-05,2011-04-28,4,1117.1,At Risk,2,2,3,3,,,,False,Không đủ điều kiện chấm điểm
13021,United Kingdom,2009-12-05,2011-12-05,17,4852.11,Champions,1,5,5,5,0.157,131.431,2471.0,False,Đã chấm điểm
17115,United Kingdom,2009-12-05,2011-12-01,7,2748.74,Champions,1,5,4,4,0.605,192.068,1722.0,False,Đã chấm điểm
17850,United Kingdom,2009-12-05,2010-12-02,155,48530.41,At Risk,1,2,5,5,,,,False,Không đủ điều kiện chấm điểm
14239,United Kingdom,2009-12-05,2011-10-27,21,4263.17,Champions,1,4,5,5,0.132,76.447,3133.0,False,Đã chấm điểm
13999,United Kingdom,2009-12-05,2011-11-29,29,9502.26,Champions,1,5,5,5,0.077,89.866,2984.0,False,Đã chấm điểm
13958,United Kingdom,2009-12-05,2010-11-25,8,4542.68,At Risk,2,2,4,5,,,,False,Không đủ điều kiện chấm điểm
13641,United Kingdom,2009-12-05,2010-03-09,4,942.37,At Risk,2,1,3,3,,,,False,Không đủ điều kiện chấm điểm
15420,United Kingdom,2009-12-05,2010-10-01,6,743.0,At Risk,2,1,4,3,,,,False,Không đủ điều kiện chấm điểm
12359,Cyprus,2009-12-05,2011-10-13,10,8765.29,Champions,1,4,5,5,0.454,843.767,85.0,True,Đã chấm điểm
12820,United Kingdom,2009-12-05,2011-12-06,11,2651.24,Champions,1,5,5,4,0.418,323.018,716.0,False,Đã chấm điểm
16410,United Kingdom,2009-12-05,2009-12-05,1,130.32,Hibernating,0,1,1,1,,,,False,Không đủ điều kiện chấm điểm
15240,United Kingdom,2009-12-05,2011-10-26,12,4366.46,Champions,1,4,5,5,0.319,165.401,2024.0,False,Đã chấm điểm
16158,United Kingdom,2009-12-05,2010-07-05,9,611.32,At Risk,2,1,5,3,,,,False,Không đủ điều kiện chấm điểm
15484,United Kingdom,2009-12-05,2011-12-08,6,4620.9,Champions,1,5,4,5,0.241,856.945,84.0,True,Đã chấm điểm
14709,United Kingdom,2009-12-05,2011-11-24,25,8886.33,Champions,1,5,5,5,0.068,105.192,2828.0,False,Đã chấm điểm
15057,United Kingdom,2009-12-05,2011-03-09,5,3184.56,At Risk,2,2,4,5,,,,False,Không đủ điều kiện chấm điểm
14867,United Kingdom,2009-12-05,2011-06-07,16,2952.06,Loyal,2,3,5,5,,,,False,Không đủ điều kiện chấm điểm
17642,United Kingdom,2009-12-05,2011-08-12,5,1824.49,Loyal,2,3,4,4,0.637,230.793,1348.0,False,Đã chấm điểm
13813,Germany,2009-12-06,2011-10-31,8,2360.52,Champions,1,4,4,4,0.331,257.826,1117.0,False,Đã chấm điểm
13589,United Kingdom,2009-12-06,2011-11-25,6,1120.74,Champions,3,5,4,3,0.64,121.491,2595.0,False,Đã chấm điểm
12417,Belgium,2009-12-06,2011-12-06,20,5978.46,Champions,1,5,5,5,0.189,171.651,1967.0,False,Đã chấm điểm
17920,United Kingdom,2009-12-06,2011-12-05,54,23569.88,Champions,1,5,5,5,0.047,58.445,3293.0,False,Đã chấm điểm
12975,United Kingdom,2009-12-06,2010-09-29,6,2006.74,At Risk,2,1,4,4,,,,False,Không đủ điều kiện chấm điểm
16104,United Kingdom,2009-12-06,2011-10-09,9,2740.71,Loyal,2,3,5,4,0.743,221.519,1436.0,False,Đã chấm điểm
17150,United Kingdom,2009-12-06,2010-11-28,6,1357.95,At Risk,2,2,4,4,,,,False,Không đủ điều kiện chấm điểm
16277,United Kingdom,2009-12-06,2009-12-06,1,188.69,Hibernating,0,1,1,1,,,,False,Không đủ điều kiện chấm điểm
17244,United Kingdom,2009-12-06,2011-10-17,5,1826.04,Champions,2,4,4,4,0.732,699.424,128.0,True,Đã chấm điểm
15260,United Kingdom,2009-12-06,2011-08-31,25,8632.88,Loyal,1,3,5,5,0.445,217.365,1475.0,False,Đã chấm điểm
12583,France,2009-12-06,2011-12-07,27,12432.74,Champions,1,5,5,5,0.053,99.304,2887.0,False,Đã chấm điểm
15555,United Kingdom,2009-12-06,2011-11-27,35,10956.88,Champions,1,5,5,5,0.053,76.09,3139.0,False,Đã chấm điểm
13736,United Kingdom,2009-12-06,2011-12-04,7,2740.32,Champions,1,5,4,4,0.676,170.206,1979.0,False,Đã chấm điểm
14133,United Kingdom,2009-12-06,2011-08-02,4,911.14,Loyal,2,3,3,3,0.822,163.687,2045.0,False,Đã chấm điểm
15571,United Kingdom,2009-12-06,2011-11-28,14,3892.35,Champions,1,5,5,5,0.315,204.668,1594.0,False,Đã chấm điểm
13448,United Kingdom,2009-12-06,2011-11-23,12,8283.87,Champions,1,5,5,5,0.44,483.744,295.0,True,Đã chấm điểm
17085,United Kingdom,2009-12-06,2011-08-08,27,7724.17,Loyal,1,3,5,5,0.602,127.78,2526.0,False,Đã chấm điểm
15059,United Kingdom,2009-12-06,2011-10-30,19,3468.65,Champions,1,4,5,5,0.372,150.089,2226.0,False,Đã chấm điểm
14468,United Kingdom,2009-12-06,2009-12-06,1,204.24,Hibernating,0,1,1,1,,,,False,Không đủ điều kiện chấm điểm
16395,United Kingdom,2009-12-06,2011-10-10,14,3490.66,Loyal,1,3,5,5,0.431,236.624,1301.0,False,Đã chấm điểm
16485,United Kingdom,2009-12-06,2011-09-23,5,2248.49,Loyal,2,3,4,4,0.75,272.692,1007.0,False,Đã chấm điểm
15878,United Kingdom,2009-12-06,2010-05-27,2,330.77,Hibernating,0,1,2,2,,,,False,Không đủ điều kiện chấm điểm
15860,United Kingdom,2009-12-06,2011-10-30,17,2358.8,Champions,1,4,5,4,0.31,95.246,2932.0,False,Đã chấm điểm
13373,United Kingdom,2009-12-06,2011-10-10,6,7587.19,Loyal,1,3,4,5,0.523,687.779,133.0,True,Đã chấm điểm
14608,United Kingdom,2009-12-06,2011-12-05,10,3342.94,Champions,1,5,5,5,0.406,641.489,161.0,True,Đã chấm điểm
14896,United Kingdom,2009-12-06,2011-05-19,8,1799.0,At Risk,2,2,4,4,,,,False,Không đủ điều kiện chấm điểm
16964,United Kingdom,2009-12-06,2009-12-06,2,207.85,Hibernating,0,1,2,1,,,,False,Không đủ điều kiện chấm điểm
15983,United Kingdom,2009-12-06,2011-11-17,8,3110.37,Champions,1,4,4,5,0.724,236.521,1302.0,False,Đã chấm điểm
13782,United Kingdom,2009-12-06,2011-11-27,13,1778.13,Champions,1,5,5,4,0.422,115.846,2679.0,False,Đã chấm điểm
14454,United Kingdom,2009-12-06,2010-11-28,5,977.3,At Risk,2,2,4,3,,,,False,Không đủ điều kiện chấm điểm
14717,United Kingdom,2009-12-06,2009-12-06,1,81.3,Hibernating,0,1,1,1,,,,False,Không đủ điều kiện chấm điểm
16718,United Kingdom,2009-12-06,2010-12-05,5,3006.08,At Risk,2,2,4,5,,,,False,Không đủ điều kiện chấm điểm
15751,United Kingdom,2009-12-06,2010-09-05,10,1326.79,At Risk,2,1,5,4,,,,False,Không đủ điều kiện chấm điểm
14546,United Kingdom,2009-12-06,2011-12-04,11,5107.46,Champions,1,5,5,5,0.274,251.6,1165.0,False,Đã chấm điểm
17848,United Kingdom,2009-12-06,2011-09-19,30,3538.46,Loyal,1,3,5,5,0.484,119.767,2622.0,False,Đã chấm điểm
17561,United Kingdom,2009-12-06,2011-11-20,4,703.02,Potential Loyalist,3,4,3,3,0.729,120.324,2611.0,False,Đã chấm điểm
15547,United Kingdom,2009-12-06,2011-12-02,26,10002.65,Champions,1,5,5,5,0.124,147.223,2266.0,False,Đã chấm điểm
17406,United Kingdom,2009-12-06,2011-01-10,13,3891.95,At Risk,2,2,5,5,,,,False,Không đủ điều kiện chấm điểm
14479,United Kingdom,2009-12-06,2011-03-31,4,1124.71,At Risk,2,2,3,3,,,,False,Không đủ điều kiện chấm điểm
17969,United Kingdom,2009-12-06,2011-06-26,20,2209.24,Loyal,2,3,5,4,0.803,44.556,3374.0,False,Đã chấm điểm
14548,United Kingdom,2009-12-06,2011-07-12,9,2541.29,Loyal,2,3,5,4,0.749,145.624,2282.0,False,Đã chấm điểm
17916,United Kingdom,2009-12-06,2010-03-21,2,43.87,Hibernating,0,1,2,1,,,,False,Không đủ điều kiện chấm điểm
13319,United Kingdom,2009-12-06,2011-12-04,58,21189.07,Champions,1,5,5,5,0.024,64.972,3238.0,False,Đã chấm điểm
16773,United Kingdom,2009-12-06,2011-10-13,3,421.24,Potential Loyalist,3,4,3,2,0.747,128.132,2521.0,False,Đã chấm điểm
15479,United Kingdom,2009-12-06,2009-12-06,1,147.4,Hibernating,0,1,1,1,,,,False,Không đủ điều kiện chấm điểm
15822,United Kingdom,2009-12-06,2011-12-06,6,1840.06,Champions,3,5,4,4,0.576,256.473,1130.0,False,Đã chấm điểm
13890,United Kingdom,2009-12-06,2011-12-08,14,2897.38,Champions,1,5,5,5,0.163,230.543,1349.0,False,Đã chấm điểm
13211,United Kingdom,2009-12-06,2011-11-29,10,2618.77,Champions,1,5,5,4,0.537,495.758,279.0,True,Đã chấm điểm
15641,United Kingdom,2009-12-06,2011-08-26,12,5345.55,Loyal,1,3,5,5,0.627,243.32,1246.0,False,Đã chấm điểm
14123,United Kingdom,2009-12-06,2009-12-06,1,436.18,Hibernating,0,1,1,2,,,,False,Không đủ điều kiện chấm điểm
13019,United Kingdom,2009-12-06,2010-11-25,6,1229.95,At Risk,2,2,4,4,,,,False,Không đủ điều kiện chấm điểm
17858,United Kingdom,2009-12-06,2011-12-04,30,12518.65,Champions,1,5,5,5,0.108,110.559,2761.0,False,Đã chấm điểm
14940,United Kingdom,2009-12-06,2010-10-18,2,531.49,Hibernating,0,1,2,2,,,,False,Không đủ điều kiện chấm điểm
16686,United Kingdom,2009-12-06,2011-10-23,16,4851.82,Champions,1,4,5,5,0.246,210.336,1544.0,False,Đã chấm điểm
15691,United Kingdom,2009-12-06,2011-04-01,4,511.8,At Risk,2,2,3,2,,,,False,Không đủ điều kiện chấm điểm
16436,United Kingdom,2009-12-06,2010-02-09,3,319.14,At Risk,0,1,3,2,,,,False,Không đủ điều kiện chấm điểm
17610,United Kingdom,2009-12-06,2010-06-17,5,1491.69,At Risk,2,1,4,4,,,,False,Không đủ điều kiện chấm điểm
17530,United Kingdom,2009-12-06,2011-12-08,12,2787.1,Champions,1,5,5,4,0.177,117.109,2656.0,False,Đã chấm điểm
13491,United Kingdom,2009-12-07,2011-10-19,27,4467.66,Champions,1,4,5,5,0.476,66.904,3219.0,False,Đã chấm điểm
14003,United Kingdom,2009-12-07,2009-12-07,1,209.41,Hibernating,0,1,1,1,,,,False,Không đủ điều kiện chấm điểm
12839,United Kingdom,2009-12-07,2011-12-07,26,9624.27,Champions,1,5,5,5,0.048,96.753,2915.0,False,Đã chấm điểm
17557,United Kingdom,2009-12-07,2011-11-25,4,575.46,Potential Loyalist,3,5,3,2,0.475,257.432,1123.0,False,Đã chấm điểm
14738,United Kingdom,2009-12-07,2011-10-28,9,1797.39,Champions,2,4,5,4,0.281,113.333,2730.0,False,Đã chấm điểm
16124,United Kingdom,2009-12-07,2011-01-26,4,1772.49,At Risk,2,2,3,4,,,,False,Không đủ điều kiện chấm điểm
12471,Germany,2009-12-07,2011-12-07,71,34755.25,Champions,1,5,5,5,0.018,72.721,3169.0,False,Đã chấm điểm
17739,United Kingdom,2009-12-07,2011-11-28,18,7730.59,Champions,1,5,5,5,0.298,286.677,918.0,False,Đã chấm điểm
16556,United Kingdom,2009-12-07,2011-10-04,17,7700.58,Loyal,1,3,5,5,0.215,185.967,1789.0,False,Đã chấm điểm
14695,United Kingdom,2009-12-07,2010-07-08,3,1534.22,At Risk,2,1,3,4,,,,False,Không đủ điều kiện chấm điểm
14828,United Kingdom,2009-12-07,2011-05-27,13,9772.26,At Risk,1,2,5,5,,,,False,Không đủ điều kiện chấm điểm
15115,United Kingdom,2009-12-07,2011-11-21,2,531.85,Potential Loyalist,3,5,2,2,0.703,239.129,1281.0,False,Đã chấm điểm
13693,United Kingdom,2009-12-07,2010-11-30,9,1996.97,At Risk,2,2,5,4,,,,False,Không đủ điều kiện chấm điểm
14955,United Kingdom,2009-12-07,2009-12-07,1,163.77,Hibernating,0,1,1,1,,,,False,Không đủ điều kiện chấm điểm
14037,United Kingdom,2009-12-07,2011-06-16,6,722.2,Loyal,2,3,4,3,0.823,14.815,3449.0,False,Đã chấm điểm
18077,United Kingdom,2009-12-07,2011-12-01,18,4078.79,Champions,1,5,5,5,0.149,110.953,2757.0,False,Đã chấm điểm
13905,United Kingdom,2009-12-07,2009-12-07,1,312.65,Hibernating,0,1,1,2,,,,False,Không đủ điều kiện chấm điểm
17508,Greece,2009-12-07,2011-03-04,8,4579.23,At Risk,2,2,4,5,,,,False,Không đủ điều kiện chấm điểm
16768,United Kingdom,2009-12-07,2011-10-23,9,1649.32,Champions,2,4,5,4,0.566,140.265,2343.0,False,Đã chấm điểm
13984,United Kingdom,2009-12-07,2011-11-13,11,1461.32,Champions,1,4,5,4,0.618,89.072,2990.0,False,Đã chấm điểm
13495,United Kingdom,2009-12-07,2011-12-02,10,4774.21,Champions,1,5,5,5,0.568,258.833,1102.0,False,Đã chấm điểm
13190,United Kingdom,2009-12-07,2010-06-13,3,570.66,At Risk,0,1,3,2,,,,False,Không đủ điều kiện chấm điểm
14408,United Kingdom,2009-12-07,2011-11-29,11,4102.27,Champions,1,5,5,5,0.254,224.072,1406.0,False,Đã chấm điểm
15358,United Kingdom,2009-12-07,2011-12-05,42,16364.91,Champions,1,5,5,5,0.028,50.028,3334.0,False,Đã chấm điểm
17707,United Kingdom,2009-12-07,2011-06-07,8,609.3,Loyal,2,3,4,3,,,,False,Không đủ điều kiện chấm điểm
17044,United Kingdom,2009-12-07,2011-11-14,12,11962.3,Champions,1,4,5,5,0.721,683.698,137.0,True,Đã chấm điểm
14471,United Kingdom,2009-12-07,2010-04-27,2,400.95,Hibernating,0,1,2,2,,,,False,Không đủ điều kiện chấm điểm
17436,United Kingdom,2009-12-07,2011-12-08,5,534.06,Potential Loyalist,3,5,4,2,0.702,60.203,3277.0,False,Đã chấm điểm
13234,United Kingdom,2009-12-07,2010-02-05,2,346.5,Hibernating,0,1,2,2,,,,False,Không đủ điều kiện chấm điểm
14574,United Kingdom,2009-12-07,2009-12-07,1,143.7,Hibernating,0,1,1,1,,,,False,Không đủ điều kiện chấm điểm
15716,United Kingdom,2009-12-07,2011-07-17,11,2482.74,Loyal,2,3,5,4,0.59,117.687,2652.0,False,Đã chấm điểm
16684,United Kingdom,2009-12-07,2011-12-05,53,141193.97,Champions,1,5,5,5,0.036,688.382,132.0,True,Đã chấm điểm
14540,United Kingdom,2009-12-07,2011-11-30,11,3709.64,Champions,1,5,5,5,0.504,381.66,507.0,False,Đã chấm điểm
14307,United Kingdom,2009-12-07,2011-09-12,10,4287.92,Loyal,2,3,5,5,0.365,257.367,1125.0,False,Đã chấm điểm
18219,United Kingdom,2009-12-07,2011-12-07,17,3302.7,Champions,1,5,5,5,0.208,121.529,2594.0,False,Đã chấm điểm
12747,United Kingdom,2009-12-07,2011-12-07,26,8853.48,Champions,1,5,5,5,0.17,201.37,1630.0,False,Đã chấm điểm
18162,United Kingdom,2009-12-07,2009-12-07,1,371.51,Hibernating,0,1,1,2,,,,False,Không đủ điều kiện chấm điểm
17441,United Kingdom,2009-12-07,2009-12-07,1,293.35,Hibernating,0,1,1,2,,,,False,Không đủ điều kiện chấm điểm
17988,United Kingdom,2009-12-07,2011-11-28,13,475.74,Champions,3,5,5,2,0.483,33.838,3407.0,False,Đã chấm điểm
12600,Germany,2009-12-07,2011-11-11,20,4385.85,Champions,1,4,5,5,0.184,106.134,2815.0,False,Đã chấm điểm
12523,France,2009-12-07,2011-11-20,23,3915.95,Champions,1,4,5,5,0.134,64.146,3246.0,False,Đã chấm điểm
13206,United Kingdom,2009-12-07,2010-11-04,13,8308.19,At Risk,2,2,5,5,,,,False,Không đủ điều kiện chấm điểm
14512,United Kingdom,2009-12-07,2011-06-05,7,1215.97,At Risk,2,2,4,4,,,,False,Không đủ điều kiện chấm điểm
16353,United Kingdom,2009-12-07,2011-12-06,38,9795.46,Champions,1,5,5,5,0.037,80.494,3096.0,False,Đã chấm điểm
16018,United Kingdom,2009-12-07,2011-10-31,4,698.13,Potential Loyalist,3,4,3,3,0.641,130.402,2491.0,False,Đã chấm điểm
14670,United Kingdom,2009-12-07,2011-03-04,3,583.33,At Risk,2,2,3,2,,,,False,Không đủ điều kiện chấm điểm
14590,United Kingdom,2009-12-07,2010-10-11,20,2977.92,At Risk,2,1,5,5,,,,False,Không đủ điều kiện chấm điểm
13070,United Kingdom,2009-12-07,2011-05-31,4,751.7,At Risk,2,2,3,3,,,,False,Không đủ điều kiện chấm điểm
17457,United Kingdom,2009-12-07,2011-08-05,14,5984.81,Loyal,1,3,5,5,0.487,176.686,1916.0,False,Đã chấm điểm
15421,United Kingdom,2009-12-07,2011-10-12,10,3805.34,Champions,1,4,5,5,0.638,174.226,1941.0,False,Đã chấm điểm
17990,United Kingdom,2009-12-07,2011-04-17,6,1527.61,At Risk,2,2,4,4,,,,False,Không đủ điều kiện chấm điểm
13148,United Kingdom,2009-12-07,2011-11-10,26,8237.48,Champions,1,4,5,5,0.19,161.495,2079.0,False,Đã chấm điểm
17364,United Kingdom,2009-12-07,2011-12-09,27,11572.0,Champions,1,5,5,5,0.112,138.778,2366.0,False,Đã chấm điểm
13042,United Kingdom,2009-12-07,2010-04-20,3,1488.59,At Risk,2,1,3,4,,,,False,Không đủ điều kiện chấm điểm
12443,Norway,2009-12-07,2009-12-07,1,365.31,Hibernating,0,1,1,2,,,,False,Không đủ điều kiện chấm điểm
15694,United Kingdom,2009-12-07,2011-12-09,23,9907.68,Champions,1,5,5,5,0.101,177.309,1910.0,False,Đã chấm điểm
16717,United Kingdom,2009-12-07,2011-11-16,13,5944.31,Champions,1,4,5,5,0.223,347.211,615.0,False,Đã chấm điểm
17231,United Kingdom,2009-12-07,2011-11-27,25,6975.03,Champions,1,5,5,5,0.15,122.307,2584.0,False,Đã chấm điểm
16702,United Kingdom,2009-12-07,2010-10-20,4,1109.53,At Risk,2,1,3,3,,,,False,Không đủ điều kiện chấm điểm
13267,United Kingdom,2009-12-07,2011-12-07,36,9344.71,Champions,1,5,5,5,0.06,68.055,3204.0,False,Đã chấm điểm
12540,Spain,2009-12-07,2011-11-20,32,19093.59,Champions,1,4,5,5,0.033,107.508,2794.0,False,Đã chấm điểm
17270,United Kingdom,2009-12-07,2010-08-27,2,601.45,At Risk,0,1,2,3,,,,False,Không đủ điều kiện chấm điểm
13393,United Kingdom,2009-12-07,2010-05-05,4,1131.45,At Risk,2,1,3,3,,,,False,Không đủ điều kiện chấm điểm
14113,United Kingdom,2009-12-08,2011-12-06,16,6787.15,Champions,1,5,5,5,0.398,559.865,221.0,True,Đã chấm điểm
15369,United Kingdom,2009-12-08,2010-08-04,11,6251.26,At Risk,2,1,5,5,,,,False,Không đủ điều kiện chấm điểm
12358,Austria,2009-12-08,2011-12-08,5,3447.07,Champions,1,5,4,5,0.646,357.391,585.0,False,Đã chấm điểm
18259,United Kingdom,2009-12-08,2011-11-15,7,3941.9,Champions,1,4,4,5,0.517,1015.319,57.0,True,Đã chấm điểm
17047,United Kingdom,2009-12-08,2011-09-15,6,2289.23,Loyal,2,3,4,4,0.526,253.014,1152.0,False,Đã chấm điểm
14136,United Kingdom,2009-12-08,2010-11-04,5,1559.86,At Risk,2,2,4,4,,,,False,Không đủ điều kiện chấm điểm
16735,United Kingdom,2009-12-08,2011-09-22,13,5620.56,Loyal,1,3,5,5,0.394,236.422,1303.0,False,Đã chấm điểm
14215,United Kingdom,2009-12-08,2011-11-28,9,3250.33,Champions,1,5,5,5,0.498,207.866,1569.0,False,Đã chấm điểm
15971,United Kingdom,2009-12-08,2011-11-22,18,5897.88,Champions,1,5,5,5,0.133,154.531,2163.0,False,Đã chấm điểm
13382,United Kingdom,2009-12-08,2011-03-04,5,1387.58,At Risk,2,2,4,4,,,,False,Không đủ điều kiện chấm điểm
13025,United Kingdom,2009-12-08,2009-12-08,1,323.39,Hibernating,0,1,1,2,,,,False,Không đủ điều kiện chấm điểm
16013,United Kingdom,2009-12-08,2011-12-06,78,50885.79,Champions,1,5,5,5,0.015,140.584,2340.0,False,Đã chấm điểm
14558,United Kingdom,2009-12-08,2010-02-23,3,655.5,At Risk,0,1,3,3,,,,False,Không đủ điều kiện chấm điểm
18002,United Kingdom,2009-12-08,2010-11-29,4,237.62,Hibernating,0,2,3,1,,,,False,Không đủ điều kiện chấm điểm
17854,United Kingdom,2009-12-08,2011-06-07,6,1068.5,Loyal,2,3,4,3,,,,False,Không đủ điều kiện chấm điểm
15079,United Kingdom,2009-12-08,2011-05-11,11,3574.65,At Risk,2,2,5,5,,,,False,Không đủ điều kiện chấm điểm
16029,United Kingdom,2009-12-08,2011-11-01,100,86047.43,Champions,1,4,5,5,0.1,1104.023,48.0,True,Đã chấm điểm
18271,United Kingdom,2009-12-08,2010-04-09,2,680.85,At Risk,0,1,2,3,,,,False,Không đủ điều kiện chấm điểm
14290,United Kingdom,2009-12-08,2011-11-28,8,4516.56,Champions,1,5,4,5,0.266,409.196,428.0,True,Đã chấm điểm
17268,United Kingdom,2009-12-08,2011-08-24,11,1733.89,Loyal,2,3,5,4,0.595,166.369,2010.0,False,Đã chấm điểm
17067,United Kingdom,2009-12-08,2009-12-15,3,454.54,At Risk,0,1,3,2,,,,False,Không đủ điều kiện chấm điểm
16560,United Kingdom,2009-12-08,2011-11-13,8,3010.73,Champions,1,4,4,5,0.698,338.151,653.0,False,Đã chấm điểm
14861,United Kingdom,2009-12-08,2011-10-18,10,1321.33,Champions,2,4,5,4,0.748,94.15,2937.0,False,Đã chấm điểm
17371,United Kingdom,2009-12-08,2011-11-22,6,651.37,Champions,3,5,4,3,0.673,219.732,1457.0,False,Đã chấm điểm
18145,United Kingdom,2009-12-08,2011-11-27,11,5592.04,Champions,1,5,5,5,0.413,408.161,430.0,True,Đã chấm điểm
16400,United Kingdom,2009-12-08,2011-09-06,9,3059.85,Loyal,2,3,5,5,0.689,198.406,1650.0,False,Đã chấm điểm
15093,United Kingdom,2009-12-08,2011-11-21,22,12833.58,Champions,1,5,5,5,0.422,366.144,563.0,False,Đã chấm điểm
13643,United Kingdom,2009-12-08,2011-11-08,10,2156.77,Champions,1,4,5,4,0.522,131.31,2472.0,False,Đã chấm điểm
17852,United Kingdom,2009-12-08,2011-11-28,5,657.81,Champions,3,5,4,3,0.689,78.806,3110.0,False,Đã chấm điểm
15456,United Kingdom,2009-12-08,2011-03-01,10,2091.52,At Risk,2,2,5,4,,,,False,Không đủ điều kiện chấm điểm
13571,United Kingdom,2009-12-08,2011-11-27,26,4537.26,Champions,1,5,5,5,0.114,84.494,3037.0,False,Đã chấm điểm
16732,United Kingdom,2009-12-08,2011-11-08,4,4334.54,Champions,2,4,3,5,0.718,433.339,387.0,True,Đã chấm điểm
16940,United Kingdom,2009-12-08,2011-10-18,8,6374.56,Champions,1,4,4,5,0.508,616.294,175.0,True,Đã chấm điểm
15162,United Kingdom,2009-12-08,2009-12-08,1,312.9,Hibernating,0,1,1,2,,,,False,Không đủ điều kiện chấm điểm
18203,United Kingdom,2009-12-08,2011-07-05,4,482.52,Loyal,2,3,3,2,0.798,72.875,3167.0,False,Đã chấm điểm
14494,United Kingdom,2009-12-08,2011-11-14,3,401.46,Potential Loyalist,3,4,3,2,0.762,106.31,2813.0,False,Đã chấm điểm
17978,United Kingdom,2009-12-08,2010-12-09,4,1159.99,At Risk,2,2,3,3,,,,False,Không đủ điều kiện chấm điểm
15031,United Kingdom,2009-12-08,2011-12-05,14,3049.69,Champions,1,5,5,5,0.514,209.284,1555.0,False,Đã chấm điểm
14085,United Kingdom,2009-12-08,2011-12-07,32,9692.92,Champions,1,5,5,5,0.097,76.964,3125.0,False,Đã chấm điểm
17230,United Kingdom,2009-12-08,2011-03-20,18,9226.25,At Risk,1,2,5,5,,,,False,Không đủ điều kiện chấm điểm
13410,United Kingdom,2009-12-08,2011-11-15,9,2201.96,Champions,1,4,5,4,0.533,136.674,2393.0,False,Đã chấm điểm
14063,United Kingdom,2009-12-08,2010-01-22,7,9471.5,At Risk,2,1,4,5,,,,False,Không đủ điều kiện chấm điểm
12785,Portugal,2009-12-08,2010-12-10,3,889.55,At Risk,2,2,3,3,,,,False,Không đủ điều kiện chấm điểm
13081,United Kingdom,2009-12-08,2011-11-28,28,56183.07,Champions,1,5,5,5,0.207,1465.891,24.0,True,Đã chấm điểm
14605,United Kingdom,2009-12-08,2010-11-30,4,920.71,At Risk,2,2,3,3,,,,False,Không đủ điều kiện chấm điểm
14285,United Kingdom,2009-12-08,2011-11-18,8,3284.42,Champions,1,4,4,5,0.345,335.411,666.0,False,Đã chấm điểm
16892,United Kingdom,2009-12-08,2011-12-08,7,754.75,Champions,3,5,4,3,0.456,115.643,2686.0,False,Đã chấm điểm
13204,United Kingdom,2009-12-08,2009-12-08,1,966.66,Hibernating,0,1,1,3,,,,False,Không đủ điều kiện chấm điểm
15924,United Kingdom,2009-12-08,2009-12-08,1,102.82,Hibernating,0,1,1,1,,,,False,Không đủ điều kiện chấm điểm
15823,United Kingdom,2009-12-08,2009-12-10,2,3326.81,At Risk,2,1,2,5,,,,False,Không đủ điều kiện chấm điểm
13576,United Kingdom,2009-12-08,2011-11-29,28,11173.99,Champions,1,5,5,5,0.032,54.791,3318.0,False,Đã chấm điểm
17178,United Kingdom,2009-12-08,2009-12-08,1,432.96,Hibernating,0,1,1,2,,,,False,Không đủ điều kiện chấm điểm
13798,United Kingdom,2009-12-08,2011-12-08,109,74279.31,Champions,1,5,5,5,0.014,119.232,2629.0,False,Đã chấm điểm
18275,United Kingdom,2009-12-08,2010-05-10,2,741.85,At Risk,0,1,2,3,,,,False,Không đủ điều kiện chấm điểm
13855,United Kingdom,2009-12-08,2010-07-27,4,1310.34,At Risk,2,1,3,4,,,,False,Không đủ điều kiện chấm điểm
15298,United Kingdom,2009-12-08,2011-12-07,23,9008.27,Champions,1,5,5,5,0.119,159.058,2111.0,False,Đã chấm điểm
15674,United Kingdom,2009-12-08,2011-09-27,11,5888.17,Loyal,1,3,5,5,0.427,271.05,1017.0,False,Đã chấm điểm
14679,United Kingdom,2009-12-08,2010-11-23,3,1289.44,At Risk,2,2,3,4,,,,False,Không đủ điều kiện chấm điểm
16253,United Kingdom,2009-12-08,2011-10-04,7,7222.2,Loyal,1,3,4,5,0.421,545.167,234.0,True,Đã chấm điểm
13557,United Kingdom,2009-12-08,2011-11-11,13,3019.66,Champions,1,4,5,5,0.726,249.397,1174.0,False,Đã chấm điểm
16204,United Kingdom,2009-12-08,2011-11-16,3,918.71,Potential Loyalist,3,4,3,3,0.729,279.917,971.0,False,Đã chấm điểm
15633,United Kingdom,2009-12-08,2010-07-18,13,4246.86,At Risk,2,1,5,5,,,,False,Không đủ điều kiện chấm điểm
15203,United Kingdom,2009-12-08,2011-11-14,15,4400.18,Champions,1,4,5,5,0.236,172.349,1962.0,False,Đã chấm điểm
13136,United Kingdom,2009-12-08,2011-10-14,13,6225.06,Champions,1,4,5,5,0.237,260.776,1090.0,False,Đã chấm điểm
15181,United Kingdom,2009-12-08,2011-10-04,5,1200.2,Loyal,2,3,4,4,0.479,110.005,2766.0,False,Đã chấm điểm
17188,United Kingdom,2009-12-08,2011-11-28,13,4575.23,Champions,1,5,5,5,0.542,310.395,782.0,False,Đã chấm điểm
13455,United Kingdom,2009-12-09,2011-11-15,6,2159.89,Champions,3,4,4,4,0.732,267.622,1036.0,False,Đã chấm điểm
13114,United Kingdom,2009-12-09,2009-12-09,1,234.38,Hibernating,0,1,1,1,,,,False,Không đủ điều kiện chấm điểm
13768,United Kingdom,2009-12-09,2009-12-13,2,875.97,At Risk,0,1,2,3,,,,False,Không đủ điều kiện chấm điểm
14291,United Kingdom,2009-12-09,2011-12-08,23,7864.3,Champions,1,5,5,5,0.124,153.032,2187.0,False,Đã chấm điểm
12712,Germany,2009-12-09,2011-11-11,21,5766.73,Champions,1,4,5,5,0.119,111.584,2751.0,False,Đã chấm điểm
14732,United Kingdom,2009-12-09,2011-12-01,19,5477.77,Champions,1,5,5,5,0.186,152.604,2193.0,False,Đã chấm điểm
13202,United Kingdom,2009-12-09,2010-11-10,7,1580.3,At Risk,2,2,4,4,,,,False,Không đủ điều kiện chấm điểm
16945,United Kingdom,2009-12-09,2011-11-18,33,8533.16,Champions,1,4,5,5,0.057,64.021,3248.0,False,Đã chấm điểm
12487,Sweden,2009-12-09,2009-12-09,1,285.3,Hibernating,0,1,1,2,,,,False,Không đủ điều kiện chấm điểm
13672,United Kingdom,2009-12-09,2011-02-11,2,295.66,Hibernating,0,2,2,2,,,,False,Không đủ điều kiện chấm điểm
17929,United Kingdom,2009-12-09,2011-11-28,12,3082.1,Champions,1,5,5,5,0.574,130.955,2481.0,False,Đã chấm điểm
16771,United Kingdom,2009-12-09,2011-11-06,10,3921.1,Champions,1,4,5,5,0.491,289.89,896.0,False,Đã chấm điểm
16782,United Kingdom,2009-12-09,2011-11-29,38,9345.07,Champions,1,5,5,5,0.144,60.85,3272.0,False,Đã chấm điểm
18051,United Kingdom,2009-12-09,2010-03-15,7,2282.28,At Risk,2,1,4,4,,,,False,Không đủ điều kiện chấm điểm
16912,United Kingdom,2009-12-09,2011-11-11,15,4437.11,Champions,1,4,5,5,0.268,210.405,1542.0,False,Đã chấm điểm
12924,United Kingdom,2009-12-09,2011-09-12,12,2457.7,Loyal,2,3,5,4,0.601,175.61,1930.0,False,Đã chấm điểm
15403,United Kingdom,2009-12-09,2010-08-05,2,170.88,Hibernating,0,1,2,1,,,,False,Không đủ điều kiện chấm điểm
14173,United Kingdom,2009-12-09,2011-11-29,6,586.0,Potential Loyalist,3,5,4,2,0.537,99.096,2889.0,False,Đã chấm điểm
14211,United Kingdom,2009-12-09,2011-10-17,18,4356.69,Champions,1,4,5,5,0.183,122.445,2583.0,False,Đã chấm điểm
14593,United Kingdom,2009-12-09,2011-11-18,12,3658.03,Champions,1,4,5,5,0.719,200.797,1632.0,False,Đã chấm điểm
16802,United Kingdom,2009-12-09,2010-01-29,2,582.61,Hibernating,0,1,2,2,,,,False,Không đủ điều kiện chấm điểm
14295,United Kingdom,2009-12-09,2011-10-30,4,2352.91,Champions,2,4,3,4,0.753,125.174,2551.0,False,Đã chấm điểm
15302,United Kingdom,2009-12-09,2009-12-09,1,291.05,Hibernating,0,1,1,2,,,,False,Không đủ điều kiện chấm điểm
16709,United Kingdom,2009-12-09,2011-09-16,14,9056.01,Loyal,1,3,5,5,0.376,262.525,1076.0,False,Đã chấm điểm
17954,United Kingdom,2009-12-09,2011-12-04,19,3764.73,Champions,1,5,5,5,0.172,92.094,2965.0,False,Đã chấm điểm
13727,United Kingdom,2009-12-09,2011-11-11,8,1061.4,Champions,3,4,4,3,0.613,204.588,1595.0,False,Đã chấm điểm
15911,United Kingdom,2009-12-09,2010-03-26,8,1683.79,At Risk,2,1,4,4,,,,False,Không đủ điều kiện chấm điểm
14990,United Kingdom,2009-12-09,2010-04-06,2,304.17,Hibernating,0,1,2,2,,,,False,Không đủ điều kiện chấm điểm
16705,United Kingdom,2009-12-09,2011-12-09,42,43010.95,Champions,1,5,5,5,0.043,164.674,2032.0,False,Đã chấm điểm
13141,United Kingdom,2009-12-09,2011-09-16,17,7636.28,Loyal,1,3,5,5,0.418,298.282,848.0,False,Đã chấm điểm
12709,Germany,2009-12-09,2011-11-24,32,29409.88,Champions,1,5,5,5,0.062,138.127,2374.0,False,Đã chấm điểm
14171,United Kingdom,2009-12-09,2011-09-02,2,498.79,Need Attention,0,3,2,2,0.717,237.147,1298.0,False,Đã chấm điểm
13983,United Kingdom,2009-12-09,2011-11-10,21,6737.52,Champions,1,4,5,5,0.196,108.403,2783.0,False,Đã chấm điểm
17296,United Kingdom,2009-12-09,2009-12-09,1,338.13,Hibernating,0,1,1,2,,,,False,Không đủ điều kiện chấm điểm
17631,United Kingdom,2009-12-09,2011-12-08,7,998.49,Champions,3,5,4,3,0.612,124.89,2557.0,False,Đã chấm điểm
17449,United Kingdom,2009-12-09,2011-12-07,13,4770.15,Champions,1,5,5,5,0.39,222.172,1429.0,False,Đã chấm điểm
17184,United Kingdom,2009-12-09,2010-05-19,2,198.41,Hibernating,0,1,2,1,,,,False,Không đủ điều kiện chấm điểm
14107,United Kingdom,2009-12-09,2011-10-19,11,4877.3,Champions,1,4,5,5,0.32,230.307,1350.0,False,Đã chấm điểm
12917,United Kingdom,2009-12-09,2011-08-03,6,4359.2,Loyal,2,3,4,5,0.768,318.336,736.0,False,Đã chấm điểm
16755,United Kingdom,2009-12-09,2011-08-17,7,2858.83,Loyal,2,3,4,5,0.532,243.088,1249.0,False,Đã chấm điểm
13825,United Kingdom,2009-12-09,2010-03-28,2,255.59,Hibernating,0,1,2,1,,,,False,Không đủ điều kiện chấm điểm
13770,United Kingdom,2009-12-09,2010-10-13,4,785.37,At Risk,2,1,3,3,,,,False,Không đủ điều kiện chấm điểm
14505,United Kingdom,2009-12-09,2011-11-22,19,11806.53,Champions,1,5,5,5,0.171,257.564,1121.0,False,Đã chấm điểm
15441,United Kingdom,2009-12-09,2010-11-08,3,1254.21,At Risk,2,2,3,4,,,,False,Không đủ điều kiện chấm điểm
16933,United Kingdom,2009-12-09,2011-12-08,9,3069.95,Champions,1,5,5,5,0.698,146.028,2277.0,False,Đã chấm điểm
13426,United Kingdom,2009-12-09,2011-12-09,22,8167.38,Champions,1,5,5,5,0.145,153.954,2171.0,False,Đã chấm điểm
17043,United Kingdom,2009-12-09,2011-11-07,8,2593.65,Champions,1,4,4,4,0.375,219.371,1459.0,False,Đã chấm điểm
13498,United Kingdom,2009-12-09,2009-12-09,1,327.38,Hibernating,0,1,1,2,,,,False,Không đủ điều kiện chấm điểm
16186,United Kingdom,2009-12-09,2011-11-17,26,8598.43,Champions,1,4,5,5,0.069,93.723,2944.0,False,Đã chấm điểm
18065,United Kingdom,2009-12-09,2011-12-04,28,5846.63,Champions,1,5,5,5,0.285,191.811,1731.0,False,Đã chấm điểm
17880,United Kingdom,2009-12-09,2010-12-10,3,824.92,At Risk,2,2,3,3,,,,False,Không đủ điều kiện chấm điểm
13848,United Kingdom,2009-12-09,2011-09-08,8,3015.0,Loyal,2,3,4,5,0.744,230.292,1351.0,False,Đã chấm điểm
15077,United Kingdom,2009-12-09,2010-08-02,2,2428.08,At Risk,2,1,2,4,,,,False,Không đủ điều kiện chấm điểm
13728,United Kingdom,2009-12-09,2011-11-03,16,2855.17,Champions,1,4,5,5,0.413,124.917,2556.0,False,Đã chấm điểm
15209,United Kingdom,2009-12-09,2009-12-09,1,178.98,Hibernating,0,1,1,1,,,,False,Không đủ điều kiện chấm điểm
15841,United Kingdom,2009-12-10,2011-09-28,9,2732.45,Loyal,2,3,5,4,0.443,160.71,2091.0,False,Đã chấm điểm
14134,United Kingdom,2009-12-10,2010-11-22,15,11123.35,At Risk,2,2,5,5,,,,False,Không đủ điều kiện chấm điểm
15465,United Kingdom,2009-12-10,2011-11-20,32,12004.0,Champions,1,4,5,5,0.079,120.907,2601.0,False,Đã chấm điểm
17603,United Kingdom,2009-12-10,2011-09-22,4,1788.38,Loyal,2,3,3,4,0.764,301.753,833.0,False,Đã chấm điểm
16143,United Kingdom,2009-12-10,2011-12-06,12,4544.88,Champions,1,5,5,5,0.532,272.564,1008.0,False,Đã chấm điểm
14942,United Kingdom,2009-12-10,2010-11-03,4,746.56,At Risk,2,2,3,3,,,,False,Không đủ điều kiện chấm điểm
14293,United Kingdom,2009-12-10,2011-12-06,9,2809.41,Champions,1,5,5,4,0.663,217.078,1477.0,False,Đã chấm điểm
17861,United Kingdom,2009-12-10,2011-12-06,18,5075.54,Champions,1,5,5,5,0.203,133.315,2439.0,False,Đã chấm điểm
15039,United Kingdom,2009-12-10,2011-11-30,93,38584.65,Champions,1,5,5,5,0.014,59.587,3281.0,False,Đã chấm điểm
16843,United Kingdom,2009-12-10,2011-10-28,34,19524.63,Champions,1,4,5,5,0.07,214.11,1508.0,False,Đã chấm điểm
15858,United Kingdom,2009-12-10,2011-11-24,13,3526.91,Champions,1,5,5,5,0.446,272.468,1010.0,False,Đã chấm điểm
17388,United Kingdom,2009-12-10,2011-09-23,11,2675.37,Loyal,2,3,5,4,0.516,192.217,1718.0,False,Đã chấm điểm
15085,United Kingdom,2009-12-10,2009-12-10,1,347.54,Hibernating,0,1,1,2,,,,False,Không đủ điều kiện chấm điểm
15642,United Kingdom,2009-12-10,2009-12-10,1,105.78,Hibernating,0,1,1,1,,,,False,Không đủ điều kiện chấm điểm
14099,United Kingdom,2009-12-10,2011-11-23,20,5701.56,Champions,1,5,5,5,0.143,115.484,2690.0,False,Đã chấm điểm
15854,United Kingdom,2009-12-10,2011-12-05,21,5578.28,Champions,1,5,5,5,0.185,138.795,2365.0,False,Đã chấm điểm
12978,United Kingdom,2009-12-10,2010-11-19,5,2502.82,At Risk,2,2,4,4,,,,False,Không đủ điều kiện chấm điểm
17027,United Kingdom,2009-12-10,2011-09-22,9,1268.93,Loyal,2,3,5,4,0.522,115.921,2676.0,False,Đã chấm điểm
15889,United Kingdom,2009-12-10,2011-07-06,8,1396.6,Loyal,2,3,4,4,0.797,60.346,3274.0,False,Đã chấm điểm
16748,United Kingdom,2009-12-10,2011-11-22,14,3637.33,Champions,1,5,5,5,0.518,193.849,1703.0,False,Đã chấm điểm
16459,United Kingdom,2009-12-10,2009-12-10,1,71.79,Hibernating,0,1,1,1,,,,False,Không đủ điều kiện chấm điểm
13091,United Kingdom,2009-12-10,2011-11-11,2,1108.8,Potential Loyalist,3,4,2,3,0.725,250.578,1169.0,False,Đã chấm điểm
13173,United Kingdom,2009-12-10,2011-12-05,11,2389.82,Champions,1,5,5,4,0.699,131.171,2476.0,False,Đã chấm điểm
15805,United Kingdom,2009-12-10,2011-11-16,30,10050.13,Champions,1,4,5,5,0.036,62.973,3257.0,False,Đã chấm điểm
15912,United Kingdom,2009-12-10,2011-06-14,9,1074.7,Loyal,2,3,5,3,0.722,73.517,3158.0,False,Đã chấm điểm
16596,United Kingdom,2009-12-10,2011-11-24,4,458.98,Potential Loyalist,3,5,3,2,0.757,97.967,2901.0,False,Đã chấm điểm
16663,United Kingdom,2009-12-10,2009-12-10,1,165.0,Hibernating,0,1,1,1,,,,False,Không đủ điều kiện chấm điểm
12989,United Kingdom,2009-12-10,2011-12-06,33,13180.95,Champions,1,5,5,5,0.066,108.277,2785.0,False,Đã chấm điểm
16985,United Kingdom,2009-12-10,2011-11-22,22,10253.26,Champions,1,5,5,5,0.228,319.209,734.0,False,Đã chấm điểm
14648,United Kingdom,2009-12-10,2010-10-19,15,4423.14,At Risk,2,1,5,5,,,,False,Không đủ điều kiện chấm điểm
15573,United Kingdom,2009-12-10,2011-11-08,5,1180.47,Champions,3,4,4,3,0.486,283.635,938.0,False,Đã chấm điểm
15367,United Kingdom,2009-12-10,2011-10-13,11,5015.63,Champions,1,4,5,5,0.588,239.458,1278.0,False,Đã chấm điểm
14895,United Kingdom,2009-12-10,2011-12-02,37,24589.09,Champions,1,5,5,5,0.018,55.652,3316.0,False,Đã chấm điểm
14062,United Kingdom,2009-12-10,2011-11-30,24,25503.88,Champions,1,5,5,5,0.101,277.852,982.0,False,Đã chấm điểm
15157,United Kingdom,2009-12-10,2011-12-06,5,2629.63,Champions,3,5,4,4,0.654,319.321,733.0,False,Đã chấm điểm
15623,United Kingdom,2009-12-10,2011-07-21,8,2437.05,Loyal,2,3,4,4,0.772,147.321,2263.0,False,Đã chấm điểm
13831,United Kingdom,2009-12-10,2011-11-23,18,6585.54,Champions,1,5,5,5,0.258,189.836,1754.0,False,Đã chấm điểm
14626,United Kingdom,2009-12-10,2011-11-16,11,5395.92,Champions,1,4,5,5,0.26,277.845,983.0,False,Đã chấm điểm
15032,United Kingdom,2009-12-10,2011-03-28,8,9360.05,At Risk,2,2,4,5,,,,False,Không đủ điều kiện chấm điểm
16670,United Kingdom,2009-12-10,2011-11-23,20,7876.25,Champions,1,5,5,5,0.168,164.66,2033.0,False,Đã chấm điểm
15882,United Kingdom,2009-12-10,2011-05-25,8,1101.38,At Risk,2,2,4,3,,,,False,Không đủ điều kiện chấm điểm
17032,United Kingdom,2009-12-10,2010-04-15,5,2832.94,At Risk,2,1,4,4,,,,False,Không đủ điều kiện chấm điểm
12979,United Arab Emirates,2009-12-10,2009-12-10,1,479.54,Hibernating,0,1,1,2,,,,False,Không đủ điều kiện chấm điểm
15738,United Kingdom,2009-12-10,2011-11-21,41,12977.32,Champions,1,5,5,5,0.072,79.886,3103.0,False,Đã chấm điểm
14043,United Kingdom,2009-12-10,2010-08-05,2,302.6,Hibernating,0,1,2,2,,,,False,Không đủ điều kiện chấm điểm
17675,United Kingdom,2009-12-10,2011-12-08,69,37198.1,Champions,1,5,5,5,0.011,60.204,3276.0,False,Đã chấm điểm
15916,United Kingdom,2009-12-10,2011-11-23,13,3120.84,Champions,1,5,5,5,0.473,158.673,2117.0,False,Đã chấm điểm
16901,United Kingdom,2009-12-10,2009-12-10,1,204.26,Hibernating,0,1,1,1,,,,False,Không đủ điều kiện chấm điểm
12933,United Kingdom,2009-12-10,2011-11-15,8,1617.68,Champions,1,4,4,4,0.705,183.314,1829.0,False,Đã chấm điểm
14507,United Kingdom,2009-12-10,2011-11-16,11,3201.74,Champions,1,4,5,5,0.44,181.467,1852.0,False,Đã chấm điểm
17696,United Kingdom,2009-12-10,2011-11-01,27,7504.86,Champions,1,4,5,5,0.283,245.429,1215.0,False,Đã chấm điểm
18276,United Kingdom,2009-12-10,2011-10-27,6,1641.67,Champions,2,4,4,4,0.736,247.046,1194.0,False,Đã chấm điểm
14030,United Kingdom,2009-12-10,2011-11-21,20,7521.8,Champions,1,5,5,5,0.403,202.584,1617.0,False,Đã chấm điểm
14081,United Kingdom,2009-12-10,2011-02-10,10,4791.72,At Risk,2,2,5,5,,,,False,Không đủ điều kiện chấm điểm
17351,United Kingdom,2009-12-10,2011-11-03,12,1964.38,Champions,1,4,5,4,0.656,134.916,2412.0,False,Đã chấm điểm
16798,United Kingdom,2009-12-10,2010-06-03,3,841.16,At Risk,2,1,3,3,,,,False,Không đủ điều kiện chấm điểm
17512,United Kingdom,2009-12-10,2011-11-11,17,5437.22,Champions,1,4,5,5,0.175,137.045,2388.0,False,Đã chấm điểm
13542,United Kingdom,2009-12-10,2010-11-28,17,3914.14,At Risk,2,2,5,5,,,,False,Không đủ điều kiện chấm điểm
16905,United Kingdom,2009-12-10,2011-12-04,17,4683.57,Champions,1,5,5,5,0.337,321.458,724.0,False,Đã chấm điểm
15494,United Kingdom,2009-12-10,2011-11-18,5,3702.6,Champions,1,4,4,5,0.582,549.345,228.0,True,Đã chấm điểm
14702,United Kingdom,2009-12-10,2011-12-08,29,6331.48,Champions,1,5,5,5,0.13,148.384,2250.0,False,Đã chấm điểm
17165,United Kingdom,2009-12-11,2011-02-28,6,1794.32,At Risk,2,2,4,4,,,,False,Không đủ điều kiện chấm điểm
16293,United Kingdom,2009-12-11,2011-11-18,15,4279.2,Champions,1,4,5,5,0.266,166.051,2019.0,False,Đã chấm điểm
15769,United Kingdom,2009-12-11,2011-12-02,45,82368.52,Champions,1,5,5,5,0.04,523.676,248.0,True,Đã chấm điểm
18172,United Kingdom,2009-12-11,2011-11-25,52,17427.44,Champions,1,5,5,5,0.046,90.435,2981.0,False,Đã chấm điểm
18268,United Kingdom,2009-12-11,2011-07-28,6,1413.73,Loyal,2,3,4,4,0.866,14.726,3450.0,False,Đã chấm điểm
14519,United Kingdom,2009-12-11,2010-01-25,2,203.14,Hibernating,0,1,2,1,,,,False,Không đủ điều kiện chấm điểm
14191,United Kingdom,2009-12-11,2011-12-08,15,4801.76,Champions,1,5,5,5,0.042,79.662,3104.0,False,Đã chấm điểm
13077,United Kingdom,2009-12-11,2011-12-08,11,2730.15,Champions,1,5,5,4,0.617,93.64,2946.0,False,Đã chấm điểm
14643,United Kingdom,2009-12-11,2011-06-22,5,1679.89,Loyal,2,3,4,4,0.759,134.158,2425.0,False,Đã chấm điểm
12957,United Kingdom,2009-12-11,2011-11-30,13,8706.97,Champions,1,5,5,5,0.2,251.894,1159.0,False,Đã chấm điểm
14577,United Kingdom,2009-12-11,2011-11-27,7,1364.15,Champions,3,5,4,4,0.605,119.804,2621.0,False,Đã chấm điểm
17409,United Kingdom,2009-12-11,2011-06-08,10,7793.51,Loyal,2,3,5,5,,,,False,Không đủ điều kiện chấm điểm
16470,United Kingdom,2009-12-11,2011-10-19,11,2416.85,Champions,1,4,5,4,0.451,112.888,2733.0,False,Đã chấm điểm
16191,United Kingdom,2009-12-11,2011-12-07,22,15091.77,Champions,1,5,5,5,0.301,305.838,803.0,False,Đã chấm điểm
17344,United Kingdom,2009-12-11,2011-10-24,2,457.36,Potential Loyalist,3,4,2,2,0.764,120.449,2607.0,False,Đã chấm điểm
16365,United Kingdom,2009-12-11,2011-11-22,15,3167.34,Champions,1,5,5,5,0.298,123.799,2572.0,False,Đã chấm điểm
13418,United Kingdom,2009-12-11,2011-11-28,31,11315.46,Champions,1,5,5,5,0.058,88.656,2995.0,False,Đã chấm điểm
12854,United Kingdom,2009-12-11,2011-09-22,7,2931.07,Loyal,2,3,4,5,0.661,227.741,1380.0,False,Đã chấm điểm
15197,United Kingdom,2009-12-11,2011-11-29,6,1458.11,Champions,3,5,4,4,0.663,123.355,2573.0,False,Đã chấm điểm
13953,United Kingdom,2009-12-11,2011-12-02,12,6640.68,Champions,1,5,5,5,0.25,268.411,1029.0,False,Đã chấm điểm
14298,United Kingdom,2009-12-11,2011-12-01,82,91154.17,Champions,1,5,5,5,0.021,284.781,929.0,False,Đã chấm điểm
16952,United Kingdom,2009-12-11,2011-08-22,5,795.83,Loyal,2,3,4,3,0.824,112.946,2731.0,False,Đã chấm điểm
13415,United Kingdom,2009-12-11,2010-08-24,4,665.42,At Risk,2,1,3,3,,,,False,Không đủ điều kiện chấm điểm
13668,United Kingdom,2009-12-11,2011-12-07,35,12758.43,Champions,1,5,5,5,0.015,23.159,3440.0,False,Đã chấm điểm
14790,United Kingdom,2009-12-11,2011-11-23,10,2526.62,Champions,1,5,5,4,0.539,142.235,2317.0,False,Đã chấm điểm
17487,United Kingdom,2009-12-11,2009-12-11,1,160.55,Hibernating,0,1,1,1,,,,False,Không đủ điều kiện chấm điểm
17958,United Kingdom,2009-12-11,2011-08-15,2,973.88,Loyal,2,3,2,3,0.756,295.606,864.0,False,Đã chấm điểm
17754,United Kingdom,2009-12-11,2011-12-09,13,4420.02,Champions,1,5,5,5,0.324,186.213,1785.0,False,Đã chấm điểm
15898,United Kingdom,2009-12-11,2011-12-08,24,4977.45,Champions,1,5,5,5,0.573,168.782,1990.0,False,Đã chấm điểm
14130,United Kingdom,2009-12-11,2011-01-24,4,1858.77,At Risk,2,2,3,4,,,,False,Không đủ điều kiện chấm điểm
17860,United Kingdom,2009-12-11,2010-12-06,4,717.39,At Risk,2,2,3,3,,,,False,Không đủ điều kiện chấm điểm
12664,Finland,2009-12-13,2011-12-01,11,5420.04,Champions,1,5,5,5,0.144,211.633,1530.0,False,Đã chấm điểm
16719,United Kingdom,2009-12-13,2011-11-25,14,3492.12,Champions,1,5,5,5,0.523,203.038,1610.0,False,Đã chấm điểm
16442,United Kingdom,2009-12-13,2011-12-08,5,891.98,Champions,3,5,4,3,0.715,130.44,2490.0,False,Đã chấm điểm
13317,United Kingdom,2009-12-13,2011-10-04,19,6213.84,Loyal,1,3,5,5,0.36,265.753,1052.0,False,Đã chấm điểm
15196,United Kingdom,2009-12-13,2010-10-03,2,313.7,Hibernating,0,1,2,2,,,,False,Không đủ điều kiện chấm điểm
15956,United Kingdom,2009-12-13,2010-06-06,2,617.6,At Risk,0,1,2,3,,,,False,Không đủ điều kiện chấm điểm
15169,United Kingdom,2009-12-13,2010-11-22,2,569.22,Hibernating,0,2,2,2,,,,False,Không đủ điều kiện chấm điểm
14685,United Kingdom,2009-12-13,2010-05-12,8,4390.79,At Risk,2,1,4,5,,,,False,Không đủ điều kiện chấm điểm
15503,United Kingdom,2009-12-13,2010-12-12,2,257.3,Hibernating,0,2,2,1,,,,False,Không đủ điều kiện chấm điểm
13026,United Kingdom,2009-12-13,2011-12-08,9,1733.08,Champions,1,5,5,4,0.527,191.163,1739.0,False,Đã chấm điểm
15144,United Kingdom,2009-12-13,2011-12-01,29,12077.36,Champions,1,5,5,5,0.028,58.691,3289.0,False,Đã chấm điểm
12843,United Kingdom,2009-12-13,2011-10-05,27,6210.72,Loyal,1,3,5,5,0.257,147.562,2259.0,False,Đã chấm điểm
14161,United Kingdom,2009-12-13,2011-05-08,7,2996.93,At Risk,2,2,4,5,,,,False,Không đủ điều kiện chấm điểm
17172,United Kingdom,2009-12-13,2011-09-22,3,956.57,Loyal,2,3,3,3,0.756,240.256,1271.0,False,Đã chấm điểm
16830,United Kingdom,2009-12-13,2011-11-01,4,1207.5,Champions,3,4,3,4,0.724,236.107,1306.0,False,Đã chấm điểm
16127,United Kingdom,2009-12-13,2011-10-31,2,801.31,Potential Loyalist,3,4,2,3,0.697,457.177,338.0,True,Đã chấm điểm
17539,United Kingdom,2009-12-13,2010-03-21,3,1161.84,At Risk,2,1,3,3,,,,False,Không đủ điều kiện chấm điểm
15944,United Kingdom,2009-12-13,2011-03-08,4,2164.24,At Risk,2,2,3,4,,,,False,Không đủ điều kiện chấm điểm
17211,United Kingdom,2009-12-13,2011-11-13,13,3758.35,Champions,1,4,5,5,0.343,177.51,1906.0,False,Đã chấm điểm
14514,United Kingdom,2009-12-13,2011-10-09,9,4380.04,Loyal,1,3,5,5,0.602,197.188,1660.0,False,Đã chấm điểm
17066,United Kingdom,2009-12-13,2009-12-13,1,228.34,Hibernating,0,1,1,1,,,,False,Không đủ điều kiện chấm điểm
15850,United Kingdom,2009-12-13,2011-11-20,6,1006.75,Champions,3,4,4,3,0.688,86.045,3017.0,False,Đã chấm điểm
17290,United Kingdom,2009-12-13,2011-12-06,8,1427.48,Champions,1,5,4,4,0.55,281.936,955.0,False,Đã chấm điểm
13735,United Kingdom,2009-12-13,2011-11-15,13,9522.47,Champions,1,4,5,5,0.253,272.507,1009.0,False,Đã chấm điểm
12681,France,2009-12-13,2011-11-25,44,26924.01,Champions,1,5,5,5,0.03,73.744,3157.0,False,Đã chấm điểm
17802,United Kingdom,2009-12-13,2011-09-18,10,4917.82,Loyal,1,3,5,5,0.516,303.72,813.0,False,Đã chấm điểm
15628,United Kingdom,2009-12-13,2011-12-05,17,5302.63,Champions,1,5,5,5,0.111,99.725,2881.0,False,Đã chấm điểm
15446,United Kingdom,2009-12-13,2010-11-28,3,396.75,At Risk,0,2,3,2,,,,False,Không đủ điều kiện chấm điểm
14525,United Kingdom,2009-12-13,2011-11-20,17,7997.41,Champions,1,4,5,5,0.141,173.828,1943.0,False,Đã chấm điểm
14751,United Kingdom,2009-12-13,2010-01-24,2,126.45,Hibernating,0,1,2,1,,,,False,Không đủ điều kiện chấm điểm
12683,France,2009-12-13,2011-12-05,20,10368.72,Champions,1,5,5,5,0.099,191.993,1725.0,False,Đã chấm điểm
13087,United Kingdom,2009-12-13,2009-12-13,1,313.64,Hibernating,0,1,1,2,,,,False,Không đủ điều kiện chấm điểm
15562,United Kingdom,2009-12-13,2010-12-23,3,671.43,At Risk,2,2,3,3,,,,False,Không đủ điều kiện chấm điểm
17819,United Kingdom,2009-12-13,2011-09-29,12,5970.05,Loyal,1,3,5,5,0.366,255.598,1138.0,False,Đã chấm điểm
16409,United Kingdom,2009-12-13,2011-11-03,12,5652.74,Champions,1,4,5,5,0.358,231.922,1341.0,False,Đã chấm điểm
14277,France,2009-12-13,2011-11-24,8,4742.12,Champions,1,5,4,5,0.33,542.915,236.0,True,Đã chấm điểm
14466,United Kingdom,2009-12-13,2011-11-10,13,4267.15,Champions,1,4,5,5,0.355,210.124,1546.0,False,Đã chấm điểm
16725,United Kingdom,2009-12-13,2011-02-10,13,1675.41,At Risk,2,2,5,4,,,,False,Không đủ điều kiện chấm điểm
17799,United Kingdom,2009-12-13,2011-11-17,20,6136.63,Champions,1,4,5,5,0.306,199.576,1642.0,False,Đã chấm điểm
17910,United Kingdom,2009-12-13,2009-12-13,1,261.7,Hibernating,0,1,1,1,,,,False,Không đủ điều kiện chấm điểm
16551,United Kingdom,2009-12-13,2011-09-05,7,2237.12,Loyal,2,3,4,4,0.619,259.908,1096.0,False,Đã chấm điểm
15577,United Kingdom,2009-12-13,2011-07-11,5,396.03,Loyal,2,3,4,2,0.824,111.774,2750.0,False,Đã chấm điểm
12439,Cyprus,2009-12-14,2010-01-26,2,1089.18,At Risk,2,1,2,3,,,,False,Không đủ điều kiện chấm điểm
13462,United Kingdom,2009-12-14,2011-04-01,5,1153.85,At Risk,2,2,4,3,,,,False,Không đủ điều kiện chấm điểm
13872,United Kingdom,2009-12-14,2010-06-30,3,919.57,At Risk,2,1,3,3,,,,False,Không đủ điều kiện chấm điểm
13013,United Kingdom,2009-12-14,2011-12-08,29,11097.43,Champions,1,5,5,5,0.057,68.192,3202.0,False,Đã chấm điểm
14977,United Kingdom,2009-12-14,2009-12-14,1,31.93,Hibernating,0,1,1,1,,,,False,Không đủ điều kiện chấm điểm
12472,Germany,2009-12-14,2011-11-07,19,14878.24,Champions,1,4,5,5,0.218,275.774,993.0,False,Đã chấm điểm
16769,United Kingdom,2009-12-14,2011-03-24,4,1117.05,At Risk,2,2,3,3,,,,False,Không đủ điều kiện chấm điểm
17075,United Kingdom,2009-12-14,2011-11-22,10,2221.73,Champions,1,5,5,4,0.719,69.203,3198.0,False,Đã chấm điểm
16190,United Kingdom,2009-12-14,2011-10-30,8,2723.55,Champions,1,4,4,4,0.747,160.603,2094.0,False,Đã chấm điểm
14032,United Kingdom,2009-12-14,2011-12-07,16,4506.45,Champions,1,5,5,5,0.123,92.505,2958.0,False,Đã chấm điểm
17825,United Kingdom,2009-12-14,2010-04-20,4,701.96,At Risk,2,1,3,3,,,,False,Không đủ điều kiện chấm điểm
15329,United Kingdom,2009-12-14,2011-10-31,10,2825.73,Champions,1,4,5,4,0.464,248.547,1182.0,False,Đã chấm điểm
17908,United Kingdom,2009-12-14,2010-12-01,5,1126.52,At Risk,2,2,4,3,,,,False,Không đủ điều kiện chấm điểm
15534,United Kingdom,2009-12-14,2009-12-14,1,162.25,Hibernating,0,1,1,1,,,,False,Không đủ điều kiện chấm điểm
16327,United Kingdom,2009-12-14,2011-11-25,16,10119.29,Champions,1,5,5,5,0.409,382.349,506.0,False,Đã chấm điểm
15920,United Kingdom,2009-12-14,2011-07-08,8,565.19,Loyal,2,3,4,2,0.752,71.391,3181.0,False,Đã chấm điểm
12613,Germany,2009-12-14,2011-10-13,9,6145.82,Champions,1,4,5,5,0.359,370.465,548.0,False,Đã chấm điểm
17318,United Kingdom,2009-12-14,2009-12-14,1,157.33,Hibernating,0,1,1,1,,,,False,Không đủ điều kiện chấm điểm
17965,United Kingdom,2009-12-14,2011-11-02,29,6897.65,Champions,1,4,5,5,0.175,96.056,2922.0,False,Đã chấm điểm
14401,United Kingdom,2009-12-14,2011-12-05,22,6730.8,Champions,1,5,5,5,0.074,126.991,2528.0,False,Đã chấm điểm
15188,United Kingdom,2009-12-14,2009-12-14,1,310.43,Hibernating,0,1,1,2,,,,False,Không đủ điều kiện chấm điểm
16019,United Kingdom,2009-12-14,2011-10-24,27,15954.71,Champions,1,4,5,5,0.246,157.867,2125.0,False,Đã chấm điểm
12926,United Kingdom,2009-12-14,2010-10-24,4,1523.59,At Risk,2,1,3,4,,,,False,Không đủ điều kiện chấm điểm
17623,United Kingdom,2009-12-14,2011-11-07,7,2365.77,Champions,1,4,4,4,0.712,375.447,528.0,False,Đã chấm điểm
15015,United Kingdom,2009-12-14,2010-07-26,12,2326.34,At Risk,2,1,5,4,,,,False,Không đủ điều kiện chấm điểm
14796,United Kingdom,2009-12-14,2011-12-08,27,10015.43,Champions,1,5,5,5,0.067,131.122,2477.0,False,Đã chấm điểm
14042,United Kingdom,2009-12-14,2009-12-14,1,431.98,Hibernating,0,1,1,2,,,,False,Không đủ điều kiện chấm điểm
15867,United Kingdom,2009-12-14,2011-12-04,31,8811.22,Champions,1,5,5,5,0.103,93.566,2948.0,False,Đã chấm điểm
16805,United Kingdom,2009-12-14,2011-06-19,4,1076.34,Loyal,2,3,3,3,0.769,97.762,2902.0,False,Đã chấm điểm
16125,United Kingdom,2009-12-14,2010-12-07,14,4292.35,At Risk,2,2,5,5,,,,False,Không đủ điều kiện chấm điểm
13591,United Kingdom,2009-12-14,2011-10-06,7,2093.94,Loyal,2,3,4,4,0.435,163.742,2044.0,False,Đã chấm điểm
16280,United Kingdom,2009-12-14,2009-12-14,1,238.05,Hibernating,0,1,1,1,,,,False,Không đủ điều kiện chấm điểm
12920,United Kingdom,2009-12-14,2011-11-22,4,486.64,Potential Loyalist,3,5,3,2,0.727,118.313,2644.0,False,Đã chấm điểm
17866,United Kingdom,2009-12-14,2011-07-20,3,1134.95,Loyal,2,3,3,3,0.774,160.582,2096.0,False,Đã chấm điểm
16064,United Kingdom,2009-12-14,2009-12-14,1,109.31,Hibernating,0,1,1,1,,,,False,Không đủ điều kiện chấm điểm
17416,United Kingdom,2009-12-14,2011-11-10,22,17243.37,Champions,1,4,5,5,0.16,337.412,658.0,False,Đã chấm điểm
15640,United Kingdom,2009-12-14,2011-12-05,29,23420.51,Champions,1,5,5,5,0.058,175.098,1936.0,False,Đã chấm điểm
12992,United Kingdom,2009-12-14,2009-12-14,1,93.35,Hibernating,0,1,1,1,,,,False,Không đủ điều kiện chấm điểm
15672,United Kingdom,2009-12-14,2009-12-14,1,45.3,Hibernating,0,1,1,1,,,,False,Không đủ điều kiện chấm điểm
13000,United Kingdom,2009-12-14,2011-08-25,4,1005.5,Loyal,2,3,3,3,0.7,80.762,3094.0,False,Đã chấm điểm
17012,United Kingdom,2009-12-14,2009-12-14,1,360.61,Hibernating,0,1,1,2,,,,False,Không đủ điều kiện chấm điểm
16098,United Kingdom,2009-12-15,2011-09-13,14,4010.7,Loyal,1,3,5,5,0.406,179.331,1884.0,False,Đã chấm điểm
16554,United Kingdom,2009-12-15,2011-10-28,8,2593.27,Champions,1,4,4,4,0.664,198.168,1653.0,False,Đã chấm điểm
13004,United Kingdom,2009-12-15,2011-11-28,35,10846.57,Champions,1,5,5,5,0.06,87.598,2999.0,False,Đã chấm điểm
15838,United Kingdom,2009-12-15,2011-11-28,34,57387.1,Champions,1,5,5,5,0.043,453.305,343.0,True,Đã chấm điểm
17572,United Kingdom,2009-12-15,2011-09-29,10,652.21,Loyal,2,3,5,3,0.65,38.186,3396.0,False,Đã chấm điểm
13902,Denmark,2009-12-15,2010-03-17,5,30392.46,At Risk,2,1,4,5,,,,False,Không đủ điều kiện chấm điểm
17213,United Kingdom,2009-12-15,2011-10-30,13,4853.5,Champions,1,4,5,5,0.295,337.159,659.0,False,Đã chấm điểm
17251,United Kingdom,2009-12-15,2010-12-12,3,795.23,At Risk,2,2,3,3,,,,False,Không đủ điều kiện chấm điểm
16858,United Kingdom,2009-12-15,2010-12-06,10,4265.59,At Risk,2,2,5,5,,,,False,Không đủ điều kiện chấm điểm
17082,United Kingdom,2009-12-15,2011-11-06,6,4732.03,Champions,1,4,4,5,0.679,928.519,74.0,True,Đã chấm điểm
14607,United Kingdom,2009-12-15,2011-11-24,16,14736.55,Champions,1,5,5,5,0.215,555.384,224.0,True,Đã chấm điểm
17262,United Kingdom,2009-12-15,2011-10-18,11,2488.76,Champions,1,4,5,4,0.512,173.107,1953.0,False,Đã chấm điểm
18220,United Kingdom,2009-12-15,2011-04-27,6,1921.76,At Risk,2,2,4,4,,,,False,Không đủ điều kiện chấm điểm
17625,United Kingdom,2009-12-15,2011-11-21,8,5978.9,Champions,1,5,4,5,0.369,259.965,1095.0,False,Đã chấm điểm
13577,United Kingdom,2009-12-15,2011-11-14,10,3282.12,Champions,1,4,5,5,0.374,227.768,1379.0,False,Đã chấm điểm
17233,United Kingdom,2009-12-15,2011-11-04,3,560.86,Potential Loyalist,3,4,3,2,0.722,137.767,2378.0,False,Đã chấm điểm
17095,United Kingdom,2009-12-15,2011-11-17,7,2562.3,Champions,1,4,4,4,0.72,561.545,216.0,True,Đã chấm điểm
16713,United Kingdom,2009-12-15,2011-11-21,32,13739.16,Champions,1,5,5,5,0.057,101.846,2863.0,False,Đã chấm điểm
12941,United Kingdom,2009-12-15,2009-12-15,1,377.49,Hibernating,0,1,1,2,,,,False,Không đủ điều kiện chấm điểm
17596,United Kingdom,2009-12-15,2011-11-16,13,4491.46,Champions,1,4,5,5,0.17,148.605,2241.0,False,Đã chấm điểm
15812,United Kingdom,2009-12-15,2011-08-24,12,5201.47,Loyal,1,3,5,5,0.389,213.794,1512.0,False,Đã chấm điểm
14966,United Kingdom,2009-12-15,2011-11-25,6,1064.26,Champions,3,5,4,3,0.725,132.653,2447.0,False,Đã chấm điểm
15070,United Kingdom,2009-12-15,2010-12-02,3,737.05,At Risk,2,2,3,3,,,,False,Không đủ điều kiện chấm điểm
18260,United Kingdom,2009-12-15,2011-06-20,23,9904.31,Loyal,1,3,5,5,0.483,294.108,875.0,False,Đã chấm điểm
16749,United Kingdom,2009-12-15,2010-04-27,2,4157.88,At Risk,2,1,2,5,,,,False,Không đủ điều kiện chấm điểm
13405,United Kingdom,2009-12-15,2011-05-19,5,1198.81,At Risk,2,2,4,4,,,,False,Không đủ điều kiện chấm điểm
17797,United Kingdom,2009-12-15,2011-11-17,8,1971.87,Champions,1,4,4,4,0.672,257.925,1116.0,False,Đã chấm điểm
13823,United Kingdom,2009-12-15,2011-11-21,7,3344.5,Champions,1,5,4,5,0.553,517.704,256.0,True,Đã chấm điểm
15566,United Kingdom,2009-12-15,2010-11-12,2,227.87,Hibernating,0,2,2,1,,,,False,Không đủ điều kiện chấm điểm
13050,United Kingdom,2009-12-15,2011-11-25,34,11582.44,Champions,1,5,5,5,0.058,72.952,3165.0,False,Đã chấm điểm
13756,United Kingdom,2009-12-15,2011-12-07,23,8555.15,Champions,1,5,5,5,0.065,118.616,2637.0,False,Đã chấm điểm
17816,United Kingdom,2009-12-15,2011-11-03,6,96.11,Potential Loyalist,3,4,4,1,0.564,3.825,3461.0,False,Đã chấm điểm
16308,United Kingdom,2009-12-15,2011-11-02,7,5120.0,Champions,1,4,4,5,0.311,273.436,1003.0,False,Đã chấm điểm
15785,United Kingdom,2009-12-15,2011-11-07,16,5969.93,Champions,1,4,5,5,0.385,245.32,1218.0,False,Đã chấm điểm
14897,United Kingdom,2009-12-15,2011-12-02,8,3140.54,Champions,1,5,4,5,0.412,490.31,289.0,True,Đã chấm điểm
15527,United Kingdom,2009-12-15,2011-11-21,22,5330.09,Champions,1,5,5,5,0.186,140.602,2339.0,False,Đã chấm điểm
17368,United Kingdom,2009-12-15,2011-11-16,13,2119.35,Champions,1,4,5,4,0.3,123.189,2574.0,False,Đã chấm điểm
15637,United Kingdom,2009-12-15,2011-10-18,5,797.59,Champions,3,4,4,3,0.732,163.6,2047.0,False,Đã chấm điểm
15393,United Kingdom,2009-12-15,2011-11-23,5,891.34,Champions,3,5,4,3,0.764,82.308,3073.0,False,Đã chấm điểm
18177,United Kingdom,2009-12-15,2011-11-08,9,2189.07,Champions,1,4,5,4,0.285,131.74,2458.0,False,Đã chấm điểm
13473,United Kingdom,2009-12-15,2011-10-10,8,2416.08,Loyal,2,3,4,4,0.739,133.974,2429.0,False,Đã chấm điểm
16605,United Kingdom,2009-12-15,2009-12-15,1,60.48,Hibernating,0,1,1,1,,,,False,Không đủ điều kiện chấm điểm
12956,United Kingdom,2009-12-15,2011-02-06,4,521.89,At Risk,2,2,3,2,,,,False,Không đủ điều kiện chấm điểm
12971,United Kingdom,2009-12-15,2011-12-06,115,15078.85,Champions,1,5,5,5,0.016,45.628,3369.0,False,Đã chấm điểm
13711,United Kingdom,2009-12-15,2011-05-05,9,1792.26,At Risk,2,2,5,4,,,,False,Không đủ điều kiện chấm điểm
15394,United Kingdom,2009-12-15,2011-11-30,11,5261.3,Champions,1,5,5,5,0.45,315.565,749.0,False,Đã chấm điểm
14460,United Kingdom,2009-12-15,2011-08-21,8,919.6,Loyal,2,3,4,3,0.692,146.349,2274.0,False,Đã chấm điểm
14769,United Kingdom,2009-12-16,2011-12-07,17,15481.56,Champions,1,5,5,5,0.216,700.739,127.0,True,Đã chấm điểm
15312,United Kingdom,2009-12-16,2011-09-25,12,2930.19,Loyal,1,3,5,5,0.543,143.745,2298.0,False,Đã chấm điểm
17646,United Kingdom,2009-12-16,2011-05-04,12,3898.79,At Risk,2,2,5,5,,,,False,Không đủ điều kiện chấm điểm
13952,United Kingdom,2009-12-16,2011-05-06,14,12823.52,At Risk,1,2,5,5,,,,False,Không đủ điều kiện chấm điểm
15713,United Kingdom,2009-12-16,2011-07-19,4,824.79,Loyal,2,3,3,3,0.807,93.534,2951.0,False,Đã chấm điểm
16366,United Kingdom,2009-12-16,2011-11-21,4,1548.13,Champions,3,5,3,4,0.692,226.515,1388.0,False,Đã chấm điểm
18286,United Kingdom,2009-12-16,2010-08-20,2,1246.43,At Risk,2,1,2,4,,,,False,Không đủ điều kiện chấm điểm
17677,United Kingdom,2009-12-16,2011-12-08,53,34812.21,Champions,1,5,5,5,0.018,88.516,2996.0,False,Đã chấm điểm
13047,United Kingdom,2009-12-16,2011-10-14,23,8266.18,Champions,1,4,5,5,0.245,205.719,1588.0,False,Đã chấm điểm
14869,United Kingdom,2009-12-16,2011-12-01,6,2778.14,Champions,1,5,4,4,0.545,340.263,640.0,False,Đã chấm điểm
16197,United Kingdom,2009-12-16,2010-08-27,9,2016.71,At Risk,2,1,5,4,,,,False,Không đủ điều kiện chấm điểm
13074,United Kingdom,2009-12-16,2010-07-16,4,1378.74,At Risk,2,1,3,4,,,,False,Không đủ điều kiện chấm điểm
13289,United Kingdom,2009-12-16,2009-12-16,1,307.95,Hibernating,0,1,1,2,,,,False,Không đủ điều kiện chấm điểm
16119,United Kingdom,2009-12-16,2011-12-01,8,1720.81,Champions,1,5,4,4,0.522,221.052,1445.0,False,Đã chấm điểm
13769,United Kingdom,2009-12-16,2011-12-07,20,5478.12,Champions,1,5,5,5,0.148,112.853,2735.0,False,Đã chấm điểm
15184,United Kingdom,2009-12-16,2011-11-10,4,685.39,Potential Loyalist,3,4,3,3,0.692,131.176,2475.0,False,Đã chấm điểm
15499,United Kingdom,2009-12-16,2009-12-16,1,158.65,Hibernating,0,1,1,1,,,,False,Không đủ điều kiện chấm điểm
12586,Italy,2009-12-16,2011-11-22,4,2045.67,Champions,3,5,3,4,0.663,130.625,2486.0,False,Đã chấm điểm
18012,United Kingdom,2009-12-16,2009-12-16,1,115.3,Hibernating,0,1,1,1,,,,False,Không đủ điều kiện chấm điểm
13403,United Kingdom,2009-12-16,2011-11-22,3,229.5,Potential Loyalist,3,5,3,1,0.826,61.987,3264.0,False,Đã chấm điểm
14625,United Kingdom,2009-12-16,2011-05-27,11,4463.98,At Risk,2,2,5,5,,,,False,Không đủ điều kiện chấm điểm
17833,United Kingdom,2009-12-16,2009-12-16,1,338.46,Hibernating,0,1,1,2,,,,False,Không đủ điều kiện chấm điểm
15222,United Kingdom,2009-12-16,2011-01-25,11,3550.91,At Risk,2,2,5,5,,,,False,Không đủ điều kiện chấm điểm
13178,United Kingdom,2009-12-16,2011-11-13,21,14051.39,Champions,1,4,5,5,0.099,166.003,2020.0,False,Đã chấm điểm
14415,United Kingdom,2009-12-16,2011-12-08,23,11901.94,Champions,1,5,5,5,0.046,74.58,3155.0,False,Đã chấm điểm
16195,United Kingdom,2009-12-16,2009-12-16,1,323.25,Hibernating,0,1,1,2,,,,False,Không đủ điều kiện chấm điểm
17776,United Kingdom,2009-12-16,2010-11-18,2,322.55,Hibernating,0,2,2,2,,,,False,Không đủ điều kiện chấm điểm
16569,United Kingdom,2009-12-16,2011-12-06,5,1455.23,Champions,3,5,4,4,0.746,92.709,2956.0,False,Đã chấm điểm
17469,United Kingdom,2009-12-16,2011-11-23,17,4984.39,Champions,1,5,5,5,0.22,179.388,1882.0,False,Đã chấm điểm
14055,United Kingdom,2009-12-16,2011-08-25,3,1520.96,Loyal,2,3,3,4,0.721,440.003,369.0,True,Đã chấm điểm
17873,United Kingdom,2009-12-16,2011-09-20,16,5440.43,Loyal,1,3,5,5,0.471,180.879,1864.0,False,Đã chấm điểm
15044,United Kingdom,2009-12-16,2011-11-20,32,15648.66,Champions,1,4,5,5,0.1,152.11,2201.0,False,Đã chấm điểm
14329,United Kingdom,2009-12-16,2011-11-22,15,9717.77,Champions,1,5,5,5,0.239,371.582,541.0,False,Đã chấm điểm
17091,United Kingdom,2009-12-16,2011-12-07,19,7495.75,Champions,1,5,5,5,0.252,276.558,989.0,False,Đã chấm điểm
16694,United Kingdom,2009-12-16,2009-12-16,1,98.3,Hibernating,0,1,1,1,,,,False,Không đủ điều kiện chấm điểm
15055,United Kingdom,2009-12-16,2010-08-22,3,549.12,At Risk,0,1,3,2,,,,False,Không đủ điều kiện chấm điểm
18144,United Kingdom,2009-12-16,2011-12-02,19,4892.95,Champions,1,5,5,5,0.145,107.538,2793.0,False,Đã chấm điểm
13008,United Kingdom,2009-12-16,2011-01-20,3,561.13,At Risk,0,2,3,2,,,,False,Không đủ điều kiện chấm điểm
13941,United Kingdom,2009-12-16,2011-11-18,15,9875.98,Champions,1,4,5,5,0.427,669.141,145.0,True,Đã chấm điểm
14092,United Kingdom,2009-12-16,2011-12-02,24,7229.45,Champions,1,5,5,5,0.062,65.352,3233.0,False,Đã chấm điểm
12867,United Kingdom,2009-12-16,2011-11-13,13,7803.51,Champions,1,4,5,5,0.234,254.619,1144.0,False,Đã chấm điểm
16742,United Kingdom,2009-12-16,2010-08-04,13,2334.97,At Risk,2,1,5,4,,,,False,Không đủ điều kiện chấm điểm
15498,United Kingdom,2009-12-16,2011-12-07,44,24882.86,Champions,1,5,5,5,0.014,46.769,3360.0,False,Đã chấm điểm
17402,United Kingdom,2009-12-16,2011-12-05,22,4555.71,Champions,1,5,5,5,0.119,92.721,2955.0,False,Đã chấm điểm
18201,United Kingdom,2009-12-17,2009-12-17,1,447.53,Hibernating,0,1,1,2,,,,False,Không đủ điều kiện chấm điểm
13225,United Kingdom,2009-12-17,2011-12-06,16,16260.07,Champions,1,5,5,5,0.293,436.558,378.0,True,Đã chấm điểm
17662,United Kingdom,2009-12-17,2010-02-16,2,412.92,Hibernating,0,1,2,2,,,,False,Không đủ điều kiện chấm điểm
15863,United Kingdom,2009-12-17,2011-11-14,5,355.1,Potential Loyalist,3,4,4,2,0.647,20.781,3443.0,False,Đã chấm điểm
18186,United Kingdom,2009-12-17,2009-12-17,1,329.58,Hibernating,0,1,1,2,,,,False,Không đủ điều kiện chấm điểm
13875,United Kingdom,2009-12-17,2011-10-17,14,4814.37,Champions,1,4,5,5,0.362,182.834,1840.0,False,Đã chấm điểm
12557,Spain,2009-12-17,2011-11-23,8,18096.14,Champions,1,5,4,5,0.374,1042.151,53.0,True,Đã chấm điểm
13266,United Kingdom,2009-12-17,2011-11-28,18,6001.47,Champions,1,5,5,5,0.058,76.609,3130.0,False,Đã chấm điểm
14484,United Kingdom,2009-12-17,2011-10-20,4,1070.98,Potential Loyalist,3,4,3,3,0.731,235.332,1309.0,False,Đã chấm điểm
18097,United Kingdom,2009-12-17,2011-12-02,11,4627.92,Champions,1,5,5,5,0.432,378.513,520.0,False,Đã chấm điểm
13520,Switzerland,2009-12-17,2011-10-12,11,5409.6,Champions,1,4,5,5,0.326,246.291,1200.0,False,Đã chấm điểm
15862,United Kingdom,2009-12-17,2011-12-01,13,2507.14,Champions,1,5,5,4,0.556,116.806,2662.0,False,Đã chấm điểm
17612,United Kingdom,2009-12-17,2011-10-17,18,5225.51,Champions,1,4,5,5,0.279,195.124,1692.0,False,Đã chấm điểm
14422,United Kingdom,2009-12-17,2011-12-09,19,10271.52,Champions,1,5,5,5,0.302,432.049,389.0,True,Đã chấm điểm
18006,United Kingdom,2009-12-17,2011-11-16,4,969.51,Potential Loyalist,3,4,3,3,0.677,301.267,836.0,False,Đã chấm điểm
14095,United Kingdom,2009-12-17,2009-12-17,1,2.95,Hibernating,0,1,1,1,,,,False,Không đủ điều kiện chấm điểm
16908,United Kingdom,2009-12-17,2009-12-17,1,252.59,Hibernating,0,1,1,1,,,,False,Không đủ điều kiện chấm điểm
13427,United Kingdom,2009-12-17,2011-11-20,6,1006.53,Champions,3,4,4,3,0.572,138.95,2360.0,False,Đã chấm điểm
17103,United Kingdom,2009-12-17,2009-12-17,1,424.3,Hibernating,0,1,1,2,,,,False,Không đủ điều kiện chấm điểm
13203,United Kingdom,2009-12-17,2011-11-30,10,2630.55,Champions,1,5,5,4,0.513,165.077,2029.0,False,Đã chấm điểm
16439,United Kingdom,2009-12-17,2009-12-17,1,310.7,Hibernating,0,1,1,2,,,,False,Không đủ điều kiện chấm điểm
15270,United Kingdom,2009-12-17,2011-11-24,21,7893.86,Champions,1,5,5,5,0.52,267.311,1040.0,False,Đã chấm điểm
16150,United Kingdom,2009-12-17,2011-10-28,10,3962.37,Champions,1,4,5,5,0.395,299.641,842.0,False,Đã chấm điểm
16661,United Kingdom,2009-12-17,2010-06-17,4,796.21,At Risk,2,1,3,3,,,,False,Không đủ điều kiện chấm điểm
17400,United Kingdom,2009-12-17,2011-08-05,8,4623.28,Loyal,2,3,4,5,0.442,261.363,1085.0,False,Đã chấm điểm
17526,United Kingdom,2009-12-17,2011-12-05,12,3645.54,Champions,1,5,5,5,0.677,218.602,1468.0,False,Đã chấm điểm
13039,United Kingdom,2009-12-17,2010-05-04,4,1010.73,At Risk,2,1,3,3,,,,False,Không đủ điều kiện chấm điểm
15428,United Kingdom,2009-12-17,2011-11-24,4,762.75,Potential Loyalist,3,5,3,3,0.803,75.327,3147.0,False,Đã chấm điểm
16720,United Kingdom,2009-12-17,2011-11-13,3,556.69,Potential Loyalist,3,4,3,2,0.751,114.896,2701.0,False,Đã chấm điểm
15879,United Kingdom,2009-12-17,2010-10-31,4,1137.8,At Risk,2,2,3,3,,,,False,Không đủ điều kiện chấm điểm
17638,United Kingdom,2009-12-18,2010-03-02,2,842.4,At Risk,0,1,2,3,,,,False,Không đủ điều kiện chấm điểm
12708,Germany,2009-12-18,2011-11-10,18,4491.71,Champions,1,4,5,5,0.151,101.909,2862.0,False,Đã chấm điểm
12826,United Kingdom,2009-12-18,2011-12-07,12,2790.8,Champions,1,5,5,4,0.538,210.237,1545.0,False,Đã chấm điểm
16772,United Kingdom,2009-12-18,2010-10-12,3,2773.6,At Risk,2,1,3,4,,,,False,Không đủ điều kiện chấm điểm
17927,United Kingdom,2009-12-18,2009-12-18,1,294.0,Hibernating,0,1,1,2,,,,False,Không đủ điều kiện chấm điểm
14083,United Kingdom,2009-12-18,2011-12-05,11,1082.19,Champions,1,5,5,3,0.396,96.845,2912.0,False,Đã chấm điểm
14555,United Kingdom,2009-12-18,2011-10-13,6,2304.03,Champions,2,4,4,4,0.748,94.447,2935.0,False,Đã chấm điểm
16296,United Kingdom,2009-12-18,2010-03-23,4,1313.67,At Risk,2,1,3,4,,,,False,Không đủ điều kiện chấm điểm
18036,United Kingdom,2009-12-18,2011-11-07,11,1545.49,Champions,1,4,5,4,0.617,91.054,2978.0,False,Đã chấm điểm
13921,United Kingdom,2009-12-18,2010-11-02,4,720.75,At Risk,2,2,3,3,,,,False,Không đủ điều kiện chấm điểm
12455,Cyprus,2009-12-18,2011-09-27,9,5722.95,Loyal,1,3,5,5,0.488,151.688,2206.0,False,Đã chấm điểm
13995,United Kingdom,2009-12-18,2011-11-24,14,3862.11,Champions,1,5,5,5,0.422,213.769,1513.0,False,Đã chấm điểm
12422,Switzerland,2009-12-18,2011-09-05,12,3639.35,Loyal,1,3,5,5,0.642,152.119,2200.0,False,Đã chấm điểm
16600,United Kingdom,2009-12-18,2011-12-05,13,2136.61,Champions,1,5,5,4,0.457,111.436,2754.0,False,Đã chấm điểm
17028,United Kingdom,2009-12-18,2010-05-07,3,1593.83,At Risk,2,1,3,4,,,,False,Không đủ điều kiện chấm điểm
16222,United Kingdom,2009-12-18,2011-01-25,2,1272.05,At Risk,2,2,2,4,,,,False,Không đủ điều kiện chấm điểm
15497,United Kingdom,2009-12-18,2011-11-22,9,8657.39,Champions,1,5,5,5,0.703,204.997,1593.0,False,Đã chấm điểm
14949,United Kingdom,2009-12-18,2010-08-27,4,515.0,At Risk,2,1,3,2,,,,False,Không đủ điều kiện chấm điểm
17324,United Kingdom,2009-12-18,2011-11-22,12,2018.07,Champions,1,5,5,4,0.636,180.899,1863.0,False,Đã chấm điểm
15409,United Kingdom,2009-12-18,2009-12-18,1,131.25,Hibernating,0,1,1,1,,,,False,Không đủ điều kiện chấm điểm
13327,United Kingdom,2009-12-18,2011-11-01,19,8988.67,Champions,1,4,5,5,0.265,244.538,1229.0,False,Đã chấm điểm
13781,United Kingdom,2009-12-18,2011-04-03,3,778.83,At Risk,2,2,3,3,,,,False,Không đủ điều kiện chấm điểm
16592,United Kingdom,2009-12-18,2011-12-05,28,7666.11,Champions,1,5,5,5,0.067,87.335,3003.0,False,Đã chấm điểm
18252,United Kingdom,2009-12-18,2011-10-20,7,1533.69,Champions,2,4,4,4,0.597,161.901,2073.0,False,Đã chấm điểm
14105,United Kingdom,2009-12-18,2011-04-14,5,5988.83,At Risk,2,2,4,5,,,,False,Không đủ điều kiện chấm điểm
13847,United Kingdom,2009-12-20,2009-12-20,1,310.72,Hibernating,0,1,1,2,,,,False,Không đủ điều kiện chấm điểm
15518,United Kingdom,2009-12-20,2011-10-06,15,4103.64,Loyal,1,3,5,5,0.288,155.518,2151.0,False,Đã chấm điểm
17624,United Kingdom,2009-12-20,2011-11-25,4,1568.63,Champions,3,5,3,4,0.672,233.067,1332.0,False,Đã chấm điểm
13871,United Kingdom,2009-12-20,2011-11-17,17,7860.65,Champions,1,4,5,5,0.079,150.424,2222.0,False,Đã chấm điểm
12609,Germany,2009-12-20,2011-09-22,9,3021.86,Loyal,2,3,5,5,0.568,194.79,1695.0,False,Đã chấm điểm
14404,United Kingdom,2009-12-20,2011-11-06,13,2625.13,Champions,1,4,5,4,0.487,178.249,1901.0,False,Đã chấm điểm
13111,United Kingdom,2009-12-21,2009-12-21,1,321.88,Hibernating,0,1,1,2,,,,False,Không đủ điều kiện chấm điểm
16282,United Kingdom,2009-12-21,2011-01-04,3,1307.58,At Risk,2,2,3,4,,,,False,Không đủ điều kiện chấm điểm
13510,United Kingdom,2009-12-21,2011-12-08,11,4524.29,Champions,1,5,5,5,0.341,299.182,846.0,False,Đã chấm điểm
14119,United Kingdom,2009-12-21,2010-11-29,2,163.47,Hibernating,0,2,2,1,,,,False,Không đủ điều kiện chấm điểm
17182,United Kingdom,2009-12-21,2010-10-13,2,321.3,Hibernating,0,1,2,2,,,,False,Không đủ điều kiện chấm điểm
14819,United Kingdom,2009-12-21,2011-10-06,4,456.41,Loyal,3,3,3,2,0.665,84.324,3040.0,False,Đã chấm điểm
14480,United Kingdom,2009-12-21,2011-11-28,4,1299.52,Champions,3,5,3,4,0.66,184.136,1816.0,False,Đã chấm điểm
17888,United Kingdom,2009-12-21,2011-11-01,19,1308.06,Champions,1,4,5,4,0.455,77.601,3122.0,False,Đã chấm điểm
18251,United Kingdom,2009-12-22,2011-09-13,9,26278.86,Loyal,1,3,5,5,0.702,3029.366,5.0,True,Đã chấm điểm
12440,Austria,2009-12-22,2010-09-03,2,648.15,At Risk,0,1,2,3,,,,False,Không đủ điều kiện chấm điểm
18190,United Kingdom,2009-12-22,2011-05-31,5,745.62,At Risk,2,2,4,3,,,,False,Không đủ điều kiện chấm điểm
13082,United Kingdom,2009-12-22,2011-08-05,21,7335.75,Loyal,1,3,5,5,0.404,435.627,382.0,True,Đã chấm điểm
15064,United Kingdom,2009-12-22,2010-10-25,4,1154.41,At Risk,2,1,3,3,,,,False,Không đủ điều kiện chấm điểm
14151,United Kingdom,2009-12-23,2010-02-04,2,666.7,At Risk,0,1,2,3,,,,False,Không đủ điều kiện chấm điểm
12539,Spain,2009-12-23,2011-11-17,7,11186.75,Champions,1,4,4,5,0.536,391.749,478.0,True,Đã chấm điểm
13287,United Kingdom,2010-01-04,2010-04-15,2,472.06,Hibernating,0,1,2,2,,,,False,Không đủ điều kiện chấm điểm
13821,United Kingdom,2010-01-04,2011-07-18,6,1355.38,Loyal,2,3,4,4,0.653,86.448,3013.0,False,Đã chấm điểm
16792,United Kingdom,2010-01-04,2011-03-02,5,623.46,At Risk,2,2,4,3,,,,False,Không đủ điều kiện chấm điểm
17807,United Kingdom,2010-01-04,2010-11-09,3,437.87,At Risk,0,2,3,2,,,,False,Không đủ điều kiện chấm điểm
14477,United Kingdom,2010-01-04,2011-11-20,7,1969.6,Champions,1,4,4,4,0.537,299.172,847.0,False,Đã chấm điểm
14839,United Kingdom,2010-01-04,2010-10-17,3,915.28,At Risk,2,1,3,3,,,,False,Không đủ điều kiện chấm điểm
17950,United Kingdom,2010-01-04,2011-09-28,7,1156.21,Loyal,2,3,4,3,0.765,167.538,1999.0,False,Đã chấm điểm
16875,United Kingdom,2010-01-05,2011-10-03,11,4129.72,Loyal,1,3,5,5,0.53,424.149,398.0,True,Đã chấm điểm
13901,United Kingdom,2010-01-05,2011-09-28,15,5617.04,Loyal,1,3,5,5,0.35,324.91,710.0,False,Đã chấm điểm
14198,United Kingdom,2010-01-05,2011-11-21,9,1569.73,Champions,1,5,5,4,0.519,136.393,2395.0,False,Đã chấm điểm
15521,United Kingdom,2010-01-05,2011-10-30,14,6467.04,Champions,1,4,5,5,0.223,200.29,1636.0,False,Đã chấm điểm
18171,United Kingdom,2010-01-05,2011-10-12,9,2437.31,Champions,2,4,5,4,0.456,169.964,1980.0,False,Đã chấm điểm
16017,United Kingdom,2010-01-05,2011-10-23,5,1545.58,Champions,2,4,4,4,0.748,158.567,2119.0,False,Đã chấm điểm
13253,United Kingdom,2010-01-05,2011-07-06,4,2951.11,Loyal,2,3,3,5,0.755,239.661,1276.0,False,Đã chấm điểm
13338,United Kingdom,2010-01-05,2011-07-05,4,2300.92,Loyal,2,3,3,4,0.762,183.141,1836.0,False,Đã chấm điểm
14969,United Kingdom,2010-01-05,2010-01-05,1,906.23,Hibernating,0,1,1,3,,,,False,Không đủ điều kiện chấm điểm
15865,United Kingdom,2010-01-05,2011-10-30,5,2241.42,Champions,2,4,4,4,0.474,178.305,1900.0,False,Đã chấm điểm
13610,United Kingdom,2010-01-05,2011-11-27,14,2053.71,Champions,1,5,5,4,0.358,110.729,2760.0,False,Đã chấm điểm
13965,United Kingdom,2010-01-05,2010-08-20,3,777.66,At Risk,2,1,3,3,,,,False,Không đủ điều kiện chấm điểm
14954,United Kingdom,2010-01-05,2011-11-27,2,462.12,Potential Loyalist,3,5,2,2,0.723,213.048,1522.0,False,Đã chấm điểm
14210,United Kingdom,2010-01-06,2011-08-26,16,5556.57,Loyal,1,3,5,5,0.542,198.766,1648.0,False,Đã chấm điểm
17362,United Kingdom,2010-01-06,2011-04-14,7,1010.54,At Risk,2,2,4,3,,,,False,Không đủ điều kiện chấm điểm
14194,United Kingdom,2010-01-06,2011-12-05,36,18407.39,Champions,1,5,5,5,0.011,39.23,3393.0,False,Đã chấm điểm
18008,United Kingdom,2010-01-06,2011-09-30,23,19759.08,Loyal,1,3,5,5,0.281,190.27,1749.0,False,Đã chấm điểm
17753,United Kingdom,2010-01-06,2010-09-01,4,382.06,At Risk,0,1,3,2,,,,False,Không đủ điều kiện chấm điểm
17941,United Kingdom,2010-01-06,2011-08-01,4,1433.28,Loyal,2,3,3,4,0.77,161.027,2087.0,False,Đã chấm điểm
18094,United Kingdom,2010-01-07,2011-09-19,13,6391.52,Loyal,1,3,5,5,0.304,287.317,914.0,False,Đã chấm điểm
17404,Sweden,2010-01-07,2011-11-14,20,45350.12,Champions,1,4,5,5,0.131,1112.403,46.0,True,Đã chấm điểm
14541,United Kingdom,2010-01-07,2011-10-12,14,2491.38,Champions,1,4,5,4,0.493,113.341,2729.0,False,Đã chấm điểm
15266,United Kingdom,2010-01-07,2011-01-05,5,852.21,At Risk,2,2,4,3,,,,False,Không đủ điều kiện chấm điểm
16641,United Kingdom,2010-01-07,2011-08-26,2,554.5,Need Attention,0,3,2,2,0.799,156.725,2139.0,False,Đã chấm điểm
16862,United Kingdom,2010-01-07,2010-06-10,4,662.33,At Risk,2,1,3,3,,,,False,Không đủ điều kiện chấm điểm
16888,United Kingdom,2010-01-07,2010-11-04,3,434.2,At Risk,0,2,3,2,,,,False,Không đủ điều kiện chấm điểm
15874,United Kingdom,2010-01-07,2011-10-07,21,11237.06,Loyal,1,3,5,5,0.2,267.543,1038.0,False,Đã chấm điểm
15100,United Kingdom,2010-01-07,2011-01-10,7,2114.4,At Risk,2,2,4,4,,,,False,Không đủ điều kiện chấm điểm
15324,United Kingdom,2010-01-07,2010-01-07,1,140.22,Hibernating,0,1,1,1,,,,False,Không đủ điều kiện chấm điểm
14465,United Kingdom,2010-01-07,2011-04-07,11,3925.85,At Risk,2,2,5,5,,,,False,Không đủ điều kiện chấm điểm
15152,United Kingdom,2010-01-07,2011-11-30,14,5263.83,Champions,1,5,5,5,0.057,128.703,2515.0,False,Đã chấm điểm
12678,France,2010-01-07,2011-10-28,15,32442.18,Champions,1,4,5,5,0.163,922.177,76.0,True,Đã chấm điểm
16057,United Kingdom,2010-01-07,2011-11-23,10,3720.3,Champions,1,5,5,5,0.431,282.798,945.0,False,Đã chấm điểm
12648,Germany,2010-01-07,2011-07-08,4,1039.0,Loyal,2,3,3,3,0.755,131.542,2467.0,False,Đã chấm điểm
15586,United Kingdom,2010-01-08,2010-04-26,3,1139.1,At Risk,2,1,3,3,,,,False,Không đủ điều kiện chấm điểm
14045,United Kingdom,2010-01-08,2011-08-22,15,9375.03,Loyal,1,3,5,5,0.789,263.364,1070.0,False,Đã chấm điểm
13360,United Kingdom,2010-01-08,2010-10-04,4,1503.65,At Risk,2,1,3,4,,,,False,Không đủ điều kiện chấm điểm
15827,United Kingdom,2010-01-08,2011-09-27,26,3165.64,Loyal,1,3,5,5,0.352,132.494,2451.0,False,Đã chấm điểm
13854,United Kingdom,2010-01-08,2011-12-01,39,11914.86,Champions,1,5,5,5,0.025,45.782,3368.0,False,Đã chấm điểm
16103,United Kingdom,2010-01-08,2011-12-02,22,6089.16,Champions,1,5,5,5,0.293,161.096,2085.0,False,Đã chấm điểm
15607,United Kingdom,2010-01-08,2011-01-07,9,1649.57,At Risk,2,2,5,4,,,,False,Không đủ điều kiện chấm điểm
16027,United Kingdom,2010-01-08,2011-09-09,12,1806.02,Loyal,2,3,5,4,0.577,126.729,2530.0,False,Đã chấm điểm
14327,United Kingdom,2010-01-08,2011-06-29,6,1894.93,Loyal,2,3,4,4,0.741,126.811,2529.0,False,Đã chấm điểm
18170,United Kingdom,2010-01-08,2011-11-06,9,2878.0,Champions,1,4,5,5,0.487,196.936,1666.0,False,Đã chấm điểm
14016,EIRE,2010-01-08,2011-07-01,11,11303.41,Loyal,1,3,5,5,0.46,549.519,227.0,True,Đã chấm điểm
13044,United Kingdom,2010-01-08,2011-02-21,11,4831.1,At Risk,2,2,5,5,,,,False,Không đủ điều kiện chấm điểm
14573,United Kingdom,2010-01-08,2011-06-13,12,2066.52,Loyal,2,3,5,4,0.651,200.544,1634.0,False,Đã chấm điểm
13259,United Kingdom,2010-01-10,2011-10-09,9,1398.79,Loyal,2,3,5,4,0.713,201.813,1624.0,False,Đã chấm điểm
16109,United Kingdom,2010-01-10,2011-05-05,3,939.48,At Risk,2,2,3,3,,,,False,Không đủ điều kiện chấm điểm
16787,United Kingdom,2010-01-10,2010-11-07,4,1017.53,At Risk,2,2,3,3,,,,False,Không đủ điều kiện chấm điểm
14849,United Kingdom,2010-01-10,2011-11-18,42,15202.65,Champions,1,4,5,5,0.057,133.399,2436.0,False,Đã chấm điểm
14532,United Kingdom,2010-01-10,2011-04-17,11,3833.03,At Risk,2,2,5,5,,,,False,Không đủ điều kiện chấm điểm
17323,United Kingdom,2010-01-10,2011-11-24,12,1537.74,Champions,1,5,5,4,0.308,96.818,2913.0,False,Đã chấm điểm
14160,United Kingdom,2010-01-10,2010-04-08,7,8421.47,At Risk,2,1,4,5,,,,False,Không đủ điều kiện chấm điểm
13762,United Kingdom,2010-01-10,2010-04-25,4,2165.76,At Risk,2,1,3,4,,,,False,Không đủ điều kiện chấm điểm
18231,United Kingdom,2010-01-10,2011-05-31,28,6817.57,At Risk,1,2,5,5,,,,False,Không đủ điều kiện chấm điểm
12951,United Kingdom,2010-01-10,2011-12-01,15,3184.32,Champions,1,5,5,5,0.525,143.73,2300.0,False,Đã chấm điểm
14091,United Kingdom,2010-01-10,2010-02-23,2,9530.08,At Risk,2,1,2,5,,,,False,Không đủ điều kiện chấm điểm
13634,United Kingdom,2010-01-10,2011-11-06,14,3827.34,Champions,1,4,5,5,0.457,205.455,1591.0,False,Đã chấm điểm
17222,United Kingdom,2010-01-10,2011-10-05,6,1563.61,Loyal,2,3,4,4,0.754,247.952,1183.0,False,Đã chấm điểm
18242,United Kingdom,2010-01-11,2011-09-28,8,3605.21,Loyal,2,3,4,5,0.361,339.398,646.0,False,Đã chấm điểm
17147,United Kingdom,2010-01-11,2011-11-17,9,3161.7,Champions,1,4,5,5,0.494,280.082,968.0,False,Đã chấm điểm
17113,United Kingdom,2010-01-11,2010-05-14,5,2052.43,At Risk,2,1,4,4,,,,False,Không đủ điều kiện chấm điểm
13709,United Kingdom,2010-01-11,2011-12-06,18,7506.95,Champions,1,5,5,5,0.07,216.666,1483.0,False,Đã chấm điểm
17139,United Kingdom,2010-01-11,2011-11-24,25,19465.36,Champions,1,5,5,5,0.105,290.011,895.0,False,Đã chấm điểm
18115,United Kingdom,2010-01-11,2010-01-11,1,9.7,Hibernating,0,1,1,1,,,,False,Không đủ điều kiện chấm điểm
17529,United Kingdom,2010-01-11,2010-04-08,2,1240.25,At Risk,2,1,2,4,,,,False,Không đủ điều kiện chấm điểm
12549,USA,2010-01-11,2010-05-13,5,1570.68,At Risk,2,1,4,4,,,,False,Không đủ điều kiện chấm điểm
12875,United Kingdom,2010-01-11,2011-07-19,5,1356.99,Loyal,2,3,4,4,0.899,27.786,3429.0,False,Đã chấm điểm
17740,United Kingdom,2010-01-11,2010-11-15,6,426.9,At Risk,2,2,4,2,,,,False,Không đủ điều kiện chấm điểm
15549,United Kingdom,2010-01-11,2011-09-23,8,2292.91,Loyal,2,3,4,4,0.592,251.887,1160.0,False,Đã chấm điểm
14984,United Kingdom,2010-01-11,2011-11-20,6,1260.51,Champions,3,4,4,4,0.67,67.384,3213.0,False,Đã chấm điểm
12406,Denmark,2010-01-11,2011-11-17,5,6087.16,Champions,1,4,4,5,0.586,944.338,71.0,True,Đã chấm điểm
17023,United Kingdom,2010-01-11,2010-10-18,3,800.18,At Risk,2,1,3,3,,,,False,Không đủ điều kiện chấm điểm
13433,United Kingdom,2010-01-12,2010-07-26,4,658.32,At Risk,2,1,3,3,,,,False,Không đủ điều kiện chấm điểm
15186,United Kingdom,2010-01-12,2011-11-25,5,1403.2,Champions,3,5,4,4,0.664,145.468,2284.0,False,Đã chấm điểm
12939,United Kingdom,2010-01-12,2011-10-06,20,25264.8,Loyal,1,3,5,5,0.298,839.719,88.0,True,Đã chấm điểm
16841,United Kingdom,2010-01-12,2011-11-03,12,3826.71,Champions,1,4,5,5,0.282,172.598,1957.0,False,Đã chấm điểm
17945,United Kingdom,2010-01-12,2010-01-12,3,359.5,At Risk,0,1,3,2,,,,False,Không đủ điều kiện chấm điểm
15299,United Kingdom,2010-01-12,2011-10-03,9,5556.53,Loyal,1,3,5,5,0.472,333.13,676.0,False,Đã chấm điểm
15002,United Kingdom,2010-01-12,2011-08-16,9,4138.08,Loyal,2,3,5,5,0.744,285.344,928.0,False,Đã chấm điểm
12623,Germany,2010-01-12,2011-03-08,7,3315.84,At Risk,2,2,4,5,,,,False,Không đủ điều kiện chấm điểm
16422,United Kingdom,2010-01-12,2011-11-22,106,61081.22,Champions,1,5,5,5,0.033,300.818,838.0,False,Đã chấm điểm
13622,United Kingdom,2010-01-12,2010-01-12,1,658.95,Hibernating,0,1,1,3,,,,False,Không đủ điều kiện chấm điểm
14225,United Kingdom,2010-01-12,2010-10-01,4,2031.07,At Risk,2,1,3,4,,,,False,Không đủ điều kiện chấm điểm
14241,United Kingdom,2010-01-12,2011-06-09,2,333.7,Need Attention,0,3,2,2,,,,False,Không đủ điều kiện chấm điểm
17352,United Kingdom,2010-01-12,2010-01-12,1,36.25,Hibernating,0,1,1,1,,,,False,Không đủ điều kiện chấm điểm
12649,Germany,2010-01-12,2011-08-24,8,2076.85,Loyal,2,3,4,4,0.585,140.858,2335.0,False,Đã chấm điểm
14137,United Kingdom,2010-01-13,2010-01-13,1,332.7,Hibernating,0,1,1,2,,,,False,Không đủ điều kiện chấm điểm
14154,United Kingdom,2010-01-13,2011-04-14,7,6110.3,At Risk,2,2,4,5,,,,False,Không đủ điều kiện chấm điểm
14826,United Kingdom,2010-01-13,2010-05-07,2,385.2,Hibernating,0,1,2,2,,,,False,Không đủ điều kiện chấm điểm
16585,United Kingdom,2010-01-13,2010-04-25,2,341.59,Hibernating,0,1,2,2,,,,False,Không đủ điều kiện chấm điểm
15513,United Kingdom,2010-01-13,2011-11-06,35,25941.81,Champions,1,4,5,5,0.1,364.35,569.0,False,Đã chấm điểm
12647,Germany,2010-01-13,2011-11-17,35,13929.2,Champions,1,4,5,5,0.135,98.11,2898.0,False,Đã chấm điểm
17962,United Kingdom,2010-01-13,2011-07-20,4,653.16,Loyal,2,3,3,3,0.832,53.635,3320.0,False,Đã chấm điểm
17757,United Kingdom,2010-01-13,2011-12-08,56,9044.99,Champions,1,5,5,5,0.014,20.18,3444.0,False,Đã chấm điểm
14146,United Kingdom,2010-01-13,2011-12-01,11,7810.07,Champions,1,5,5,5,0.381,396.415,466.0,True,Đã chấm điểm
13929,United Kingdom,2010-01-14,2011-06-23,10,3417.6,Loyal,2,3,5,5,0.737,167.801,1995.0,False,Đã chấm điểm
16304,United Kingdom,2010-01-14,2010-01-14,1,381.66,Hibernating,0,1,1,2,,,,False,Không đủ điều kiện chấm điểm
13152,United Kingdom,2010-01-14,2010-10-18,7,2128.68,At Risk,2,1,4,4,,,,False,Không đủ điều kiện chấm điểm
18041,United Kingdom,2010-01-14,2011-11-28,38,7974.27,Champions,1,5,5,5,0.083,69.017,3200.0,False,Đã chấm điểm
13787,United Kingdom,2010-01-14,2011-09-25,6,1203.55,Loyal,2,3,4,4,0.763,154.591,2161.0,False,Đã chấm điểm
16414,United Kingdom,2010-01-14,2011-11-18,5,551.21,Potential Loyalist,3,4,4,2,0.81,61.118,3269.0,False,Đã chấm điểm
14256,United Kingdom,2010-01-14,2011-03-24,5,2426.79,At Risk,2,2,4,4,,,,False,Không đủ điều kiện chấm điểm
15903,United Kingdom,2010-01-14,2011-11-30,12,8939.84,Champions,1,5,5,5,0.269,526.837,244.0,True,Đã chấm điểm
16660,United Kingdom,2010-01-14,2011-11-23,6,1422.35,Champions,3,5,4,4,0.659,148.459,2247.0,False,Đã chấm điểm
14423,United Kingdom,2010-01-14,2011-05-05,3,916.61,At Risk,2,2,3,3,,,,False,Không đủ điều kiện chấm điểm
18134,United Kingdom,2010-01-14,2010-04-20,2,445.0,Hibernating,0,1,2,2,,,,False,Không đủ điều kiện chấm điểm
12644,Germany,2010-01-14,2011-08-02,4,1838.94,Loyal,2,3,3,4,0.751,248.628,1181.0,False,Đã chấm điểm
17496,United Kingdom,2010-01-14,2010-12-16,4,1412.89,At Risk,2,2,3,4,,,,False,Không đủ điều kiện chấm điểm
15605,United Kingdom,2010-01-14,2011-11-03,9,1741.95,Champions,1,4,5,4,0.543,158.454,2121.0,False,Đã chấm điểm
13233,United Kingdom,2010-01-14,2011-09-26,4,1176.46,Loyal,2,3,3,3,0.757,227.822,1378.0,False,Đã chấm điểm
15046,United Kingdom,2010-01-14,2011-11-30,25,7401.33,Champions,1,5,5,5,0.061,86.04,3018.0,False,Đã chấm điểm
13562,United Kingdom,2010-01-14,2011-09-19,8,4838.18,Loyal,2,3,4,5,0.422,278.067,980.0,False,Đã chấm điểm
12431,Australia,2010-01-15,2011-11-04,25,9995.76,Champions,1,4,5,5,0.084,149.462,2233.0,False,Đã chấm điểm
15359,United Kingdom,2010-01-15,2010-02-15,6,146.7,At Risk,0,1,4,1,,,,False,Không đủ điều kiện chấm điểm
18106,United Kingdom,2010-01-15,2011-01-14,6,1441.06,At Risk,2,2,4,4,,,,False,Không đủ điều kiện chấm điểm
17681,United Kingdom,2010-01-15,2010-04-21,5,731.2,At Risk,2,1,4,3,,,,False,Không đủ điều kiện chấm điểm
12789,Netherlands,2010-01-15,2011-10-05,3,225.35,Need Attention,3,3,3,1,0.765,58.787,3288.0,False,Đã chấm điểm
15771,United Kingdom,2010-01-15,2010-04-14,3,1006.54,At Risk,2,1,3,3,,,,False,Không đủ điều kiện chấm điểm
16452,United Kingdom,2010-01-15,2010-03-19,2,332.17,Hibernating,0,1,2,2,,,,False,Không đủ điều kiện chấm điểm
14324,United Kingdom,2010-01-15,2010-10-26,2,701.61,At Risk,0,1,2,3,,,,False,Không đủ điều kiện chấm điểm
17871,United Kingdom,2010-01-15,2011-05-19,5,1068.95,At Risk,2,2,4,3,,,,False,Không đủ điều kiện chấm điểm
12631,Finland,2010-01-15,2011-10-13,6,3254.07,Champions,2,4,4,5,0.708,340.193,642.0,False,Đã chấm điểm
17227,United Kingdom,2010-01-15,2011-11-21,12,1878.93,Champions,1,5,5,4,0.492,137.296,2383.0,False,Đã chấm điểm
12860,United Kingdom,2010-01-15,2010-01-15,1,54.22,Hibernating,0,1,1,1,,,,False,Không đủ điều kiện chấm điểm
17454,United Kingdom,2010-01-15,2011-05-31,10,1532.64,At Risk,2,2,5,4,,,,False,Không đủ điều kiện chấm điểm
15224,United Kingdom,2010-01-15,2010-12-16,5,871.36,At Risk,2,2,4,3,,,,False,Không đủ điều kiện chấm điểm
12813,Netherlands,2010-01-15,2010-07-26,3,1621.8,At Risk,2,1,3,4,,,,False,Không đủ điều kiện chấm điểm
15489,United Kingdom,2010-01-15,2011-11-17,8,2386.91,Champions,1,4,4,4,0.507,244.364,1232.0,False,Đã chấm điểm
14451,United Kingdom,2010-01-17,2011-10-10,12,3236.05,Loyal,1,3,5,5,0.618,183.716,1820.0,False,Đã chấm điểm
14421,United Kingdom,2010-01-17,2011-10-13,6,2456.62,Champions,2,4,4,4,0.68,234.585,1318.0,False,Đã chấm điểm
17801,United Kingdom,2010-01-17,2010-09-14,3,770.03,At Risk,2,1,3,3,,,,False,Không đủ điều kiện chấm điểm
16595,United Kingdom,2010-01-17,2011-10-09,5,1757.75,Loyal,2,3,4,4,0.719,258.987,1101.0,False,Đã chấm điểm
13907,United Kingdom,2010-01-17,2010-01-17,1,136.8,Hibernating,0,1,1,1,,,,False,Không đủ điều kiện chấm điểm
16510,United Kingdom,2010-01-17,2010-12-02,6,1757.25,At Risk,2,2,4,4,,,,False,Không đủ điều kiện chấm điểm
14420,United Kingdom,2010-01-17,2011-09-01,4,1639.17,Loyal,2,3,3,4,0.768,267.816,1032.0,False,Đã chấm điểm
16524,United Kingdom,2010-01-17,2010-09-19,2,306.19,Hibernating,0,1,2,2,,,,False,Không đủ điều kiện chấm điểm
16166,United Kingdom,2010-01-17,2010-10-07,2,408.83,Hibernating,0,1,2,2,,,,False,Không đủ điều kiện chấm điểm
16434,United Kingdom,2010-01-17,2011-11-10,12,2673.69,Champions,1,4,5,4,0.315,122.817,2577.0,False,Đã chấm điểm
13869,United Kingdom,2010-01-17,2011-08-08,10,7996.87,Loyal,1,3,5,5,0.5,375.894,527.0,False,Đã chấm điểm
13616,United Kingdom,2010-01-17,2010-05-20,2,283.85,Hibernating,0,1,2,2,,,,False,Không đủ điều kiện chấm điểm
17591,United Kingdom,2010-01-17,2011-09-27,8,2328.37,Loyal,2,3,4,4,0.395,180.045,1874.0,False,Đã chấm điểm
14892,United Kingdom,2010-01-18,2010-01-18,1,202.35,Hibernating,0,1,1,1,,,,False,Không đủ điều kiện chấm điểm
12877,United Kingdom,2010-01-18,2011-12-06,20,2942.14,Champions,1,5,5,5,0.173,72.936,3166.0,False,Đã chấm điểm
14441,United Kingdom,2010-01-18,2011-12-09,11,4578.09,Champions,1,5,5,5,0.365,217.477,1474.0,False,Đã chấm điểm
14754,United Kingdom,2010-01-18,2011-10-26,6,1547.93,Champions,2,4,4,4,0.733,300.335,840.0,False,Đã chấm điểm
15747,United Kingdom,2010-01-18,2011-11-27,9,2499.81,Champions,1,5,5,4,0.5,246.174,1201.0,False,Đã chấm điểm
15795,United Kingdom,2010-01-18,2011-07-13,8,1979.87,Loyal,2,3,4,4,0.759,277.868,981.0,False,Đã chấm điểm
18057,United Kingdom,2010-01-18,2010-11-11,3,1168.14,At Risk,2,2,3,3,,,,False,Không đủ điều kiện chấm điểm
14461,United Kingdom,2010-01-18,2011-07-14,13,6660.62,Loyal,1,3,5,5,0.496,358.17,582.0,False,Đã chấm điểm
14442,Channel Islands,2010-01-18,2011-05-19,7,5333.12,At Risk,2,2,4,5,,,,False,Không đủ điều kiện chấm điểm
17966,United Kingdom,2010-01-18,2011-11-02,10,1963.92,Champions,1,4,5,4,0.427,161.206,2084.0,False,Đã chấm điểm
15164,United Kingdom,2010-01-18,2011-10-02,9,2004.26,Loyal,2,3,5,4,0.637,180.019,1875.0,False,Đã chấm điểm
17048,United Kingdom,2010-01-18,2011-08-14,7,1996.93,Loyal,2,3,4,4,0.801,76.371,3135.0,False,Đã chấm điểm
17773,United Kingdom,2010-01-18,2010-07-13,2,575.37,Hibernating,0,1,2,2,,,,False,Không đủ điều kiện chấm điểm
16954,United Kingdom,2010-01-18,2011-12-09,20,6081.88,Champions,1,5,5,5,0.311,145.186,2287.0,False,Đã chấm điểm
15375,United Kingdom,2010-01-18,2010-01-18,1,60.96,Hibernating,0,1,1,1,,,,False,Không đủ điều kiện chấm điểm
14343,United Kingdom,2010-01-18,2010-10-14,4,1079.66,At Risk,2,1,3,3,,,,False,Không đủ điều kiện chấm điểm
15697,United Kingdom,2010-01-19,2010-01-19,1,246.75,Hibernating,0,1,1,1,,,,False,Không đủ điều kiện chấm điểm
16867,United Kingdom,2010-01-19,2010-01-19,1,76.74,Hibernating,0,1,1,1,,,,False,Không đủ điều kiện chấm điểm
16287,United Kingdom,2010-01-19,2011-06-23,5,1006.98,Loyal,2,3,4,3,0.798,60.235,3275.0,False,Đã chấm điểm
15198,United Kingdom,2010-01-19,2011-09-08,5,571.35,Loyal,2,3,4,2,0.755,105.325,2825.0,False,Đã chấm điểm
13877,United Kingdom,2010-01-19,2011-09-14,3,449.68,Loyal,3,3,3,2,0.718,84.192,3044.0,False,Đã chấm điểm
12470,Unspecified,2010-01-19,2010-01-19,1,211.95,Hibernating,0,1,1,1,,,,False,Không đủ điều kiện chấm điểm
17769,United Kingdom,2010-01-19,2011-11-27,17,6975.48,Champions,1,5,5,5,0.147,232.296,1338.0,False,Đã chấm điểm
17706,United Kingdom,2010-01-19,2011-12-05,31,19766.89,Champions,1,5,5,5,0.037,162.744,2062.0,False,Đã chấm điểm
14715,United Kingdom,2010-01-19,2011-11-15,8,1809.55,Champions,1,4,4,4,0.569,333.921,671.0,False,Đã chấm điểm
12589,France,2010-01-19,2011-11-11,5,2726.27,Champions,2,4,4,4,0.612,218.41,1469.0,False,Đã chấm điểm
16087,United Kingdom,2010-01-19,2010-11-15,5,1739.92,At Risk,2,2,4,4,,,,False,Không đủ điều kiện chấm điểm
14472,United Kingdom,2010-01-19,2011-08-28,9,2118.72,Loyal,2,3,5,4,0.526,166.727,2008.0,False,Đã chấm điểm
13555,United Kingdom,2010-01-19,2011-09-27,13,8817.39,Loyal,1,3,5,5,0.355,648.681,158.0,True,Đã chấm điểm
12733,USA,2010-01-19,2011-04-19,4,2424.02,At Risk,2,2,3,4,,,,False,Không đủ điều kiện chấm điểm
14413,United Kingdom,2010-01-19,2010-12-12,3,421.72,At Risk,0,2,3,2,,,,False,Không đủ điều kiện chấm điểm
13315,United Kingdom,2010-01-19,2010-01-19,1,310.26,Hibernating,0,1,1,2,,,,False,Không đủ điều kiện chấm điểm
17245,United Kingdom,2010-01-19,2011-05-19,2,371.63,Hibernating,0,2,2,2,,,,False,Không đủ điều kiện chấm điểm
17963,United Kingdom,2010-01-19,2010-08-25,4,643.16,At Risk,2,1,3,3,,,,False,Không đủ điều kiện chấm điểm
14983,United Kingdom,2010-01-19,2010-01-19,1,183.2,Hibernating,0,1,1,1,,,,False,Không đủ điều kiện chấm điểm
13397,United Kingdom,2010-01-20,2011-09-28,10,3140.87,Loyal,2,3,5,5,0.499,230.014,1355.0,False,Đã chấm điểm
12987,United Kingdom,2010-01-20,2011-09-27,5,1312.21,Loyal,2,3,4,4,0.612,155.358,2155.0,False,Đã chấm điểm
13027,United Kingdom,2010-01-20,2011-08-18,19,16658.4,Loyal,1,3,5,5,0.488,893.48,80.0,True,Đã chấm điểm
16727,United Kingdom,2010-01-20,2010-12-10,4,1377.77,At Risk,2,2,3,4,,,,False,Không đủ điều kiện chấm điểm
14556,United Kingdom,2010-01-20,2010-04-22,3,815.69,At Risk,2,1,3,3,,,,False,Không đủ điều kiện chấm điểm
14388,United Kingdom,2010-01-20,2011-11-29,16,6228.75,Champions,1,5,5,5,0.186,204.011,1600.0,False,Đã chấm điểm
17220,United Kingdom,2010-01-20,2011-11-15,21,4451.41,Champions,1,4,5,5,0.093,83.775,3047.0,False,Đã chấm điểm
17356,United Kingdom,2010-01-20,2011-02-01,5,946.47,At Risk,2,2,4,3,,,,False,Không đủ điều kiện chấm điểm
17307,United Kingdom,2010-01-20,2010-11-09,10,3541.97,At Risk,2,2,5,5,,,,False,Không đủ điều kiện chấm điểm
17794,United Kingdom,2010-01-20,2010-01-22,2,147.3,Hibernating,0,1,2,1,,,,False,Không đủ điều kiện chấm điểm
15191,United Kingdom,2010-01-20,2010-09-02,3,588.05,At Risk,0,1,3,2,,,,False,Không đủ điều kiện chấm điểm
14649,United Kingdom,2010-01-20,2011-12-05,9,3634.29,Champions,1,5,5,5,0.508,301.279,835.0,False,Đã chấm điểm
14595,United Kingdom,2010-01-20,2011-11-20,8,2164.45,Champions,1,4,4,4,0.275,433.981,385.0,True,Đã chấm điểm
16085,United Kingdom,2010-01-20,2011-11-16,12,2323.86,Champions,1,4,5,4,0.552,167.626,1996.0,False,Đã chấm điểm
13982,United Kingdom,2010-01-20,2011-10-31,9,3949.19,Champions,1,4,5,5,0.578,306.797,799.0,False,Đã chấm điểm
17875,United Kingdom,2010-01-20,2010-01-20,1,167.1,Hibernating,0,1,1,1,,,,False,Không đủ điều kiện chấm điểm
14207,United Kingdom,2010-01-21,2010-01-21,1,157.8,Hibernating,0,1,1,1,,,,False,Không đủ điều kiện chấm điểm
15095,United Kingdom,2010-01-21,2011-08-28,10,3141.64,Loyal,2,3,5,5,0.41,247.776,1185.0,False,Đã chấm điểm
12986,United Kingdom,2010-01-21,2010-10-07,8,2202.42,At Risk,2,1,4,4,,,,False,Không đủ điều kiện chấm điểm
14431,United Kingdom,2010-01-21,2011-02-10,4,2614.2,At Risk,2,2,3,4,,,,False,Không đủ điều kiện chấm điểm
14530,United Kingdom,2010-01-21,2011-11-14,16,6024.37,Champions,1,4,5,5,0.338,254.051,1148.0,False,Đã chấm điểm
14320,United Kingdom,2010-01-21,2011-05-17,5,1219.07,At Risk,2,2,4,4,,,,False,Không đủ điều kiện chấm điểm
14714,United Kingdom,2010-01-21,2011-11-15,4,906.24,Potential Loyalist,3,4,3,3,0.747,119.604,2624.0,False,Đã chấm điểm
15910,United Kingdom,2010-01-21,2011-12-09,15,2661.17,Champions,1,5,5,4,0.384,128.552,2518.0,False,Đã chấm điểm
13527,United Kingdom,2010-01-21,2011-11-06,12,4517.54,Champions,1,4,5,5,0.194,182.236,1844.0,False,Đã chấm điểm
15885,United Kingdom,2010-01-21,2011-09-07,12,1522.82,Loyal,2,3,5,4,0.699,233.743,1327.0,False,Đã chấm điểm
14064,United Kingdom,2010-01-21,2011-11-10,15,2969.97,Champions,1,4,5,5,0.459,186.888,1781.0,False,Đã chấm điểm
15296,United Kingdom,2010-01-21,2011-10-20,11,10185.98,Champions,1,4,5,5,0.25,253.19,1151.0,False,Đã chấm điểm
14439,Greece,2010-01-21,2011-01-24,5,9443.04,At Risk,2,2,4,5,,,,False,Không đủ điều kiện chấm điểm
13543,United Kingdom,2010-01-21,2010-03-15,2,1439.61,At Risk,2,1,2,4,,,,False,Không đủ điều kiện chấm điểm
15682,United Kingdom,2010-01-21,2010-04-19,2,318.24,Hibernating,0,1,2,2,,,,False,Không đủ điều kiện chấm điểm
17320,United Kingdom,2010-01-21,2011-08-31,6,2444.85,Loyal,2,3,4,4,0.601,171.07,1971.0,False,Đã chấm điểm
15126,United Kingdom,2010-01-21,2010-06-21,2,449.49,Hibernating,0,1,2,2,,,,False,Không đủ điều kiện chấm điểm
17180,United Kingdom,2010-01-21,2011-10-14,11,2207.72,Champions,1,4,5,4,0.678,135.864,2401.0,False,Đã chấm điểm
13413,United Kingdom,2010-01-21,2010-03-10,5,353.12,At Risk,0,1,4,2,,,,False,Không đủ điều kiện chấm điểm
13192,United Kingdom,2010-01-22,2011-09-05,6,2558.58,Loyal,2,3,4,4,0.56,222.921,1415.0,False,Đã chấm điểm
14854,United Kingdom,2010-01-22,2011-09-22,11,4303.06,Loyal,1,3,5,5,0.267,216.016,1492.0,False,Đã chấm điểm
14209,United Kingdom,2010-01-22,2011-11-29,15,4993.27,Champions,1,5,5,5,0.426,254.217,1146.0,False,Đã chấm điểm
14274,United Kingdom,2010-01-22,2010-01-22,1,256.6,Hibernating,0,1,1,1,,,,False,Không đủ điều kiện chấm điểm
17460,United Kingdom,2010-01-22,2011-04-28,15,1819.27,At Risk,2,2,5,4,,,,False,Không đủ điều kiện chấm điểm
12531,Germany,2010-01-22,2011-11-25,2,1756.35,Potential Loyalist,3,5,2,4,0.685,85.715,3021.0,False,Đã chấm điểm
16822,United Kingdom,2010-01-22,2010-01-22,1,157.59,Hibernating,0,1,1,1,,,,False,Không đủ điều kiện chấm điểm
13889,United Kingdom,2010-01-22,2011-09-08,6,1937.23,Loyal,2,3,4,4,0.704,284.08,937.0,False,Đã chấm điểm
14640,United Kingdom,2010-01-22,2011-11-15,10,3478.58,Champions,1,4,5,5,0.185,148.572,2243.0,False,Đã chấm điểm
14837,United Kingdom,2010-01-24,2011-09-11,9,3460.32,Loyal,2,3,5,5,0.373,273.985,1000.0,False,Đã chấm điểm
17242,United Kingdom,2010-01-24,2011-08-23,5,2889.28,Loyal,2,3,4,5,0.596,336.157,661.0,False,Đã chấm điểm
17618,United Kingdom,2010-01-24,2011-12-04,11,3985.19,Champions,1,5,5,5,0.698,164.319,2039.0,False,Đã chấm điểm
17335,United Kingdom,2010-01-24,2010-11-21,2,497.04,Hibernating,0,2,2,2,,,,False,Không đủ điều kiện chấm điểm
17780,United Kingdom,2010-01-24,2010-02-10,3,346.56,At Risk,0,1,3,2,,,,False,Không đủ điều kiện chấm điểm
16950,United Kingdom,2010-01-24,2011-10-14,10,3503.17,Champions,1,4,5,5,0.555,402.58,448.0,True,Đã chấm điểm
12916,United Kingdom,2010-01-24,2011-07-24,7,4424.23,Loyal,2,3,4,5,0.581,433.649,386.0,True,Đã chấm điểm
13036,United Kingdom,2010-01-24,2010-01-24,1,307.1,Hibernating,0,1,1,2,,,,False,Không đủ điều kiện chấm điểm
14879,United Kingdom,2010-01-24,2010-01-24,1,185.06,Hibernating,0,1,1,1,,,,False,Không đủ điều kiện chấm điểm
12703,Germany,2010-01-24,2011-09-29,3,793.58,Loyal,3,3,3,3,0.769,204.106,1599.0,False,Đã chấm điểm
13249,United Kingdom,2010-01-24,2011-09-08,9,1608.93,Loyal,2,3,5,4,0.547,133.554,2435.0,False,Đã chấm điểm
15727,United Kingdom,2010-01-24,2011-11-23,15,9371.71,Champions,1,5,5,5,0.304,338.823,648.0,False,Đã chấm điểm
15711,United Kingdom,2010-01-24,2010-06-01,2,420.25,Hibernating,0,1,2,2,,,,False,Không đủ điều kiện chấm điểm
14701,United Kingdom,2010-01-24,2011-11-29,15,4462.21,Champions,1,5,5,5,0.351,193.389,1707.0,False,Đã chấm điểm
16255,United Kingdom,2010-01-24,2011-11-23,15,4495.2,Champions,1,5,5,5,0.385,242.146,1253.0,False,Đã chấm điểm
14070,United Kingdom,2010-01-24,2010-01-24,1,321.6,Hibernating,0,1,1,2,,,,False,Không đủ điều kiện chấm điểm
17071,United Kingdom,2010-01-24,2011-11-11,13,3793.71,Champions,1,4,5,5,0.151,113.544,2723.0,False,Đã chấm điểm
16523,United Kingdom,2010-01-24,2011-12-08,28,11583.53,Champions,1,5,5,5,0.013,35.018,3403.0,False,Đã chấm điểm
14522,United Kingdom,2010-01-24,2011-11-15,8,1748.42,Champions,1,4,4,4,0.47,207.195,1573.0,False,Đã chấm điểm
17141,United Kingdom,2010-01-24,2010-10-17,4,727.58,At Risk,2,1,3,3,,,,False,Không đủ điều kiện chấm điểm
13209,United Kingdom,2010-01-24,2011-11-09,13,8509.51,Champions,1,4,5,5,0.208,449.222,349.0,True,Đã chấm điểm
15696,United Kingdom,2010-01-24,2011-11-06,13,3751.37,Champions,1,4,5,5,0.359,207.152,1574.0,False,Đã chấm điểm
13729,United Kingdom,2010-01-24,2010-09-30,3,724.73,At Risk,2,1,3,3,,,,False,Không đủ điều kiện chấm điểm
14044,United Kingdom,2010-01-24,2011-11-13,10,3057.0,Champions,1,4,5,5,0.55,161.42,2081.0,False,Đã chấm điểm
17142,United Kingdom,2010-01-24,2011-04-14,4,1275.25,At Risk,2,2,3,4,,,,False,Không đủ điều kiện chấm điểm
16206,United Kingdom,2010-01-24,2011-10-16,13,2577.12,Champions,1,4,5,4,0.524,84.838,3032.0,False,Đã chấm điểm
15434,United Kingdom,2010-01-24,2011-12-01,11,2528.06,Champions,1,5,5,4,0.488,219.125,1462.0,False,Đã chấm điểm
15483,United Kingdom,2010-01-24,2011-07-01,10,810.68,Loyal,2,3,5,3,0.629,47.797,3351.0,False,Đã chấm điểm
14986,United Kingdom,2010-01-24,2010-11-28,2,563.1,Hibernating,0,2,2,2,,,,False,Không đủ điều kiện chấm điểm
17584,United Kingdom,2010-01-25,2011-12-02,6,5294.42,Champions,1,5,4,5,0.543,468.765,320.0,True,Đã chấm điểm
14870,United Kingdom,2010-01-25,2011-03-23,6,1819.05,At Risk,2,2,4,4,,,,False,Không đủ điều kiện chấm điểm
14621,United Kingdom,2010-01-25,2011-12-08,9,3000.57,Champions,1,5,5,5,0.318,225.475,1396.0,False,Đã chấm điểm
15303,United Kingdom,2010-01-25,2011-02-22,3,1178.78,At Risk,2,2,3,3,,,,False,Không đủ điều kiện chấm điểm
13488,United Kingdom,2010-01-25,2011-11-22,23,14167.56,Champions,1,5,5,5,0.088,169.484,1985.0,False,Đã chấm điểm
17810,United Kingdom,2010-01-25,2010-02-09,2,343.21,Hibernating,0,1,2,2,,,,False,Không đủ điều kiện chấm điểm
18199,United Kingdom,2010-01-25,2010-01-25,1,344.75,Hibernating,0,1,1,2,,,,False,Không đủ điều kiện chấm điểm
13477,United Kingdom,2010-01-25,2011-11-02,11,2819.17,Champions,1,4,5,4,0.296,159.399,2105.0,False,Đã chấm điểm
16795,United Kingdom,2010-01-25,2010-12-09,3,2051.91,At Risk,2,2,3,4,,,,False,Không đủ điều kiện chấm điểm
17419,United Kingdom,2010-01-25,2011-11-28,18,6111.4,Champions,1,5,5,5,0.22,210.856,1536.0,False,Đã chấm điểm
16004,United Kingdom,2010-01-25,2010-08-22,5,2146.39,At Risk,2,1,4,4,,,,False,Không đủ điều kiện chấm điểm
14628,United Kingdom,2010-01-25,2011-09-09,5,1998.0,Loyal,2,3,4,4,0.656,163.148,2057.0,False,Đã chấm điểm
15611,United Kingdom,2010-01-25,2011-11-30,24,2848.33,Champions,1,5,5,4,0.137,65.41,3231.0,False,Đã chấm điểm
14376,United Kingdom,2010-01-25,2010-01-25,1,215.46,Hibernating,0,1,1,1,,,,False,Không đủ điều kiện chấm điểm
12857,United Kingdom,2010-01-25,2011-05-13,6,3688.0,At Risk,2,2,4,5,,,,False,Không đủ điều kiện chấm điểm
14538,United Kingdom,2010-01-25,2011-10-06,5,1370.84,Loyal,2,3,4,4,0.672,91.325,2976.0,False,Đã chấm điểm
17218,United Kingdom,2010-01-25,2011-12-05,18,3889.39,Champions,1,5,5,5,0.362,178.958,1892.0,False,Đã chấm điểm
13650,United Kingdom,2010-01-26,2011-11-23,10,3189.75,Champions,1,5,5,5,0.335,203.432,1607.0,False,Đã chấm điểm
15259,United Kingdom,2010-01-26,2010-07-15,4,1182.38,At Risk,2,1,3,3,,,,False,Không đủ điều kiện chấm điểm
13971,United Kingdom,2010-01-26,2011-11-21,14,4629.07,Champions,1,5,5,5,0.174,139.381,2351.0,False,Đã chấm điểm
12468,Germany,2010-01-26,2011-06-05,5,3238.74,At Risk,2,2,4,5,,,,False,Không đủ điều kiện chấm điểm
15218,United Kingdom,2010-01-26,2011-11-29,22,11432.83,Champions,1,5,5,5,0.112,196.763,1669.0,False,Đã chấm điểm
15950,United Kingdom,2010-01-26,2011-11-08,10,7067.26,Champions,1,4,5,5,0.4,425.171,396.0,True,Đã chấm điểm
17536,United Kingdom,2010-01-26,2011-06-15,3,364.83,Loyal,0,3,3,2,0.829,32.054,3417.0,False,Đã chấm điểm
15003,United Kingdom,2010-01-26,2010-08-23,6,1027.03,At Risk,2,1,4,3,,,,False,Không đủ điều kiện chấm điểm
16481,United Kingdom,2010-01-26,2010-01-26,1,440.88,Hibernating,0,1,1,2,,,,False,Không đủ điều kiện chấm điểm
13459,United Kingdom,2010-01-26,2010-03-25,2,1160.41,At Risk,2,1,2,3,,,,False,Không đủ điều kiện chấm điểm
16281,United Kingdom,2010-01-26,2011-09-28,3,3424.02,Loyal,2,3,3,5,0.748,1542.394,21.0,True,Đã chấm điểm
12905,United Kingdom,2010-01-26,2010-05-12,2,1018.42,At Risk,2,1,2,3,,,,False,Không đủ điều kiện chấm điểm
12361,Belgium,2010-01-26,2011-02-25,4,451.25,At Risk,2,2,3,2,,,,False,Không đủ điều kiện chấm điểm
17059,United Kingdom,2010-01-26,2011-11-10,9,4846.87,Champions,1,4,5,5,0.282,229.316,1362.0,False,Đã chấm điểm
15845,United Kingdom,2010-01-26,2011-11-22,11,4389.2,Champions,1,5,5,5,0.171,180.706,1865.0,False,Đã chấm điểm
17050,United Kingdom,2010-01-26,2011-09-04,10,4348.46,Loyal,2,3,5,5,0.403,245.575,1212.0,False,Đã chấm điểm
17726,United Kingdom,2010-01-26,2010-11-09,7,1092.06,At Risk,2,2,4,3,,,,False,Không đủ điều kiện chấm điểm
13514,United Kingdom,2010-01-26,2011-09-27,4,815.9,Loyal,2,3,3,3,0.783,119.147,2632.0,False,Đã chấm điểm
15766,United Kingdom,2010-01-26,2011-10-06,3,831.06,Loyal,3,3,3,3,0.747,235.254,1311.0,False,Đã chấm điểm
15959,United Kingdom,2010-01-26,2010-01-26,3,542.89,At Risk,0,1,3,2,,,,False,Không đủ điều kiện chấm điểm
15073,United Kingdom,2010-01-27,2011-11-30,7,2322.24,Champions,1,5,4,4,0.698,206.738,1582.0,False,Đã chấm điểm
13698,United Kingdom,2010-01-27,2010-04-22,2,451.73,Hibernating,0,1,2,2,,,,False,Không đủ điều kiện chấm điểm
16051,United Kingdom,2010-01-27,2010-01-27,1,188.44,Hibernating,0,1,1,1,,,,False,Không đủ điều kiện chấm điểm
14365,United Kingdom,2010-01-27,2010-11-10,2,634.68,At Risk,0,2,2,3,,,,False,Không đủ điều kiện chấm điểm
12873,United Kingdom,2010-01-27,2011-03-02,3,2027.3,At Risk,2,2,3,4,,,,False,Không đủ điều kiện chấm điểm
15695,United Kingdom,2010-01-27,2011-03-18,4,1131.04,At Risk,2,2,3,3,,,,False,Không đủ điều kiện chấm điểm
15798,United Kingdom,2010-01-27,2010-08-04,3,1535.37,At Risk,2,1,3,4,,,,False,Không đủ điều kiện chấm điểm
14551,United Kingdom,2010-01-27,2011-11-21,7,878.09,Champions,3,5,4,3,0.728,59.499,3284.0,False,Đã chấm điểm
12869,United Kingdom,2010-01-27,2010-01-27,1,337.67,Hibernating,0,1,1,2,,,,False,Không đủ điều kiện chấm điểm
17604,United Kingdom,2010-01-27,2011-05-06,6,942.38,At Risk,2,2,4,3,,,,False,Không đủ điều kiện chấm điểm
15389,United Kingdom,2010-01-27,2011-06-20,5,2733.8,Loyal,2,3,4,4,0.728,189.372,1760.0,False,Đã chấm điểm
16430,United Kingdom,2010-01-27,2011-10-13,6,1102.94,Champions,2,4,4,3,0.734,220.957,1448.0,False,Đã chấm điểm
13048,United Kingdom,2010-01-27,2011-11-25,9,4049.13,Champions,1,5,5,5,0.535,270.389,1020.0,False,Đã chấm điểm
15797,United Kingdom,2010-01-27,2011-08-18,5,2806.08,Loyal,2,3,4,4,0.625,182.525,1843.0,False,Đã chấm điểm
16320,Unspecified,2010-01-27,2011-06-20,6,5628.99,Loyal,2,3,4,5,0.592,258.705,1106.0,False,Đã chấm điểm
13101,United Kingdom,2010-01-27,2011-04-19,4,695.4,At Risk,2,2,3,3,,,,False,Không đủ điều kiện chấm điểm
18016,United Kingdom,2010-01-27,2011-11-07,7,1954.56,Champions,2,4,4,4,0.48,267.576,1037.0,False,Đã chấm điểm
14167,United Kingdom,2010-01-27,2011-10-31,8,1274.29,Champions,2,4,4,4,0.54,76.291,3136.0,False,Đã chấm điểm
14279,United Kingdom,2010-01-27,2010-07-07,2,191.86,Hibernating,0,1,2,1,,,,False,Không đủ điều kiện chấm điểm
12484,Spain,2010-01-27,2011-11-04,9,5544.35,Champions,1,4,5,5,0.384,568.963,213.0,True,Đã chấm điểm
17695,United Kingdom,2010-01-28,2011-07-31,5,1746.04,Loyal,2,3,4,4,0.653,261.435,1082.0,False,Đã chấm điểm
17982,United Kingdom,2010-01-28,2010-01-28,1,138.18,Hibernating,0,1,1,1,,,,False,Không đủ điều kiện chấm điểm
14672,United Kingdom,2010-01-28,2011-04-19,4,1113.14,At Risk,2,2,3,3,,,,False,Không đủ điều kiện chấm điểm
15563,United Kingdom,2010-01-28,2011-11-17,6,2815.42,Champions,1,4,4,4,0.653,319.042,735.0,False,Đã chấm điểm
13820,United Kingdom,2010-01-28,2010-10-17,3,652.75,At Risk,2,1,3,3,,,,False,Không đủ điều kiện chấm điểm
14613,United Kingdom,2010-01-28,2010-01-28,1,76.32,Hibernating,0,1,1,1,,,,False,Không đủ điều kiện chấm điểm
16326,United Kingdom,2010-01-28,2011-12-04,24,4601.25,Champions,1,5,5,5,0.098,106.364,2810.0,False,Đã chấm điểm
15544,United Kingdom,2010-01-28,2011-11-30,20,7793.04,Champions,1,5,5,5,0.177,176.465,1921.0,False,Đã chấm điểm
16137,United Kingdom,2010-01-28,2010-01-28,1,422.7,Hibernating,0,1,1,2,,,,False,Không đủ điều kiện chấm điểm
18194,United Kingdom,2010-01-28,2011-09-18,6,4084.2,Loyal,2,3,4,5,0.788,706.114,125.0,True,Đã chấm điểm
13615,United Kingdom,2010-01-28,2011-01-25,8,6254.83,At Risk,2,2,4,5,,,,False,Không đủ điều kiện chấm điểm
15137,United Kingdom,2010-01-28,2010-07-07,2,823.4,At Risk,0,1,2,3,,,,False,Không đủ điều kiện chấm điểm
17905,United Kingdom,2010-01-28,2011-09-29,13,2159.07,Loyal,1,3,5,4,0.615,143.116,2309.0,False,Đã chấm điểm
15861,United Kingdom,2010-01-28,2011-11-27,11,4195.9,Champions,1,5,5,5,0.296,296.102,861.0,False,Đã chấm điểm
15192,United Kingdom,2010-01-29,2011-08-12,5,1666.39,Loyal,2,3,4,4,0.641,219.175,1460.0,False,Đã chấm điểm
14469,United Kingdom,2010-01-29,2010-10-19,4,2093.46,At Risk,2,1,3,4,,,,False,Không đủ điều kiện chấm điểm
13851,United Kingdom,2010-01-29,2011-09-05,8,4516.76,Loyal,2,3,4,5,0.584,979.925,68.0,True,Đã chấm điểm
15487,United Kingdom,2010-01-29,2010-01-29,1,231.32,Hibernating,0,1,1,1,,,,False,Không đủ điều kiện chấm điểm
13480,United Kingdom,2010-01-29,2010-10-19,2,627.82,At Risk,0,1,2,3,,,,False,Không đủ điều kiện chấm điểm
15251,United Kingdom,2010-01-29,2011-11-30,21,20324.54,Champions,1,5,5,5,0.08,310.441,781.0,False,Đã chấm điểm
12823,United Kingdom,2010-01-29,2011-09-26,18,6501.5,Loyal,1,3,5,5,0.453,195.489,1687.0,False,Đã chấm điểm
13583,United Kingdom,2010-01-29,2011-07-07,2,1445.03,Loyal,2,3,2,4,0.688,310.161,784.0,False,Đã chấm điểm
14249,United Kingdom,2010-01-29,2010-10-25,12,5400.46,At Risk,2,1,5,5,,,,False,Không đủ điều kiện chấm điểm
16673,United Kingdom,2010-01-29,2010-01-29,1,171.13,Hibernating,0,1,1,1,,,,False,Không đủ điều kiện chấm điểm
16390,United Kingdom,2010-01-29,2010-06-21,3,467.5,At Risk,0,1,3,2,,,,False,Không đủ điều kiện chấm điểm
14068,United Kingdom,2010-01-31,2011-01-23,4,1493.32,At Risk,2,2,3,4,,,,False,Không đủ điều kiện chấm điểm
15943,United Kingdom,2010-01-31,2010-02-28,2,271.29,Hibernating,0,1,2,1,,,,False,Không đủ điều kiện chấm điểm
16923,United Kingdom,2010-01-31,2011-11-27,31,12712.83,Champions,1,5,5,5,0.029,51.153,3330.0,False,Đã chấm điểm
16955,United Kingdom,2010-01-31,2011-06-08,6,1095.31,Loyal,2,3,4,3,,,,False,Không đủ điều kiện chấm điểm
15013,United Kingdom,2010-01-31,2010-08-09,10,1610.82,At Risk,2,1,5,4,,,,False,Không đủ điều kiện chấm điểm
15588,United Kingdom,2010-01-31,2010-01-31,1,579.6,Hibernating,0,1,1,2,,,,False,Không đủ điều kiện chấm điểm
17137,United Kingdom,2010-01-31,2010-10-19,6,1099.81,At Risk,2,1,4,3,,,,False,Không đủ điều kiện chấm điểm
14481,United Kingdom,2010-01-31,2011-06-28,5,2284.69,Loyal,2,3,4,4,0.765,139.146,2355.0,False,Đã chấm điểm
16014,United Kingdom,2010-01-31,2011-11-02,5,1100.28,Champions,3,4,4,3,0.656,151.652,2209.0,False,Đã chấm điểm
14820,United Kingdom,2010-01-31,2011-11-18,9,1274.76,Champions,1,4,5,4,0.494,129.692,2497.0,False,Đã chấm điểm
15385,United Kingdom,2010-01-31,2011-10-30,3,942.08,Potential Loyalist,3,4,3,3,0.729,231.107,1346.0,False,Đã chấm điểm
12483,Sweden,2010-01-31,2011-11-22,19,4045.78,Champions,1,5,5,5,0.168,103.875,2843.0,False,Đã chấm điểm
13443,United Kingdom,2010-01-31,2010-09-17,6,1269.37,At Risk,2,1,4,4,,,,False,Không đủ điều kiện chấm điểm
13392,United Kingdom,2010-01-31,2010-01-31,1,91.14,Hibernating,0,1,1,1,,,,False,Không đủ điều kiện chấm điểm
14306,United Kingdom,2010-01-31,2011-10-19,6,3151.4,Champions,2,4,4,5,0.543,1136.464,44.0,True,Đã chấm điểm
13897,United Kingdom,2010-01-31,2011-10-20,3,1160.72,Potential Loyalist,3,4,3,3,0.726,225.835,1394.0,False,Đã chấm điểm
15338,United Kingdom,2010-01-31,2010-01-31,1,277.93,Hibernating,0,1,1,1,,,,False,Không đủ điều kiện chấm điểm
18212,United Kingdom,2010-01-31,2011-01-17,2,514.37,Hibernating,0,2,2,2,,,,False,Không đủ điều kiện chấm điểm
16655,United Kingdom,2010-01-31,2011-11-22,13,6423.26,Champions,1,5,5,5,0.191,275.57,994.0,False,Đã chấm điểm
12668,Germany,2010-01-31,2011-11-28,9,9811.83,Champions,1,5,5,5,0.527,339.659,645.0,False,Đã chấm điểm
17107,United Kingdom,2010-01-31,2011-11-06,10,15762.72,Champions,1,4,5,5,0.202,766.332,109.0,True,Đã chấm điểm
17176,United Kingdom,2010-01-31,2011-05-22,3,902.32,At Risk,2,2,3,3,,,,False,Không đủ điều kiện chấm điểm
13478,United Kingdom,2010-01-31,2010-08-27,5,2041.03,At Risk,2,1,4,4,,,,False,Không đủ điều kiện chấm điểm
14637,United Kingdom,2010-01-31,2010-01-31,1,106.68,Hibernating,0,1,1,1,,,,False,Không đủ điều kiện chấm điểm
15317,United Kingdom,2010-01-31,2010-01-31,1,129.75,Hibernating,0,1,1,1,,,,False,Không đủ điều kiện chấm điểm
15022,United Kingdom,2010-01-31,2011-11-28,5,1133.44,Champions,3,5,4,3,0.318,270.892,1018.0,False,Đã chấm điểm
14370,United Kingdom,2010-02-01,2010-09-15,6,1102.83,At Risk,2,1,4,3,,,,False,Không đủ điều kiện chấm điểm
12810,Japan,2010-02-01,2010-06-23,2,534.99,Hibernating,0,1,2,2,,,,False,Không đủ điều kiện chấm điểm
14047,United Kingdom,2010-02-01,2011-12-01,14,3920.41,Champions,1,5,5,5,0.51,232.42,1335.0,False,Đã chấm điểm
12800,Portugal,2010-02-01,2010-08-26,2,500.25,Hibernating,0,1,2,2,,,,False,Không đủ điều kiện chấm điểm
12711,Germany,2010-02-01,2010-04-07,2,1213.05,At Risk,2,1,2,4,,,,False,Không đủ điều kiện chấm điểm
15416,United Kingdom,2010-02-01,2011-10-06,7,4572.82,Loyal,2,3,4,5,0.418,409.299,427.0,True,Đã chấm điểm
17365,United Kingdom,2010-02-01,2011-11-27,15,8179.45,Champions,1,5,5,5,0.174,247.161,1191.0,False,Đã chấm điểm
13511,United Kingdom,2010-02-01,2010-02-01,1,282.76,Hibernating,0,1,1,2,,,,False,Không đủ điều kiện chấm điểm
16415,United Kingdom,2010-02-01,2011-10-26,3,696.76,Potential Loyalist,3,4,3,3,0.751,150.365,2223.0,False,Đã chấm điểm
15512,United Kingdom,2010-02-01,2011-07-07,4,331.58,Loyal,0,3,3,2,0.842,9.62,3455.0,False,Đã chấm điểm
14821,United Kingdom,2010-02-01,2010-12-08,7,1230.15,At Risk,2,2,4,4,,,,False,Không đủ điều kiện chấm điểm
13156,United Kingdom,2010-02-01,2010-11-19,3,1586.54,At Risk,2,2,3,4,,,,False,Không đủ điều kiện chấm điểm
17361,United Kingdom,2010-02-01,2011-10-21,5,871.79,Champions,3,4,4,3,0.608,129.752,2496.0,False,Đã chấm điểm
13628,United Kingdom,2010-02-01,2010-02-01,1,310.14,Hibernating,0,1,1,2,,,,False,Không đủ điều kiện chấm điểm
15480,Malta,2010-02-01,2011-08-15,3,3592.25,Loyal,2,3,3,5,0.682,474.717,308.0,True,Đã chấm điểm
18064,United Kingdom,2010-02-01,2011-07-29,11,4481.83,Loyal,2,3,5,5,0.627,194.698,1696.0,False,Đã chấm điểm
17350,United Kingdom,2010-02-01,2011-12-01,7,1863.82,Champions,1,5,4,4,0.276,345.282,621.0,False,Đã chấm điểm
15564,United Kingdom,2010-02-01,2010-09-02,2,70.74,Hibernating,0,1,2,1,,,,False,Không đủ điều kiện chấm điểm
15803,United Kingdom,2010-02-01,2011-10-19,4,1929.66,Champions,2,4,3,4,0.734,305.384,806.0,False,Đã chấm điểm
17146,United Kingdom,2010-02-02,2011-08-26,13,5776.14,Loyal,1,3,5,5,0.638,98.216,2897.0,False,Đã chấm điểm
13916,United Kingdom,2010-02-02,2010-09-02,4,1275.81,At Risk,2,1,3,4,,,,False,Không đủ điều kiện chấm điểm
15279,United Kingdom,2010-02-02,2010-12-20,5,1567.94,At Risk,2,2,4,4,,,,False,Không đủ điều kiện chấm điểm
18175,United Kingdom,2010-02-02,2010-02-02,1,176.1,Hibernating,0,1,1,1,,,,False,Không đủ điều kiện chấm điểm
17163,United Kingdom,2010-02-02,2011-11-18,4,699.78,Potential Loyalist,3,4,3,3,0.556,162.966,2059.0,False,Đã chấm điểm
16300,United Kingdom,2010-02-02,2010-10-05,3,1367.32,At Risk,2,1,3,4,,,,False,Không đủ điều kiện chấm điểm
12848,United Kingdom,2010-02-02,2010-02-02,1,208.0,Hibernating,0,1,1,1,,,,False,Không đủ điều kiện chấm điểm
13538,United Kingdom,2010-02-02,2011-10-27,12,3103.13,Champions,1,4,5,5,0.425,161.297,2083.0,False,Đã chấm điểm
17876,United Kingdom,2010-02-02,2010-11-05,3,3424.02,At Risk,2,2,3,5,,,,False,Không đủ điều kiện chấm điểm
13975,United Kingdom,2010-02-02,2011-11-08,12,5249.8,Champions,1,4,5,5,0.293,218.757,1466.0,False,Đã chấm điểm
17092,United Kingdom,2010-02-02,2011-10-20,11,5511.41,Champions,1,4,5,5,0.381,442.633,364.0,True,Đã chấm điểm
16067,United Kingdom,2010-02-02,2010-05-26,3,3269.11,At Risk,2,1,3,5,,,,False,Không đủ điều kiện chấm điểm
12805,Netherlands,2010-02-03,2010-11-23,4,1230.95,At Risk,2,2,3,4,,,,False,Không đủ điều kiện chấm điểm
15321,United Kingdom,2010-02-03,2011-09-30,12,6692.03,Loyal,1,3,5,5,0.674,1071.393,50.0,True,Đã chấm điểm
15091,United Kingdom,2010-02-03,2011-10-03,3,1046.61,Loyal,2,3,3,3,0.739,355.057,591.0,False,Đã chấm điểm
13553,United Kingdom,2010-02-03,2010-02-03,1,499.6,Hibernating,0,1,1,2,,,,False,Không đủ điều kiện chấm điểm
16928,United Kingdom,2010-02-03,2011-09-20,26,3763.23,Loyal,1,3,5,5,0.352,309.76,785.0,False,Đã chấm điểm
13757,United Kingdom,2010-02-03,2010-02-03,1,195.55,Hibernating,0,1,1,1,,,,False,Không đủ điều kiện chấm điểm
17311,United Kingdom,2010-02-03,2011-09-22,6,3500.56,Loyal,2,3,4,5,0.782,648.109,159.0,True,Đã chấm điểm
16840,United Kingdom,2010-02-03,2010-04-15,2,139.85,Hibernating,0,1,2,1,,,,False,Không đủ điều kiện chấm điểm
16081,United Kingdom,2010-02-03,2011-10-14,8,4278.96,Champions,1,4,4,5,0.255,233.308,1331.0,False,Đã chấm điểm
14399,United Kingdom,2010-02-03,2010-11-10,8,2108.21,At Risk,2,2,4,4,,,,False,Không đủ điều kiện chấm điểm
12396,RSA,2010-02-03,2010-02-03,1,931.43,Hibernating,0,1,1,3,,,,False,Không đủ điều kiện chấm điểm
15448,United Kingdom,2010-02-03,2011-01-31,2,788.81,At Risk,0,2,2,3,,,,False,Không đủ điều kiện chấm điểm
18101,United Kingdom,2010-02-03,2011-11-28,5,622.01,Champions,3,5,4,3,0.664,92.322,2960.0,False,Đã chấm điểm
13619,United Kingdom,2010-02-03,2010-06-13,2,223.44,Hibernating,0,1,2,1,,,,False,Không đủ điều kiện chấm điểm
16834,United Kingdom,2010-02-03,2011-04-26,2,898.96,At Risk,2,2,2,3,,,,False,Không đủ điều kiện chấm điểm
17690,United Kingdom,2010-02-03,2011-11-09,20,6963.8,Champions,1,4,5,5,0.081,86.696,3012.0,False,Đã chấm điểm
12840,United Kingdom,2010-02-03,2011-07-19,7,4030.27,Loyal,2,3,4,5,0.538,581.559,203.0,True,Đã chấm điểm
14545,United Kingdom,2010-02-03,2010-02-03,1,349.25,Hibernating,0,1,1,2,,,,False,Không đủ điều kiện chấm điểm
15023,United Kingdom,2010-02-03,2011-12-06,20,11518.26,Champions,1,5,5,5,0.094,191.395,1736.0,False,Đã chấm điểm
14038,United Kingdom,2010-02-04,2011-09-22,5,3037.03,Loyal,2,3,4,5,0.416,280.82,964.0,False,Đã chấm điểm
15591,United Kingdom,2010-02-04,2010-05-06,3,217.9,Hibernating,0,1,3,1,,,,False,Không đủ điều kiện chấm điểm
14497,United Kingdom,2010-02-04,2011-02-03,2,697.06,At Risk,0,2,2,3,,,,False,Không đủ điều kiện chấm điểm
15732,United Kingdom,2010-02-04,2011-05-11,10,1469.72,At Risk,2,2,5,4,,,,False,Không đủ điều kiện chấm điểm
13107,United Kingdom,2010-02-04,2011-10-26,9,5194.27,Champions,1,4,5,5,0.447,220.675,1452.0,False,Đã chấm điểm
12373,Austria,2010-02-04,2011-02-01,3,927.65,At Risk,2,2,3,3,,,,False,Không đủ điều kiện chấm điểm
16583,United Kingdom,2010-02-04,2010-12-01,2,297.95,Hibernating,0,2,2,2,,,,False,Không đủ điều kiện chấm điểm
17281,United Kingdom,2010-02-04,2010-11-30,6,797.85,At Risk,2,2,4,3,,,,False,Không đủ điều kiện chấm điểm
16383,United Kingdom,2010-02-04,2011-09-26,7,2828.94,Loyal,2,3,4,4,0.672,144.677,2290.0,False,Đã chấm điểm
16412,United Kingdom,2010-02-04,2011-10-17,5,593.19,Potential Loyalist,3,4,4,2,0.764,103.878,2842.0,False,Đã chấm điểm
13783,United Kingdom,2010-02-04,2010-08-09,4,1542.09,At Risk,2,1,3,4,,,,False,Không đủ điều kiện chấm điểm
15167,United Kingdom,2010-02-04,2011-01-23,5,1627.62,At Risk,2,2,4,4,,,,False,Không đủ điều kiện chấm điểm
17138,United Kingdom,2010-02-04,2011-03-09,7,4417.27,At Risk,2,2,4,5,,,,False,Không đủ điều kiện chấm điểm
16986,United Kingdom,2010-02-04,2011-11-10,11,4888.75,Champions,1,4,5,5,0.544,1018.288,55.0,True,Đã chấm điểm
12500,Germany,2010-02-04,2011-11-16,18,5532.71,Champions,1,4,5,5,0.195,205.564,1590.0,False,Đã chấm điểm
17309,United Kingdom,2010-02-04,2011-09-05,3,320.39,Loyal,0,3,3,2,0.755,58.568,3291.0,False,Đã chấm điểm
16266,United Kingdom,2010-02-04,2011-09-27,14,1757.95,Loyal,1,3,5,4,0.492,184.216,1815.0,False,Đã chấm điểm
15365,United Kingdom,2010-02-04,2011-11-14,11,2669.6,Champions,1,4,5,4,0.516,303.433,815.0,False,Đã chấm điểm
17328,United Kingdom,2010-02-04,2010-02-04,1,104.7,Hibernating,0,1,1,1,,,,False,Không đủ điều kiện chấm điểm
15810,United Kingdom,2010-02-04,2011-09-22,8,2965.59,Loyal,2,3,4,5,0.479,181.394,1853.0,False,Đã chấm điểm
13874,United Kingdom,2010-02-04,2010-12-16,7,2049.15,At Risk,2,2,4,4,,,,False,Không đủ điều kiện chấm điểm
18267,United Kingdom,2010-02-05,2010-02-05,1,269.37,Hibernating,0,1,1,1,,,,False,Không đủ điều kiện chấm điểm
12853,United Kingdom,2010-02-05,2011-07-28,11,3854.5,Loyal,2,3,5,5,0.541,299.563,843.0,False,Đã chấm điểm
13009,United Kingdom,2010-02-05,2010-02-05,1,234.0,Hibernating,0,1,1,1,,,,False,Không đủ điều kiện chấm điểm
16147,United Kingdom,2010-02-05,2011-07-29,5,2368.67,Loyal,2,3,4,4,0.783,197.23,1659.0,False,Đã chấm điểm
13658,United Kingdom,2010-02-05,2011-11-30,9,5838.22,Champions,1,5,5,5,0.457,496.31,277.0,True,Đã chấm điểm
16704,United Kingdom,2010-02-05,2010-03-31,2,664.16,At Risk,0,1,2,3,,,,False,Không đủ điều kiện chấm điểm
15784,United Kingdom,2010-02-05,2010-08-29,2,848.33,At Risk,0,1,2,3,,,,False,Không đủ điều kiện chấm điểm
14682,United Kingdom,2010-02-05,2011-06-05,6,1514.81,At Risk,2,2,4,4,,,,False,Không đủ điều kiện chấm điểm
15660,United Kingdom,2010-02-05,2011-11-14,15,2564.09,Champions,1,4,5,4,0.39,205.042,1592.0,False,Đã chấm điểm
13700,United Kingdom,2010-02-07,2011-11-13,13,2596.97,Champions,1,4,5,4,0.186,124.944,2555.0,False,Đã chấm điểm
16714,United Kingdom,2010-02-07,2011-01-26,3,1217.33,At Risk,2,2,3,4,,,,False,Không đủ điều kiện chấm điểm
15580,United Kingdom,2010-02-07,2010-11-28,8,1295.44,At Risk,2,2,4,4,,,,False,Không đủ điều kiện chấm điểm
15422,United Kingdom,2010-02-07,2011-01-20,7,1619.97,At Risk,2,2,4,4,,,,False,Không đủ điều kiện chấm điểm
15584,United Kingdom,2010-02-07,2011-11-16,6,1255.45,Champions,3,4,4,4,0.458,180.216,1873.0,False,Đã chấm điểm
16788,United Kingdom,2010-02-07,2011-08-08,5,1927.28,Loyal,2,3,4,4,0.564,118.091,2648.0,False,Đã chấm điểm
16225,United Kingdom,2010-02-07,2011-10-26,15,2846.56,Champions,1,4,5,4,0.513,177.214,1911.0,False,Đã chấm điểm
12402,Belgium,2010-02-07,2011-01-20,6,1124.15,At Risk,2,2,4,3,,,,False,Không đủ điều kiện chấm điểm
14562,United Kingdom,2010-02-07,2011-12-06,26,6409.65,Champions,1,5,5,5,0.035,59.637,3280.0,False,Đã chấm điểm
17550,United Kingdom,2010-02-07,2011-05-26,9,2165.54,At Risk,2,2,5,4,,,,False,Không đủ điều kiện chấm điểm
16082,United Kingdom,2010-02-07,2010-02-07,1,106.75,Hibernating,0,1,1,1,,,,False,Không đủ điều kiện chấm điểm
16212,United Kingdom,2010-02-07,2011-11-20,4,1293.71,Champions,3,4,3,4,0.722,138.833,2363.0,False,Đã chấm điểm
17342,United Kingdom,2010-02-08,2010-11-25,4,1210.14,At Risk,2,2,3,4,,,,False,Không đủ điều kiện chấm điểm
17504,United Kingdom,2010-02-08,2011-05-17,17,9222.62,At Risk,1,2,5,5,,,,False,Không đủ điều kiện chấm điểm
14227,United Kingdom,2010-02-08,2011-11-13,15,6305.28,Champions,1,4,5,5,0.177,167.614,1997.0,False,Đã chấm điểm
13497,United Kingdom,2010-02-08,2011-03-02,6,1139.83,At Risk,2,2,4,3,,,,False,Không đủ điều kiện chấm điểm
16161,United Kingdom,2010-02-08,2011-12-08,43,12310.71,Champions,1,5,5,5,0.044,66.464,3222.0,False,Đã chấm điểm
13870,United Kingdom,2010-02-08,2011-12-07,15,5712.08,Champions,1,5,5,5,0.222,263.66,1066.0,False,Đã chấm điểm
16246,United Kingdom,2010-02-08,2010-09-06,2,821.35,At Risk,0,1,2,3,,,,False,Không đủ điều kiện chấm điểm
13417,United Kingdom,2010-02-08,2011-12-05,6,1563.29,Champions,3,5,4,4,0.702,196.462,1672.0,False,Đã chấm điểm
13304,United Kingdom,2010-02-08,2010-12-23,4,1150.59,At Risk,2,2,3,3,,,,False,Không đủ điều kiện chấm điểm
13834,United Kingdom,2010-02-08,2010-05-12,2,324.19,Hibernating,0,1,2,2,,,,False,Không đủ điều kiện chấm điểm
14884,United Kingdom,2010-02-08,2010-02-08,1,120.6,Hibernating,0,1,1,1,,,,False,Không đủ điều kiện chấm điểm
18070,United Kingdom,2010-02-08,2010-02-08,1,314.1,Hibernating,0,1,1,2,,,,False,Không đủ điều kiện chấm điểm
16078,United Kingdom,2010-02-08,2011-03-01,2,362.99,Hibernating,0,2,2,2,,,,False,Không đủ điều kiện chấm điểm
15339,United Kingdom,2010-02-08,2011-10-04,7,1660.52,Loyal,2,3,4,4,0.745,235.67,1307.0,False,Đã chấm điểm
16781,United Kingdom,2010-02-08,2010-12-02,2,593.1,Hibernating,0,2,2,2,,,,False,Không đủ điều kiện chấm điểm
17514,United Kingdom,2010-02-08,2011-08-03,2,522.0,Need Attention,0,3,2,2,0.815,118.577,2638.0,False,Đã chấm điểm
17294,United Kingdom,2010-02-08,2010-02-08,2,467.79,Hibernating,0,1,2,2,,,,False,Không đủ điều kiện chấm điểm
17647,United Kingdom,2010-02-08,2011-10-05,3,331.66,Loyal,3,3,3,2,0.793,105.568,2820.0,False,Đã chấm điểm
12524,Germany,2010-02-08,2011-11-30,17,9759.36,Champions,1,5,5,5,0.224,252.495,1156.0,False,Đã chấm điểm
12665,Germany,2010-02-08,2011-01-19,3,259.6,Hibernating,0,2,3,1,,,,False,Không đủ điều kiện chấm điểm
17319,United Kingdom,2010-02-08,2010-02-08,1,29.1,Hibernating,0,1,1,1,,,,False,Không đủ điều kiện chấm điểm
17774,United Kingdom,2010-02-08,2011-09-04,9,3269.34,Loyal,2,3,5,5,0.428,153.163,2185.0,False,Đã chấm điểm
15892,United Kingdom,2010-02-08,2010-02-08,1,128.2,Hibernating,0,1,1,1,,,,False,Không đủ điều kiện chấm điểm
13119,United Kingdom,2010-02-09,2010-02-09,1,134.9,Hibernating,0,1,1,1,,,,False,Không đủ điều kiện chấm điểm
12370,Cyprus,2010-02-09,2011-10-19,7,3956.56,Champions,2,4,4,5,0.7,517.478,257.0,True,Đã chấm điểm
13131,United Kingdom,2010-02-09,2011-11-16,7,3313.77,Champions,1,4,4,5,0.508,261.246,1086.0,False,Đã chấm điểm
14609,United Kingdom,2010-02-09,2011-09-28,9,1222.2,Loyal,2,3,5,4,0.601,139.126,2356.0,False,Đã chấm điểm
17577,United Kingdom,2010-02-09,2010-03-04,2,348.75,Hibernating,0,1,2,2,,,,False,Không đủ điều kiện chấm điểm
15082,United Kingdom,2010-02-09,2010-02-09,1,93.35,Hibernating,0,1,1,1,,,,False,Không đủ điều kiện chấm điểm
12645,Germany,2010-02-09,2011-11-06,8,3185.3,Champions,1,4,4,5,0.442,227.61,1381.0,False,Đã chấm điểm
17083,United Kingdom,2010-02-09,2011-08-22,9,4049.79,Loyal,2,3,5,5,0.768,257.425,1124.0,False,Đã chấm điểm
12621,Germany,2010-02-09,2011-12-08,35,21970.5,Champions,1,5,5,5,0.022,74.711,3154.0,False,Đã chấm điểm
13293,United Kingdom,2010-02-09,2010-11-12,6,1192.94,At Risk,2,2,4,4,,,,False,Không đủ điều kiện chấm điểm
16344,United Kingdom,2010-02-09,2011-07-04,4,842.42,Loyal,2,3,3,3,0.859,49.143,3340.0,False,Đã chấm điểm
17731,United Kingdom,2010-02-09,2011-09-21,6,1195.07,Loyal,2,3,4,4,0.532,189.039,1763.0,False,Đã chấm điểm
13976,United Kingdom,2010-02-09,2011-05-17,4,1192.36,At Risk,2,2,3,4,,,,False,Không đủ điều kiện chấm điểm
13242,United Kingdom,2010-02-09,2011-08-19,7,699.4,Loyal,2,3,4,3,0.698,79.433,3107.0,False,Đã chấm điểm
16419,United Kingdom,2010-02-09,2011-08-19,8,1463.7,Loyal,2,3,4,4,0.668,157.164,2136.0,False,Đã chấm điểm
13985,United Kingdom,2010-02-09,2011-12-05,22,9991.16,Champions,1,5,5,5,0.029,68.105,3203.0,False,Đã chấm điểm
16873,United Kingdom,2010-02-09,2011-12-05,12,14617.39,Champions,1,5,5,5,0.272,494.297,280.0,True,Đã chấm điểm
12663,Germany,2010-02-09,2010-03-25,2,150.0,Hibernating,0,1,2,1,,,,False,Không đủ điều kiện chấm điểm
16530,United Kingdom,2010-02-09,2010-02-09,1,48.35,Hibernating,0,1,1,1,,,,False,Không đủ điều kiện chấm điểm
13092,United Kingdom,2010-02-10,2011-09-30,12,2035.88,Loyal,2,3,5,4,0.644,46.324,3363.0,False,Đã chấm điểm
12932,United Kingdom,2010-02-10,2010-06-18,8,1698.56,At Risk,2,1,4,4,,,,False,Không đủ điều kiện chấm điểm
18058,United Kingdom,2010-02-10,2011-11-30,3,774.06,Potential Loyalist,3,5,3,3,0.739,125.702,2545.0,False,Đã chấm điểm
15176,United Kingdom,2010-02-10,2010-02-10,1,988.04,Hibernating,0,1,1,3,,,,False,Không đủ điều kiện chấm điểm
13164,United Kingdom,2010-02-10,2010-05-19,2,372.2,Hibernating,0,1,2,2,,,,False,Không đủ điều kiện chấm điểm
12776,Portugal,2010-02-10,2010-02-10,1,27.5,Hibernating,0,1,1,1,,,,False,Không đủ điều kiện chấm điểm
17201,United Kingdom,2010-02-10,2011-10-17,4,1117.0,Potential Loyalist,2,4,3,3,0.723,209.589,1550.0,False,Đã chấm điểm
17575,United Kingdom,2010-02-10,2010-02-10,1,171.7,Hibernating,0,1,1,1,,,,False,Không đủ điều kiện chấm điểm
12474,Germany,2010-02-11,2011-11-22,29,10918.92,Champions,1,5,5,5,0.022,42.492,3384.0,False,Đã chấm điểm
16577,United Kingdom,2010-02-11,2010-02-11,1,380.0,Hibernating,0,1,1,2,,,,False,Không đủ điều kiện chấm điểm
12670,France,2010-02-11,2011-11-29,7,3436.29,Champions,1,5,4,5,0.245,259.266,1100.0,False,Đã chấm điểm
15765,United Kingdom,2010-02-11,2010-02-11,1,370.63,Hibernating,0,1,1,2,,,,False,Không đủ điều kiện chấm điểm
12567,France,2010-02-11,2011-11-17,14,10265.34,Champions,1,4,5,5,0.158,383.082,503.0,False,Đã chấm điểm
14115,United Kingdom,2010-02-11,2010-07-26,2,622.67,At Risk,0,1,2,3,,,,False,Không đủ điều kiện chấm điểm
14072,United Kingdom,2010-02-11,2010-02-11,1,390.85,Hibernating,0,1,1,2,,,,False,Không đủ điều kiện chấm điểm
16992,United Kingdom,2010-02-11,2011-11-29,13,5476.5,Champions,1,5,5,5,0.457,245.431,1214.0,False,Đã chấm điểm
14301,United Kingdom,2010-02-11,2011-08-14,4,1977.23,Loyal,2,3,3,4,0.721,351.918,602.0,False,Đã chấm điểm
17685,United Kingdom,2010-02-11,2011-11-23,12,5445.05,Champions,1,5,5,5,0.468,310.943,777.0,False,Đã chấm điểm
12677,France,2010-02-11,2010-06-02,2,359.1,Hibernating,0,1,2,2,,,,False,Không đủ điều kiện chấm điểm
13696,United Kingdom,2010-02-11,2010-10-14,3,2020.4,At Risk,2,1,3,4,,,,False,Không đủ điều kiện chấm điểm
14190,United Kingdom,2010-02-11,2010-02-11,1,79.9,Hibernating,0,1,1,1,,,,False,Không đủ điều kiện chấm điểm
15244,United Kingdom,2010-02-11,2011-10-05,3,890.13,Loyal,3,3,3,3,0.672,153.384,2180.0,False,Đã chấm điểm
13288,United Kingdom,2010-02-11,2010-09-22,5,902.11,At Risk,2,1,4,3,,,,False,Không đủ điều kiện chấm điểm
13551,United Kingdom,2010-02-11,2011-01-24,2,244.2,Hibernating,0,2,2,1,,,,False,Không đủ điều kiện chấm điểm
16839,United Kingdom,2010-02-11,2011-12-01,44,21534.16,Champions,1,5,5,5,0.013,58.679,3290.0,False,Đã chấm điểm
15807,United Kingdom,2010-02-11,2011-10-20,5,1817.52,Champions,2,4,4,4,0.447,404.146,440.0,True,Đã chấm điểm
16978,United Kingdom,2010-02-11,2011-09-23,3,768.88,Loyal,2,3,3,3,0.756,260.228,1094.0,False,Đã chấm điểm
13629,United Kingdom,2010-02-11,2011-11-16,19,13370.86,Champions,1,4,5,5,0.102,243.569,1241.0,False,Đã chấm điểm
13291,United Kingdom,2010-02-11,2011-07-07,11,3270.79,Loyal,2,3,5,5,0.77,160.314,2098.0,False,Đã chấm điểm
16553,United Kingdom,2010-02-11,2011-06-29,33,16468.51,Loyal,1,3,5,5,0.55,622.127,172.0,True,Đã chấm điểm
13815,Germany,2010-02-12,2011-11-17,8,6571.54,Champions,1,4,4,5,0.393,561.4,218.0,True,Đã chấm điểm
16895,United Kingdom,2010-02-12,2011-10-06,5,1102.9,Loyal,2,3,4,3,0.726,146.765,2269.0,False,Đã chấm điểm
15293,United Kingdom,2010-02-12,2010-02-12,1,247.5,Hibernating,0,1,1,1,,,,False,Không đủ điều kiện chấm điểm
15504,United Kingdom,2010-02-12,2011-09-19,4,391.45,Loyal,3,3,3,2,0.802,42.381,3385.0,False,Đã chấm điểm
12695,France,2010-02-12,2011-12-02,7,1371.12,Champions,3,5,4,4,0.519,128.924,2511.0,False,Đã chấm điểm
13223,United Kingdom,2010-02-12,2011-05-23,6,969.12,At Risk,2,2,4,3,,,,False,Không đủ điều kiện chấm điểm
17226,United Kingdom,2010-02-12,2011-02-04,3,895.47,At Risk,2,2,3,3,,,,False,Không đủ điều kiện chấm điểm
17547,United Kingdom,2010-02-12,2010-11-29,2,713.0,At Risk,0,2,2,3,,,,False,Không đủ điều kiện chấm điểm
15278,United Kingdom,2010-02-12,2010-05-27,4,496.16,At Risk,2,1,3,2,,,,False,Không đủ điều kiện chấm điểm
15288,United Kingdom,2010-02-12,2011-10-27,10,3706.53,Champions,1,4,5,5,0.355,258.275,1110.0,False,Đã chấm điểm
12976,United Kingdom,2010-02-12,2011-05-12,8,3156.38,At Risk,2,2,4,5,,,,False,Không đủ điều kiện chấm điểm
17258,United Kingdom,2010-02-12,2010-11-08,2,417.3,Hibernating,0,2,2,2,,,,False,Không đủ điều kiện chấm điểm
17955,United Kingdom,2010-02-12,2011-05-25,6,949.9,At Risk,2,2,4,3,,,,False,Không đủ điều kiện chấm điểm
17029,United Kingdom,2010-02-14,2011-08-21,7,2137.3,Loyal,2,3,4,4,0.575,156.399,2146.0,False,Đã chấm điểm
15372,United Kingdom,2010-02-14,2011-07-25,8,5962.66,Loyal,2,3,4,5,0.8,1047.945,52.0,True,Đã chấm điểm
13446,United Kingdom,2010-02-14,2010-10-05,11,3752.27,At Risk,2,1,5,5,,,,False,Không đủ điều kiện chấm điểm
16608,United Kingdom,2010-02-14,2010-09-12,2,1286.62,At Risk,2,1,2,4,,,,False,Không đủ điều kiện chấm điểm
15561,United Kingdom,2010-02-14,2011-11-28,8,1828.19,Champions,1,5,4,4,0.561,171.221,1970.0,False,Đã chấm điểm
17108,United Kingdom,2010-02-14,2010-02-14,1,174.95,Hibernating,0,1,1,1,,,,False,Không đủ điều kiện chấm điểm
15425,United Kingdom,2010-02-14,2010-11-04,4,1941.12,At Risk,2,2,3,4,,,,False,Không đủ điều kiện chấm điểm
15538,United Kingdom,2010-02-14,2010-06-20,6,3358.4,At Risk,2,1,4,5,,,,False,Không đủ điều kiện chấm điểm
16136,United Kingdom,2010-02-14,2011-10-11,4,932.88,Loyal,2,3,3,3,0.616,338.872,647.0,False,Đã chấm điểm
13587,United Kingdom,2010-02-14,2011-10-07,4,1308.1,Loyal,2,3,3,4,0.769,266.921,1045.0,False,Đã chấm điểm
14970,United Kingdom,2010-02-14,2011-10-02,12,4579.35,Loyal,1,3,5,5,0.446,198.845,1647.0,False,Đã chấm điểm
15272,United Kingdom,2010-02-14,2011-10-13,6,2030.95,Champions,2,4,4,4,0.572,412.814,418.0,True,Đã chấm điểm
17285,United Kingdom,2010-02-14,2010-03-21,2,400.44,Hibernating,0,1,2,2,,,,False,Không đủ điều kiện chấm điểm
13421,United Kingdom,2010-02-14,2011-10-30,8,4048.25,Champions,1,4,4,5,0.712,718.523,121.0,True,Đã chấm điểm
17340,United Kingdom,2010-02-14,2011-11-10,18,19529.8,Champions,1,4,5,5,0.154,453.641,342.0,True,Đã chấm điểm
16838,United Kingdom,2010-02-14,2011-05-26,4,1159.61,At Risk,2,2,3,3,,,,False,Không đủ điều kiện chấm điểm
15964,United Kingdom,2010-02-14,2010-02-14,1,269.21,Hibernating,0,1,1,1,,,,False,Không đủ điều kiện chấm điểm
14909,United Kingdom,2010-02-14,2010-09-28,3,1404.68,At Risk,2,1,3,4,,,,False,Không đủ điều kiện chấm điểm
18179,United Kingdom,2010-02-14,2011-11-30,8,2547.55,Champions,1,5,4,4,0.502,207.43,1571.0,False,Đã chấm điểm
14943,United Kingdom,2010-02-14,2010-02-14,1,107.62,Hibernating,0,1,1,1,,,,False,Không đủ điều kiện chấm điểm
12426,Germany,2010-02-15,2011-05-29,2,1185.31,At Risk,2,2,2,3,,,,False,Không đủ điều kiện chấm điểm
12391,Cyprus,2010-02-15,2011-11-18,6,2724.84,Champions,1,4,4,4,0.643,282.694,947.0,False,Đã chấm điểm
14282,United Kingdom,2010-02-15,2011-12-06,25,7250.76,Champions,1,5,5,5,0.032,33.788,3408.0,False,Đã chấm điểm
12380,Belgium,2010-02-15,2011-11-18,8,7175.25,Champions,1,4,4,5,0.291,342.081,632.0,False,Đã chấm điểm
16330,United Kingdom,2010-02-15,2011-11-22,7,621.63,Champions,3,5,4,3,0.6,118.544,2639.0,False,Đã chấm điểm
17136,United Kingdom,2010-02-15,2010-02-15,1,231.68,Hibernating,0,1,1,1,,,,False,Không đủ điều kiện chấm điểm
15371,United Kingdom,2010-02-15,2010-02-15,1,59.4,Hibernating,0,1,1,1,,,,False,Không đủ điều kiện chấm điểm
16544,United Kingdom,2010-02-15,2010-07-08,3,205.1,Hibernating,0,1,3,1,,,,False,Không đủ điều kiện chấm điểm
16860,United Kingdom,2010-02-15,2010-09-13,3,1610.62,At Risk,2,1,3,4,,,,False,Không đủ điều kiện chấm điểm
17241,United Kingdom,2010-02-15,2010-11-19,12,2736.64,At Risk,2,2,5,4,,,,False,Không đủ điều kiện chấm điểm
17442,United Kingdom,2010-02-15,2011-11-03,15,4583.5,Champions,1,4,5,5,0.26,191.09,1743.0,False,Đã chấm điểm
17644,United Kingdom,2010-02-16,2011-12-08,20,5953.14,Champions,1,5,5,5,0.099,97.062,2907.0,False,Đã chấm điểm
15323,United Kingdom,2010-02-16,2010-05-26,3,342.9,At Risk,0,1,3,2,,,,False,Không đủ điều kiện chấm điểm
13802,United Kingdom,2010-02-16,2011-07-24,19,24824.11,Loyal,1,3,5,5,0.635,687.118,135.0,True,Đã chấm điểm
14369,United Kingdom,2010-02-16,2010-03-07,2,469.13,Hibernating,0,1,2,2,,,,False,Không đủ điều kiện chấm điểm
16359,United Kingdom,2010-02-16,2011-12-02,16,2447.75,Champions,1,5,5,4,0.361,142.297,2315.0,False,Đã chấm điểm
14989,United Kingdom,2010-02-16,2010-02-16,1,342.4,Hibernating,0,1,1,2,,,,False,Không đủ điều kiện chấm điểm
16584,United Kingdom,2010-02-16,2011-09-20,5,3147.32,Loyal,2,3,4,5,0.67,221.364,1439.0,False,Đã chấm điểm
13407,United Kingdom,2010-02-16,2010-05-10,3,2194.84,At Risk,2,1,3,4,,,,False,Không đủ điều kiện chấm điểm
17171,United Kingdom,2010-02-16,2011-02-23,2,384.59,Hibernating,0,2,2,2,,,,False,Không đủ điều kiện chấm điểm
14639,United Kingdom,2010-02-16,2011-10-18,9,4917.16,Champions,1,4,5,5,0.338,439.873,370.0,True,Đã chấm điểm
17778,United Kingdom,2010-02-16,2010-02-16,1,197.7,Hibernating,0,1,1,1,,,,False,Không đủ điều kiện chấm điểm
17789,United Kingdom,2010-02-16,2011-03-03,2,397.15,Hibernating,0,2,2,2,,,,False,Không đủ điều kiện chấm điểm
15325,United Kingdom,2010-02-16,2011-08-28,8,1601.46,Loyal,2,3,4,4,0.807,112.925,2732.0,False,Đã chấm điểm
12960,United Kingdom,2010-02-16,2010-10-22,4,1322.07,At Risk,2,1,3,4,,,,False,Không đủ điều kiện chấm điểm
13503,United Kingdom,2010-02-16,2011-09-29,5,1766.79,Loyal,2,3,4,4,0.767,166.269,2015.0,False,Đã chấm điểm
12972,United Kingdom,2010-02-16,2010-10-22,4,1161.2,At Risk,2,1,3,3,,,,False,Không đủ điều kiện chấm điểm
17931,United Kingdom,2010-02-16,2011-07-28,14,3394.74,Loyal,2,3,5,5,0.638,91.55,2973.0,False,Đã chấm điểm
13842,United Kingdom,2010-02-16,2011-10-12,18,5302.34,Champions,1,4,5,5,0.263,224.794,1400.0,False,Đã chấm điểm
16911,United Kingdom,2010-02-16,2010-03-14,2,251.35,Hibernating,0,1,2,1,,,,False,Không đủ điều kiện chấm điểm
16774,United Kingdom,2010-02-16,2011-10-03,8,1567.48,Loyal,2,3,4,4,0.526,175.044,1937.0,False,Đã chấm điểm
14944,United Kingdom,2010-02-17,2011-11-10,19,9638.77,Champions,1,4,5,5,0.156,331.487,683.0,False,Đã chấm điểm
13659,United Kingdom,2010-02-17,2011-05-18,12,4840.98,At Risk,2,2,5,5,,,,False,Không đủ điều kiện chấm điểm
18285,United Kingdom,2010-02-17,2010-02-17,1,377.0,Hibernating,0,1,1,2,,,,False,Không đủ điều kiện chấm điểm
14244,United Kingdom,2010-02-17,2010-02-17,1,366.42,Hibernating,0,1,1,2,,,,False,Không đủ điều kiện chấm điểm
17560,United Kingdom,2010-02-17,2011-09-06,8,1895.8,Loyal,2,3,4,4,0.614,186.804,1782.0,False,Đã chấm điểm
13613,United Kingdom,2010-02-17,2010-09-13,5,1039.85,At Risk,2,1,4,3,,,,False,Không đủ điều kiện chấm điểm
14276,United Kingdom,2010-02-17,2011-09-02,7,2001.93,Loyal,2,3,4,4,0.59,228.422,1372.0,False,Đã chấm điểm
17426,United Kingdom,2010-02-17,2011-12-01,13,8017.77,Champions,1,5,5,5,0.343,667.001,148.0,True,Đã chấm điểm
14584,United Kingdom,2010-02-17,2011-06-23,8,1674.36,Loyal,2,3,4,4,0.668,292.829,882.0,False,Đã chấm điểm
16447,United Kingdom,2010-02-17,2011-07-27,3,727.1,Loyal,2,3,3,3,0.805,136.354,2396.0,False,Đã chấm điểm
16938,United Kingdom,2010-02-17,2011-12-01,9,6162.11,Champions,1,5,5,5,0.411,329.074,691.0,False,Đã chấm điểm
18218,United Kingdom,2010-02-17,2011-05-12,4,1096.04,At Risk,2,2,3,3,,,,False,Không đủ điều kiện chấm điểm
14322,United Kingdom,2010-02-18,2010-10-06,4,474.1,At Risk,2,1,3,2,,,,False,Không đủ điều kiện chấm điểm
14495,United Kingdom,2010-02-18,2011-10-20,3,174.8,Potential Loyalist,3,4,3,1,0.704,64.291,3244.0,False,Đã chấm điểm
14890,United Kingdom,2010-02-18,2011-03-31,3,817.25,At Risk,2,2,3,3,,,,False,Không đủ điều kiện chấm điểm
13773,United Kingdom,2010-02-18,2010-11-08,2,301.54,Hibernating,0,2,2,2,,,,False,Không đủ điều kiện chấm điểm
13020,United Kingdom,2010-02-18,2010-05-26,2,618.96,At Risk,0,1,2,3,,,,False,Không đủ điều kiện chấm điểm
12993,United Kingdom,2010-02-18,2011-11-16,8,1204.46,Champions,3,4,4,4,0.578,77.933,3116.0,False,Đã chấm điểm
13431,United Kingdom,2010-02-18,2011-10-03,8,3289.24,Loyal,2,3,4,5,0.519,658.163,154.0,True,Đã chấm điểm
12898,United Kingdom,2010-02-18,2010-09-02,2,296.21,Hibernating,0,1,2,2,,,,False,Không đủ điều kiện chấm điểm
16170,United Kingdom,2010-02-18,2011-10-20,20,6853.7,Champions,1,4,5,5,0.227,154.984,2159.0,False,Đã chấm điểm
13579,United Kingdom,2010-02-18,2011-11-25,5,1374.34,Champions,3,5,4,4,0.693,209.389,1554.0,False,Đã chấm điểm
14152,United Kingdom,2010-02-18,2011-09-25,7,1975.44,Loyal,2,3,4,4,0.7,166.451,2009.0,False,Đã chấm điểm
18178,United Kingdom,2010-02-18,2011-08-03,11,6086.74,Loyal,2,3,5,5,0.586,229.212,1363.0,False,Đã chấm điểm
17763,United Kingdom,2010-02-18,2011-03-21,3,51.15,Hibernating,0,2,3,1,,,,False,Không đủ điều kiện chấm điểm
12891,United Kingdom,2010-02-18,2011-06-07,10,819.5,Loyal,2,3,5,3,,,,False,Không đủ điều kiện chấm điểm
15693,United Kingdom,2010-02-18,2010-02-18,1,37.5,Hibernating,0,1,1,1,,,,False,Không đủ điều kiện chấm điểm
17721,United Kingdom,2010-02-18,2010-02-18,1,307.21,Hibernating,0,1,1,2,,,,False,Không đủ điều kiện chấm điểm
18153,United Kingdom,2010-02-18,2010-02-18,1,246.22,Hibernating,0,1,1,1,,,,False,Không đủ điều kiện chấm điểm
14783,United Kingdom,2010-02-18,2010-02-18,1,307.3,Hibernating,0,1,1,2,,,,False,Không đủ điều kiện chấm điểm
18257,United Kingdom,2010-02-18,2011-10-31,11,4534.75,Champions,1,4,5,5,0.202,173.698,1945.0,False,Đã chấm điểm
15306,United Kingdom,2010-02-18,2011-10-06,9,3484.73,Loyal,2,3,5,5,0.455,322.543,719.0,False,Đã chấm điểm
16487,United Kingdom,2010-02-18,2010-05-11,2,209.4,Hibernating,0,1,2,1,,,,False,Không đủ điều kiện chấm điểm
14686,United Kingdom,2010-02-18,2010-10-21,5,852.53,At Risk,2,1,4,3,,,,False,Không đủ điều kiện chấm điểm
13333,United Kingdom,2010-02-19,2010-10-24,3,1015.74,At Risk,2,1,3,3,,,,False,Không đủ điều kiện chấm điểm
13957,United Kingdom,2010-02-19,2010-10-18,3,458.25,At Risk,0,1,3,2,,,,False,Không đủ điều kiện chấm điểm
16574,United Kingdom,2010-02-19,2011-09-29,3,1301.78,Loyal,2,3,3,4,0.74,334.241,670.0,False,Đã chấm điểm
13604,United Kingdom,2010-02-19,2010-02-19,1,717.62,Hibernating,0,1,1,3,,,,False,Không đủ điều kiện chấm điểm
17145,United Kingdom,2010-02-19,2010-07-15,4,3025.66,At Risk,2,1,3,5,,,,False,Không đủ điều kiện chấm điểm
13662,United Kingdom,2010-02-19,2011-09-15,11,2206.81,Loyal,2,3,5,4,0.471,143.742,2299.0,False,Đã chấm điểm
13552,United Kingdom,2010-02-19,2011-10-04,22,6730.02,Loyal,1,3,5,5,0.159,180.246,1872.0,False,Đã chấm điểm
13191,United Kingdom,2010-02-19,2010-02-19,1,159.21,Hibernating,0,1,1,1,,,,False,Không đủ điều kiện chấm điểm
18283,United Kingdom,2010-02-19,2011-12-06,22,2658.95,Champions,1,5,5,4,0.102,67.913,3205.0,False,Đã chấm điểm
12416,Australia,2010-02-21,2010-02-21,1,202.56,Hibernating,0,1,1,1,,,,False,Không đủ điều kiện chấm điểm
13761,United Kingdom,2010-02-21,2011-10-20,6,1952.17,Champions,2,4,4,4,0.585,313.208,757.0,False,Đã chấm điểm
14878,United Kingdom,2010-02-21,2011-11-27,25,3934.3,Champions,1,5,5,5,0.259,94.15,2936.0,False,Đã chấm điểm
15988,United Kingdom,2010-02-21,2011-11-20,3,736.39,Potential Loyalist,3,4,3,3,0.733,114.936,2698.0,False,Đã chấm điểm
15182,United Kingdom,2010-02-21,2011-07-08,11,2967.35,Loyal,2,3,5,5,0.581,121.125,2599.0,False,Đã chấm điểm
16693,United Kingdom,2010-02-21,2011-10-02,5,1179.48,Loyal,2,3,4,3,0.751,243.686,1239.0,False,Đã chấm điểm
15774,United Kingdom,2010-02-21,2011-10-02,6,1287.09,Loyal,2,3,4,4,0.767,207.765,1570.0,False,Đã chấm điểm
16948,United Kingdom,2010-02-21,2011-07-24,7,868.77,Loyal,2,3,4,3,0.619,77.748,3119.0,False,Đã chấm điểm
13980,United Kingdom,2010-02-21,2011-10-10,5,744.62,Loyal,2,3,4,3,0.736,147.324,2262.0,False,Đã chấm điểm
17332,United Kingdom,2010-02-21,2010-06-29,5,827.77,At Risk,2,1,4,3,,,,False,Không đủ điều kiện chấm điểm
15928,United Kingdom,2010-02-21,2010-02-21,1,293.53,Hibernating,0,1,1,2,,,,False,Không đủ điều kiện chấm điểm
12945,United Kingdom,2010-02-21,2011-02-24,2,900.11,At Risk,2,2,2,3,,,,False,Không đủ điều kiện chấm điểm
16450,United Kingdom,2010-02-21,2011-07-13,3,1505.73,Loyal,2,3,3,4,0.757,141.601,2326.0,False,Đã chấm điểm
14602,United Kingdom,2010-02-21,2010-02-21,1,205.36,Hibernating,0,1,1,1,,,,False,Không đủ điều kiện chấm điểm
16273,United Kingdom,2010-02-21,2010-03-01,2,318.34,Hibernating,0,1,2,2,,,,False,Không đủ điều kiện chấm điểm
13540,United Kingdom,2010-02-22,2010-08-29,3,632.39,At Risk,2,1,3,3,,,,False,Không đủ điều kiện chấm điểm
12360,Austria,2010-02-22,2011-10-18,6,3612.89,Champions,2,4,4,5,0.375,386.162,497.0,True,Đã chấm điểm
13434,United Kingdom,2010-02-22,2011-09-26,5,1666.86,Loyal,2,3,4,4,0.651,322.484,720.0,False,Đã chấm điểm
12389,Australia,2010-02-22,2010-11-02,3,1433.33,At Risk,2,2,3,4,,,,False,Không đủ điều kiện chấm điểm
16619,United Kingdom,2010-02-22,2011-03-21,4,1938.33,At Risk,2,2,3,4,,,,False,Không đủ điều kiện chấm điểm
14997,United Kingdom,2010-02-22,2011-10-24,4,776.6,Potential Loyalist,3,4,3,3,0.493,135.507,2404.0,False,Đã chấm điểm
17439,United Kingdom,2010-02-22,2010-02-22,1,325.74,Hibernating,0,1,1,2,,,,False,Không đủ điều kiện chấm điểm
13217,United Kingdom,2010-02-22,2011-08-09,3,269.52,Need Attention,0,3,3,1,0.758,59.53,3283.0,False,Đã chấm điểm
17195,United Kingdom,2010-02-22,2010-02-22,1,562.98,Hibernating,0,1,1,2,,,,False,Không đủ điều kiện chấm điểm
17081,United Kingdom,2010-02-22,2011-11-14,6,949.39,Champions,3,4,4,3,0.505,145.913,2279.0,False,Đã chấm điểm
15754,United Kingdom,2010-02-22,2011-10-19,9,3007.71,Champions,1,4,5,5,0.505,84.318,3041.0,False,Đã chấm điểm
17259,United Kingdom,2010-02-22,2011-07-14,6,1452.39,Loyal,2,3,4,4,0.804,103.522,2848.0,False,Đã chấm điểm
15673,United Kingdom,2010-02-22,2011-09-12,9,6204.32,Loyal,1,3,5,5,0.399,308.262,790.0,False,Đã chấm điểm
16071,United Kingdom,2010-02-22,2011-10-26,4,1076.8,Potential Loyalist,3,4,3,3,0.734,239.341,1279.0,False,Đã chấm điểm
13340,United Kingdom,2010-02-22,2011-10-25,12,22100.56,Champions,1,4,5,5,0.215,934.297,72.0,True,Đã chấm điểm
17829,United Arab Emirates,2010-02-22,2011-02-14,5,4680.42,At Risk,2,2,4,5,,,,False,Không đủ điều kiện chấm điểm
13513,United Kingdom,2010-02-22,2011-08-05,3,814.69,Loyal,2,3,3,3,0.81,117.798,2651.0,False,Đã chấm điểm
12727,France,2010-02-23,2011-11-29,10,4890.53,Champions,1,5,5,5,0.375,306.099,802.0,False,Đã chấm điểm
17667,United Kingdom,2010-02-23,2011-10-04,9,3916.7,Loyal,1,3,5,5,0.446,213.33,1518.0,False,Đã chấm điểm
13330,United Kingdom,2010-02-23,2011-09-08,6,2796.1,Loyal,2,3,4,4,0.574,223.603,1409.0,False,Đã chấm điểm
15493,United Kingdom,2010-02-23,2011-11-07,9,4022.29,Champions,1,4,5,5,0.479,244.061,1237.0,False,Đã chấm điểm
16416,United Kingdom,2010-02-23,2011-11-13,9,2937.88,Champions,1,4,5,5,0.409,421.875,402.0,True,Đã chấm điểm
13052,United Kingdom,2010-02-23,2011-05-11,7,3118.48,At Risk,2,2,4,5,,,,False,Không đủ điều kiện chấm điểm
14726,United Kingdom,2010-02-23,2010-02-23,1,116.5,Hibernating,0,1,1,1,,,,False,Không đủ điều kiện chấm điểm
15295,United Kingdom,2010-02-23,2010-02-23,1,207.04,Hibernating,0,1,1,1,,,,False,Không đủ điều kiện chấm điểm
13772,United Kingdom,2010-02-23,2011-11-06,8,3084.12,Champions,1,4,4,5,0.511,215.191,1498.0,False,Đã chấm điểm
15241,United Kingdom,2010-02-23,2011-10-04,11,3032.31,Loyal,1,3,5,5,0.275,169.949,1981.0,False,Đã chấm điểm
14112,United Kingdom,2010-02-23,2011-11-17,12,5598.74,Champions,1,4,5,5,0.292,290.242,892.0,False,Đã chấm điểm
13490,United Kingdom,2010-02-23,2010-02-23,1,154.25,Hibernating,0,1,1,1,,,,False,Không đủ điều kiện chấm điểm
15955,United Kingdom,2010-02-23,2011-11-15,22,8069.48,Champions,1,4,5,5,0.102,144.319,2293.0,False,Đã chấm điểm
14681,United Kingdom,2010-02-24,2011-09-29,6,875.15,Loyal,2,3,4,3,0.576,122.057,2588.0,False,Đã chấm điểm
15290,United Kingdom,2010-02-24,2011-12-05,25,10268.58,Champions,1,5,5,5,0.055,130.382,2492.0,False,Đã chấm điểm
16388,United Kingdom,2010-02-24,2010-02-24,1,186.05,Hibernating,0,1,1,1,,,,False,Không đủ điều kiện chấm điểm
12482,Sweden,2010-02-24,2010-05-12,27,21941.72,At Risk,1,1,5,5,,,,False,Không đủ điều kiện chấm điểm
16406,United Kingdom,2010-02-24,2011-11-21,3,528.36,Potential Loyalist,3,5,3,2,0.716,110.53,2763.0,False,Đã chấm điểm
12998,United Kingdom,2010-02-24,2010-08-04,3,909.88,At Risk,2,1,3,3,,,,False,Không đủ điều kiện chấm điểm
15439,United Kingdom,2010-02-24,2010-10-31,4,1269.05,At Risk,2,2,3,4,,,,False,Không đủ điều kiện chấm điểm
14284,United Kingdom,2010-02-24,2011-11-09,3,1299.65,Champions,3,4,3,4,0.506,301.041,837.0,False,Đã chấm điểm
12909,United Kingdom,2010-02-24,2011-10-31,8,3049.79,Champions,1,4,4,5,0.323,244.128,1236.0,False,Đã chấm điểm
15659,United Kingdom,2010-02-24,2011-10-27,3,532.49,Potential Loyalist,3,4,3,2,0.727,222.813,1419.0,False,Đã chấm điểm
13765,United Kingdom,2010-02-24,2010-02-24,1,352.82,Hibernating,0,1,1,2,,,,False,Không đủ điều kiện chấm điểm
15058,United Kingdom,2010-02-24,2011-11-14,16,3387.58,Champions,1,4,5,5,0.206,123.863,2570.0,False,Đã chấm điểm
16208,United Kingdom,2010-02-24,2011-10-26,10,3440.45,Champions,1,4,5,5,0.749,124.842,2558.0,False,Đã chấm điểm
13944,United Kingdom,2010-02-24,2010-02-24,1,200.43,Hibernating,0,1,1,1,,,,False,Không đủ điều kiện chấm điểm
14535,United Kingdom,2010-02-24,2011-10-10,9,5840.39,Loyal,1,3,5,5,0.386,398.652,459.0,True,Đã chấm điểm
13469,United Kingdom,2010-02-24,2010-02-24,1,82.4,Hibernating,0,1,1,1,,,,False,Không đủ điều kiện chấm điểm
13104,United Kingdom,2010-02-24,2011-12-06,9,1709.1,Champions,1,5,5,4,0.483,161.826,2075.0,False,Đã chấm điểm
17358,United Kingdom,2010-02-24,2011-02-09,5,861.01,At Risk,2,2,4,3,,,,False,Không đủ điều kiện chấm điểm
16118,United Kingdom,2010-02-25,2010-02-25,1,4274.25,At Risk,2,1,1,5,,,,False,Không đủ điều kiện chấm điểm
14006,United Kingdom,2010-02-25,2011-08-16,7,2196.67,Loyal,2,3,4,4,0.586,143.249,2307.0,False,Đã chấm điểm
16471,United Kingdom,2010-02-25,2011-03-10,4,1189.98,At Risk,2,2,3,4,,,,False,Không đủ điều kiện chấm điểm
14740,United Kingdom,2010-02-25,2011-05-26,11,4093.86,At Risk,2,2,5,5,,,,False,Không đủ điều kiện chấm điểm
18009,United Kingdom,2010-02-25,2011-04-18,8,2128.53,At Risk,2,2,4,4,,,,False,Không đủ điều kiện chấm điểm
17863,United Kingdom,2010-02-25,2011-10-11,12,5360.48,Loyal,1,3,5,5,0.323,258.752,1104.0,False,Đã chấm điểm
13334,United Kingdom,2010-02-25,2011-09-18,5,6201.8,Loyal,2,3,4,5,0.491,431.136,391.0,True,Đã chấm điểm
13771,United Kingdom,2010-02-25,2011-10-06,9,5728.82,Loyal,1,3,5,5,0.373,356.446,587.0,False,Đã chấm điểm
13240,United Kingdom,2010-02-25,2011-09-04,8,1455.39,Loyal,2,3,4,4,0.599,88.75,2993.0,False,Đã chấm điểm
14402,United Kingdom,2010-02-25,2010-02-25,1,285.6,Hibernating,0,1,1,2,,,,False,Không đủ điều kiện chấm điểm
17200,United Kingdom,2010-02-25,2010-11-17,4,356.71,At Risk,0,2,3,2,,,,False,Không đủ điều kiện chấm điểm
13935,United Kingdom,2010-02-25,2010-04-22,3,6116.92,At Risk,2,1,3,5,,,,False,Không đủ điều kiện chấm điểm
16677,United Kingdom,2010-02-25,2010-10-24,2,880.62,At Risk,0,1,2,3,,,,False,Không đủ điều kiện chấm điểm
17534,United Kingdom,2010-02-25,2011-10-17,5,1668.83,Champions,2,4,4,4,0.737,164.608,2034.0,False,Đã chấm điểm
13652,United Kingdom,2010-02-25,2011-10-25,5,2262.05,Champions,2,4,4,4,0.641,176.522,1920.0,False,Đã chấm điểm
14770,United Kingdom,2010-02-25,2011-04-21,8,3624.89,At Risk,2,2,4,5,,,,False,Không đủ điều kiện chấm điểm
17207,United Kingdom,2010-02-25,2010-02-25,1,291.77,Hibernating,0,1,1,2,,,,False,Không đủ điều kiện chấm điểm
17883,United Kingdom,2010-02-25,2011-12-06,7,988.42,Champions,3,5,4,3,0.576,139.389,2350.0,False,Đã chấm điểm
17011,United Kingdom,2010-02-26,2011-11-09,3,536.7,Potential Loyalist,3,4,3,2,0.727,197.01,1663.0,False,Đã chấm điểm
15366,United Kingdom,2010-02-26,2011-09-25,7,2389.08,Loyal,2,3,4,4,0.749,372.065,540.0,False,Đã chấm điểm
16631,United Kingdom,2010-02-26,2010-08-15,7,1867.02,At Risk,2,1,4,4,,,,False,Không đủ điều kiện chấm điểm
15124,United Kingdom,2010-02-26,2011-11-17,4,450.82,Potential Loyalist,3,4,3,2,0.694,59.925,3278.0,False,Đã chấm điểm
13598,United Kingdom,2010-02-26,2011-10-23,5,749.21,Champions,3,4,4,3,0.764,112.485,2741.0,False,Đã chấm điểm
14177,United Kingdom,2010-02-26,2011-09-14,13,2209.69,Loyal,2,3,5,4,0.552,151.571,2212.0,False,Đã chấm điểm
16913,United Kingdom,2010-02-26,2011-02-22,3,423.91,At Risk,0,2,3,2,,,,False,Không đủ điều kiện chấm điểm
14459,United Kingdom,2010-02-26,2011-07-07,2,5375.74,Loyal,2,3,2,5,0.764,810.198,94.0,True,Đã chấm điểm
15477,United Kingdom,2010-02-28,2010-02-28,1,368.4,Hibernating,0,1,1,2,,,,False,Không đủ điều kiện chấm điểm
15569,United Kingdom,2010-02-28,2011-08-28,10,3583.45,Loyal,2,3,5,5,0.611,453.253,344.0,True,Đã chấm điểm
15149,United Kingdom,2010-02-28,2011-07-29,4,1524.61,Loyal,2,3,3,4,0.769,268.875,1025.0,False,Đã chấm điểm
14807,United Kingdom,2010-02-28,2010-11-14,2,504.14,Hibernating,0,2,2,2,,,,False,Không đủ điều kiện chấm điểm
18046,United Kingdom,2010-02-28,2010-02-28,1,189.63,Hibernating,0,1,1,1,,,,False,Không đủ điều kiện chấm điểm
17760,United Kingdom,2010-02-28,2011-11-18,6,746.39,Champions,3,4,4,3,0.715,82.235,3075.0,False,Đã chấm điểm
15990,United Kingdom,2010-02-28,2011-10-26,7,1997.75,Champions,2,4,4,4,0.726,283.504,939.0,False,Đã chấm điểm
15664,United Kingdom,2010-02-28,2011-10-20,4,1203.73,Champions,2,4,3,4,0.728,281.497,960.0,False,Đã chấm điểm
13883,United Kingdom,2010-02-28,2011-11-29,14,6414.14,Champions,1,5,5,5,0.425,394.014,470.0,True,Đã chấm điểm
16939,United Kingdom,2010-02-28,2010-08-08,3,433.85,At Risk,0,1,3,2,,,,False,Không đủ điều kiện chấm điểm
13561,United Kingdom,2010-02-28,2011-05-08,11,1803.4,At Risk,2,2,5,4,,,,False,Không đủ điều kiện chấm điểm
16283,United Kingdom,2010-02-28,2011-12-04,8,4299.72,Champions,1,5,4,5,0.237,156.721,2140.0,False,Đã chấm điểm
17373,United Kingdom,2010-02-28,2011-10-30,7,1167.5,Champions,2,4,4,3,0.481,160.886,2088.0,False,Đã chấm điểm
18069,United Kingdom,2010-02-28,2011-11-13,11,4429.22,Champions,1,4,5,5,0.384,250.517,1170.0,False,Đã chấm điểm
14798,United Kingdom,2010-03-01,2011-10-18,8,724.31,Champions,2,4,4,3,0.712,43.365,3379.0,False,Đã chấm điểm
12598,France,2010-03-01,2011-11-30,10,4151.37,Champions,1,5,5,5,0.216,192.731,1715.0,False,Đã chấm điểm
13010,United Kingdom,2010-03-01,2010-11-30,2,330.12,Hibernating,0,2,2,2,,,,False,Không đủ điều kiện chấm điểm
15219,United Kingdom,2010-03-01,2011-06-16,2,685.45,Loyal,0,3,2,3,0.756,117.592,2653.0,False,Đã chấm điểm
14131,United Kingdom,2010-03-01,2010-03-01,1,168.22,Hibernating,0,1,1,1,,,,False,Không đủ điều kiện chấm điểm
16511,United Kingdom,2010-03-01,2011-11-18,6,1758.49,Champions,3,4,4,4,0.569,175.702,1928.0,False,Đã chấm điểm
16037,United Kingdom,2010-03-01,2011-03-15,5,1509.34,At Risk,2,2,4,4,,,,False,Không đủ điều kiện chấm điểm
13018,United Kingdom,2010-03-01,2011-11-23,35,9763.16,Champions,1,5,5,5,0.016,35.5,3401.0,False,Đã chấm điểm
17305,United Kingdom,2010-03-01,2010-03-01,1,2135.46,At Risk,2,1,1,4,,,,False,Không đủ điều kiện chấm điểm
16521,United Kingdom,2010-03-01,2010-10-20,3,1136.36,At Risk,2,1,3,3,,,,False,Không đủ điều kiện chấm điểm
16519,United Kingdom,2010-03-01,2011-11-14,4,436.96,Potential Loyalist,3,4,3,2,0.748,81.761,3083.0,False,Đã chấm điểm
17359,United Kingdom,2010-03-01,2011-11-28,2,284.46,Potential Loyalist,3,5,2,2,0.736,94.05,2940.0,False,Đã chấm điểm
16731,United Kingdom,2010-03-01,2010-03-01,1,170.3,Hibernating,0,1,1,1,,,,False,Không đủ điều kiện chấm điểm
14257,United Kingdom,2010-03-01,2011-10-06,9,5954.45,Loyal,1,3,5,5,0.327,394.662,469.0,True,Đã chấm điểm
15603,United Kingdom,2010-03-01,2011-09-22,2,88.48,Need Attention,0,3,2,1,0.791,38.337,3395.0,False,Đã chấm điểm
17116,United Kingdom,2010-03-01,2010-03-01,1,389.78,Hibernating,0,1,1,2,,,,False,Không đủ điều kiện chấm điểm
13911,United Kingdom,2010-03-01,2011-10-13,20,4215.09,Champions,1,4,5,5,0.268,183.686,1821.0,False,Đã chấm điểm
17330,United Kingdom,2010-03-02,2011-11-17,4,423.8,Potential Loyalist,3,4,3,2,0.5,181.913,1848.0,False,Đã chấm điểm
12731,France,2010-03-02,2011-11-16,17,25523.71,Champions,1,4,5,5,0.096,492.807,283.0,True,Đã chấm điểm
16946,United Kingdom,2010-03-02,2010-11-21,5,1199.54,At Risk,2,2,4,4,,,,False,Không đủ điều kiện chấm điểm
17477,United Kingdom,2010-03-02,2010-04-06,2,1126.6,At Risk,2,1,2,3,,,,False,Không đủ điều kiện chấm điểm
13797,United Kingdom,2010-03-02,2010-09-29,3,1179.45,At Risk,2,1,3,3,,,,False,Không đủ điều kiện chấm điểm
13126,United Kingdom,2010-03-02,2011-12-05,13,3713.76,Champions,1,5,5,5,0.442,207.099,1575.0,False,Đã chấm điểm
14818,United Kingdom,2010-03-02,2011-09-27,6,1153.56,Loyal,2,3,4,3,0.481,112.101,2742.0,False,Đã chấm điểm
12346,United Kingdom,2010-03-02,2010-06-28,2,169.36,Hibernating,0,1,2,1,,,,False,Không đủ điều kiện chấm điểm
15927,United Kingdom,2010-03-02,2010-03-02,1,106.54,Hibernating,0,1,1,1,,,,False,Không đủ điều kiện chấm điểm
16960,United Kingdom,2010-03-02,2011-11-01,8,1988.93,Champions,2,4,4,4,0.549,98.607,2894.0,False,Đã chấm điểm
12525,France,2010-03-02,2010-07-29,3,853.88,At Risk,2,1,3,3,,,,False,Không đủ điều kiện chấm điểm
16177,United Kingdom,2010-03-02,2011-10-20,8,2177.71,Champions,2,4,4,4,0.729,241.93,1256.0,False,Đã chấm điểm
12809,Portugal,2010-03-02,2011-06-15,3,1384.34,Loyal,2,3,3,4,0.769,157.598,2130.0,False,Đã chấm điểm
15606,United Kingdom,2010-03-02,2011-10-09,17,5151.79,Loyal,1,3,5,5,0.318,182.111,1845.0,False,Đã chấm điểm
13593,United Kingdom,2010-03-02,2011-08-23,14,5444.81,Loyal,1,3,5,5,0.361,172.357,1961.0,False,Đã chấm điểm
16520,United Kingdom,2010-03-02,2011-06-06,6,2138.43,Loyal,2,3,4,4,,,,False,Không đủ điều kiện chấm điểm
13793,United Kingdom,2010-03-03,2010-03-03,1,96.0,Hibernating,0,1,1,1,,,,False,Không đủ điều kiện chấm điểm
13663,United Kingdom,2010-03-03,2011-06-13,5,2047.51,Loyal,2,3,4,4,0.756,71.654,3179.0,False,Đã chấm điểm
16947,United Kingdom,2010-03-03,2011-04-18,3,923.31,At Risk,2,2,3,3,,,,False,Không đủ điều kiện chấm điểm
16099,United Kingdom,2010-03-03,2011-10-20,7,1573.2,Champions,2,4,4,4,0.521,151.835,2204.0,False,Đã chấm điểm
18148,United Kingdom,2010-03-03,2010-03-03,1,112.85,Hibernating,0,1,1,1,,,,False,Không đủ điều kiện chấm điểm
17020,United Kingdom,2010-03-03,2010-06-15,2,935.62,At Risk,0,1,2,3,,,,False,Không đủ điều kiện chấm điểm
13873,United Kingdom,2010-03-03,2011-08-12,8,1038.92,Loyal,2,3,4,3,0.723,79.654,3105.0,False,Đã chấm điểm
13294,United Kingdom,2010-03-03,2011-06-03,3,1689.53,At Risk,2,2,3,4,,,,False,Không đủ điều kiện chấm điểm
12594,Italy,2010-03-03,2011-11-02,14,4862.51,Champions,1,4,5,5,0.153,144.036,2296.0,False,Đã chấm điểm
16461,United Kingdom,2010-03-03,2011-06-15,3,1539.83,Loyal,2,3,3,4,0.79,57.052,3305.0,False,Đã chấm điểm
16636,United Kingdom,2010-03-03,2010-09-27,4,3802.04,At Risk,2,1,3,5,,,,False,Không đủ điều kiện chấm điểm
13214,United Kingdom,2010-03-03,2010-10-18,7,3264.23,At Risk,2,1,4,5,,,,False,Không đủ điều kiện chấm điểm
13722,United Kingdom,2010-03-03,2011-07-31,10,5635.41,Loyal,2,3,5,5,0.746,463.576,326.0,True,Đã chấm điểm
13595,United Kingdom,2010-03-03,2010-07-11,3,784.48,At Risk,2,1,3,3,,,,False,Không đủ điều kiện chấm điểm
14142,United Kingdom,2010-03-03,2010-12-01,2,671.34,At Risk,0,2,2,3,,,,False,Không đủ điều kiện chấm điểm
18152,United Kingdom,2010-03-03,2010-03-03,1,426.69,Hibernating,0,1,1,2,,,,False,Không đủ điều kiện chấm điểm
16285,United Kingdom,2010-03-03,2010-03-03,1,176.9,Hibernating,0,1,1,1,,,,False,Không đủ điều kiện chấm điểm
14157,United Kingdom,2010-03-03,2011-11-20,5,978.69,Champions,3,4,4,3,0.734,114.279,2709.0,False,Đã chấm điểm
15875,United Kingdom,2010-03-03,2010-03-03,1,108.52,Hibernating,0,1,1,1,,,,False,Không đủ điều kiện chấm điểm
13835,United Kingdom,2010-03-04,2011-11-14,7,1095.27,Champions,3,4,4,3,0.444,154.262,2166.0,False,Đã chấm điểm
13377,United Kingdom,2010-03-04,2010-11-08,2,1452.88,At Risk,2,2,2,4,,,,False,Không đủ điều kiện chấm điểm
17049,United Kingdom,2010-03-04,2011-12-07,19,9604.63,Champions,1,5,5,5,0.114,219.171,1461.0,False,Đã chấm điểm
15622,United Kingdom,2010-03-04,2011-10-27,17,7405.66,Champions,1,4,5,5,0.216,234.585,1317.0,False,Đã chấm điểm
17930,United Kingdom,2010-03-04,2011-11-04,13,4275.22,Champions,1,4,5,5,0.271,176.667,1918.0,False,Đã chấm điểm
15084,United Kingdom,2010-03-04,2010-11-25,2,965.2,At Risk,2,2,2,3,,,,False,Không đủ điều kiện chấm điểm
14097,United Kingdom,2010-03-04,2010-08-15,2,422.86,Hibernating,0,1,2,2,,,,False,Không đủ điều kiện chấm điểm
18151,United Kingdom,2010-03-04,2011-07-28,6,1853.94,Loyal,2,3,4,4,0.782,177.589,1905.0,False,Đã chấm điểm
13879,United Kingdom,2010-03-04,2010-03-04,1,395.5,Hibernating,0,1,1,2,,,,False,Không đủ điều kiện chấm điểm
17663,United Kingdom,2010-03-04,2011-11-14,17,5155.93,Champions,1,4,5,5,0.229,125.744,2543.0,False,Đã chấm điểm
16859,United Kingdom,2010-03-04,2011-07-18,7,1794.88,Loyal,2,3,4,4,0.602,126.29,2536.0,False,Đã chấm điểm
18272,United Kingdom,2010-03-04,2011-12-07,9,4366.08,Champions,1,5,5,5,0.203,227.183,1384.0,False,Đã chấm điểm
17847,United Kingdom,2010-03-04,2010-07-12,2,125.74,Hibernating,0,1,2,1,,,,False,Không đủ điều kiện chấm điểm
14018,United Kingdom,2010-03-04,2010-03-04,1,367.15,Hibernating,0,1,1,2,,,,False,Không đủ điều kiện chấm điểm
14426,United Kingdom,2010-03-04,2011-11-16,17,11146.92,Champions,1,4,5,5,0.201,296.935,855.0,False,Đã chấm điểm
13881,United Kingdom,2010-03-04,2011-12-06,42,44572.3,Champions,1,5,5,5,0.028,157.812,2128.0,False,Đã chấm điểm
17159,United Kingdom,2010-03-04,2011-11-18,5,2099.59,Champions,3,4,4,4,0.457,367.707,559.0,False,Đã chấm điểm
16096,United Kingdom,2010-03-04,2011-03-20,4,1584.97,At Risk,2,2,3,4,,,,False,Không đủ điều kiện chấm điểm
15030,United Kingdom,2010-03-04,2011-09-29,8,1967.16,Loyal,2,3,4,4,0.615,106.689,2806.0,False,Đã chấm điểm
17448,United Kingdom,2010-03-04,2010-06-28,41,14448.67,At Risk,1,1,5,5,,,,False,Không đủ điều kiện chấm điểm
12371,Switzerland,2010-03-04,2011-10-11,4,3347.38,Loyal,2,3,3,5,0.724,1106.853,47.0,True,Đã chấm điểm
17718,United Kingdom,2010-03-05,2011-04-21,2,386.98,Hibernating,0,2,2,2,,,,False,Không đủ điều kiện chấm điểm
12399,Belgium,2010-03-05,2011-08-12,7,1842.3,Loyal,2,3,4,4,0.479,169.904,1983.0,False,Đã chấm điểm
13280,United Kingdom,2010-03-05,2011-08-09,7,2267.83,Loyal,2,3,4,4,0.827,69.904,3193.0,False,Đã chấm điểm
12568,Germany,2010-03-05,2010-03-05,1,52.0,Hibernating,0,1,1,1,,,,False,Không đủ điều kiện chấm điểm
13476,United Kingdom,2010-03-05,2011-06-14,5,1923.72,Loyal,2,3,4,4,0.72,185.001,1807.0,False,Đã chấm điểm
12497,Germany,2010-03-05,2011-09-19,3,5996.5,Loyal,2,3,3,5,0.77,734.276,116.0,True,Đã chấm điểm
18226,United Kingdom,2010-03-05,2011-10-26,26,11835.38,Champions,1,4,5,5,0.096,161.9,2074.0,False,Đã chấm điểm
14957,United Kingdom,2010-03-05,2011-03-31,2,261.69,Hibernating,0,2,2,1,,,,False,Không đủ điều kiện chấm điểm
14186,United Kingdom,2010-03-05,2010-10-08,5,1550.63,At Risk,2,1,4,4,,,,False,Không đủ điều kiện chấm điểm
13544,United Kingdom,2010-03-05,2011-10-31,6,781.7,Champions,3,4,4,3,0.746,76.935,3127.0,False,Đã chấm điểm
13515,United Kingdom,2010-03-05,2011-09-28,6,1265.82,Loyal,2,3,4,4,0.472,152.711,2191.0,False,Đã chấm điểm
15094,United Kingdom,2010-03-05,2010-09-02,2,83.0,Hibernating,0,1,2,1,,,,False,Không đủ điều kiện chấm điểm
17190,United Kingdom,2010-03-05,2011-10-12,6,1529.73,Champions,2,4,4,4,0.749,187.012,1778.0,False,Đã chấm điểm
17006,United Kingdom,2010-03-05,2011-12-05,8,1635.27,Champions,1,5,4,4,0.313,244.934,1222.0,False,Đã chấm điểm
15630,United Kingdom,2010-03-05,2011-10-25,3,1481.4,Champions,3,4,3,4,0.648,337.64,655.0,False,Đã chấm điểm
15978,United Kingdom,2010-03-05,2011-09-23,3,3279.42,Loyal,2,3,3,5,0.767,843.044,86.0,True,Đã chấm điểm
14852,United Kingdom,2010-03-05,2011-10-12,18,6132.43,Champions,1,4,5,5,0.2,201.629,1626.0,False,Đã chấm điểm
15929,United Kingdom,2010-03-05,2010-03-05,1,594.0,Hibernating,0,1,1,3,,,,False,Không đủ điều kiện chấm điểm
14233,United Kingdom,2010-03-05,2011-10-21,7,2785.47,Champions,2,4,4,4,0.687,242.449,1251.0,False,Đã chấm điểm
13799,United Kingdom,2010-03-05,2011-08-15,9,2672.77,Loyal,2,3,5,4,0.764,204.108,1598.0,False,Đã chấm điểm
16331,United Kingdom,2010-03-07,2010-10-03,6,2037.7,At Risk,2,1,4,4,,,,False,Không đủ điều kiện chấm điểm
14172,United Kingdom,2010-03-07,2010-04-13,3,356.27,At Risk,0,1,3,2,,,,False,Không đủ điều kiện chấm điểm
13201,United Kingdom,2010-03-07,2010-07-25,4,1233.06,At Risk,2,1,3,4,,,,False,Không đủ điều kiện chấm điểm
13508,United Kingdom,2010-03-07,2011-04-10,2,287.05,Hibernating,0,2,2,2,,,,False,Không đủ điều kiện chấm điểm
16271,United Kingdom,2010-03-07,2011-11-24,8,3367.82,Champions,1,5,4,5,0.439,346.934,616.0,False,Đã chấm điểm
15443,United Kingdom,2010-03-07,2011-12-08,14,5037.91,Champions,1,5,5,5,0.237,532.791,238.0,True,Đã chấm điểm
14205,United Kingdom,2010-03-07,2011-11-23,9,1907.95,Champions,1,5,5,4,0.612,96.991,2908.0,False,Đã chấm điểm
14877,United Kingdom,2010-03-07,2010-10-17,2,425.85,Hibernating,0,1,2,2,,,,False,Không đủ điều kiện chấm điểm
18253,United Kingdom,2010-03-07,2010-03-07,1,317.88,Hibernating,0,1,1,2,,,,False,Không đủ điều kiện chấm điểm
13764,United Kingdom,2010-03-07,2011-09-30,6,2908.67,Loyal,2,3,4,5,0.544,343.29,629.0,False,Đã chấm điểm
17236,United Kingdom,2010-03-07,2011-11-27,12,1929.26,Champions,1,5,5,4,0.604,105.247,2827.0,False,Đã chấm điểm
17589,United Kingdom,2010-03-07,2011-10-10,18,13696.92,Loyal,1,3,5,5,0.284,255.246,1141.0,False,Đã chấm điểm
17734,United Kingdom,2010-03-07,2011-10-17,6,1442.32,Champions,2,4,4,4,0.509,137.232,2384.0,False,Đã chấm điểm
13276,United Kingdom,2010-03-07,2011-10-07,5,1883.96,Loyal,2,3,4,4,0.597,317.47,740.0,False,Đã chấm điểm
16466,United Kingdom,2010-03-07,2011-11-06,15,3642.09,Champions,1,4,5,5,0.215,137.916,2377.0,False,Đã chấm điểm
12530,Germany,2010-03-07,2011-10-11,9,3350.66,Loyal,1,3,5,5,0.419,185.101,1802.0,False,Đã chấm điểm
15631,United Kingdom,2010-03-07,2010-03-07,1,596.67,Hibernating,0,1,1,3,,,,False,Không đủ điều kiện chấm điểm
18029,United Kingdom,2010-03-07,2010-03-07,1,433.77,Hibernating,0,1,1,2,,,,False,Không đủ điều kiện chấm điểm
16984,United Kingdom,2010-03-07,2011-09-12,9,10234.33,Loyal,1,3,5,5,0.452,1366.774,30.0,True,Đã chấm điểm
16310,United Kingdom,2010-03-07,2010-10-21,2,460.08,Hibernating,0,1,2,2,,,,False,Không đủ điều kiện chấm điểm
16534,United Kingdom,2010-03-07,2010-03-07,1,635.9,Hibernating,0,1,1,3,,,,False,Không đủ điều kiện chấm điểm
17158,United Kingdom,2010-03-07,2011-11-07,5,1967.25,Champions,3,4,4,4,0.674,222.114,1430.0,False,Đã chấm điểm
12369,Austria,2010-03-08,2010-10-22,3,1511.15,At Risk,2,1,3,4,,,,False,Không đủ điều kiện chấm điểm
14493,United Kingdom,2010-03-08,2011-12-02,10,5037.41,Champions,1,5,5,5,0.267,364.578,567.0,False,Đã chấm điểm
15847,United Kingdom,2010-03-08,2011-11-01,5,822.57,Champions,3,4,4,3,0.745,155.391,2154.0,False,Đã chấm điểm
17298,United Kingdom,2010-03-08,2011-08-30,5,938.36,Loyal,2,3,4,3,0.689,247.35,1189.0,False,Đã chấm điểm
15791,United Kingdom,2010-03-08,2011-10-27,5,3608.34,Champions,2,4,4,5,0.595,421.515,406.0,True,Đã chấm điểm
12765,Netherlands,2010-03-08,2010-08-24,6,1299.58,At Risk,2,1,4,4,,,,False,Không đủ điều kiện chấm điểm
17682,United Kingdom,2010-03-08,2011-11-29,11,4065.28,Champions,1,5,5,5,0.37,279.416,976.0,False,Đã chấm điểm
12825,United Kingdom,2010-03-08,2010-07-06,2,518.63,Hibernating,0,1,2,2,,,,False,Không đủ điều kiện chấm điểm
17325,United Kingdom,2010-03-08,2011-03-04,3,609.57,At Risk,2,2,3,3,,,,False,Không đủ điều kiện chấm điểm
16754,United Kingdom,2010-03-08,2010-12-02,26,46406.79,At Risk,1,2,5,5,,,,False,Không đủ điều kiện chấm điểm
13157,United Kingdom,2010-03-08,2011-10-21,9,5669.36,Champions,1,4,5,5,0.403,228.822,1370.0,False,Đã chấm điểm
17542,United Kingdom,2010-03-08,2011-03-15,3,340.85,At Risk,0,2,3,2,,,,False,Không đủ điều kiện chấm điểm
17857,United Kingdom,2010-03-08,2011-12-05,23,25697.04,Champions,1,5,5,5,0.024,185.531,1795.0,False,Đã chấm điểm
12514,Italy,2010-03-08,2011-03-17,2,1597.76,At Risk,2,2,2,4,,,,False,Không đủ điều kiện chấm điểm
17960,United Kingdom,2010-03-08,2011-06-21,3,135.08,Need Attention,0,3,3,1,0.815,31.466,3419.0,False,Đã chấm điểm
16628,United Kingdom,2010-03-08,2011-11-10,7,2318.1,Champions,1,4,4,4,0.265,222.418,1427.0,False,Đã chấm điểm
17289,United Kingdom,2010-03-08,2011-11-08,9,2041.8,Champions,1,4,5,4,0.506,234.083,1320.0,False,Đã chấm điểm
17672,United Kingdom,2010-03-08,2011-10-20,6,5602.54,Champions,2,4,4,5,0.709,1396.01,28.0,True,Đã chấm điểm
17025,United Kingdom,2010-03-08,2011-10-10,5,1349.67,Loyal,2,3,4,4,0.746,146.798,2268.0,False,Đã chấm điểm
16537,United Kingdom,2010-03-08,2010-03-08,1,10.55,Hibernating,0,1,1,1,,,,False,Không đủ điều kiện chấm điểm
17488,United Kingdom,2010-03-08,2010-03-08,1,336.5,Hibernating,0,1,1,2,,,,False,Không đủ điều kiện chấm điểm
16681,United Kingdom,2010-03-08,2011-09-28,7,1921.84,Loyal,2,3,4,4,0.271,170.23,1978.0,False,Đã chấm điểm
13454,United Kingdom,2010-03-08,2010-03-08,1,219.87,Hibernating,0,1,1,1,,,,False,Không đủ điều kiện chấm điểm
16275,United Kingdom,2010-03-08,2011-05-27,3,2151.11,At Risk,2,2,3,4,,,,False,Không đủ điều kiện chấm điểm
16568,United Kingdom,2010-03-08,2010-10-08,2,1020.9,At Risk,2,1,2,3,,,,False,Không đủ điều kiện chấm điểm
18245,United Kingdom,2010-03-08,2011-12-02,20,6309.68,Champions,1,5,5,5,0.448,335.412,665.0,False,Đã chấm điểm
17002,United Kingdom,2010-03-08,2011-09-15,7,2571.55,Loyal,2,3,4,4,0.609,248.875,1178.0,False,Đã chấm điểm
17438,United Kingdom,2010-03-08,2011-03-31,5,1422.77,At Risk,2,2,4,4,,,,False,Không đủ điều kiện chấm điểm
15250,United Kingdom,2010-03-09,2010-03-09,1,60.0,Hibernating,0,1,1,1,,,,False,Không đủ điều kiện chấm điểm
16182,United Kingdom,2010-03-09,2011-09-28,9,9971.65,Loyal,1,3,5,5,0.382,976.692,69.0,True,Đã chấm điểm
17266,United Kingdom,2010-03-09,2011-12-07,5,501.72,Potential Loyalist,3,5,4,2,0.549,99.007,2890.0,False,Đã chấm điểm
15437,United Kingdom,2010-03-09,2011-03-22,2,393.45,Hibernating,0,2,2,2,,,,False,Không đủ điều kiện chấm điểm
12495,Sweden,2010-03-09,2010-03-09,1,243.4,Hibernating,0,1,1,1,,,,False,Không đủ điều kiện chấm điểm
15921,United Kingdom,2010-03-09,2011-06-20,4,765.61,Loyal,2,3,3,3,0.761,127.889,2524.0,False,Đã chấm điểm
18039,United Kingdom,2010-03-09,2010-11-30,4,548.22,At Risk,2,2,3,2,,,,False,Không đủ điều kiện chấm điểm
17907,United Kingdom,2010-03-09,2010-03-09,1,291.76,Hibernating,0,1,1,2,,,,False,Không đủ điều kiện chấm điểm
14147,United Kingdom,2010-03-09,2011-09-22,9,2035.2,Loyal,2,3,5,4,0.757,216.099,1491.0,False,Đã chấm điểm
13627,United Kingdom,2010-03-09,2011-10-11,7,2219.25,Loyal,2,3,4,4,0.307,177.374,1909.0,False,Đã chấm điểm
16854,United Kingdom,2010-03-09,2010-10-18,2,1408.96,At Risk,2,1,2,4,,,,False,Không đủ điều kiện chấm điểm
13283,United Kingdom,2010-03-09,2011-10-11,4,373.36,Loyal,3,3,3,2,0.693,31.414,3420.0,False,Đã chấm điểm
15722,United Kingdom,2010-03-09,2011-11-04,11,5195.75,Champions,1,4,5,5,0.34,307.452,793.0,False,Đã chấm điểm
16707,United Kingdom,2010-03-09,2010-11-04,4,533.41,At Risk,2,2,3,2,,,,False,Không đủ điều kiện chấm điểm
16756,United Kingdom,2010-03-09,2011-05-09,7,1312.37,At Risk,2,2,4,4,,,,False,Không đủ điều kiện chấm điểm
12542,Spain,2010-03-09,2010-08-12,2,443.33,Hibernating,0,1,2,2,,,,False,Không đủ điều kiện chấm điểm
14676,United Kingdom,2010-03-10,2011-11-08,12,8356.79,Champions,1,4,5,5,0.212,179.931,1876.0,False,Đã chấm điểm
13316,United Kingdom,2010-03-10,2011-11-02,10,12818.42,Champions,1,4,5,5,0.2,404.089,441.0,True,Đã chấm điểm
12638,Sweden,2010-03-10,2011-11-06,2,681.49,Potential Loyalist,3,4,2,3,0.687,351.596,605.0,False,Đã chấm điểm
13484,United Kingdom,2010-03-10,2011-04-12,3,767.32,At Risk,2,2,3,3,,,,False,Không đủ điều kiện chấm điểm
16846,United Kingdom,2010-03-10,2011-10-20,3,842.41,Potential Loyalist,3,4,3,3,0.742,159.097,2109.0,False,Đã chấm điểm
17348,United Kingdom,2010-03-10,2011-11-25,9,2430.99,Champions,1,5,5,4,0.312,311.084,775.0,False,Đã chấm điểm
13566,United Kingdom,2010-03-10,2011-10-30,5,1684.75,Champions,2,4,4,4,0.465,398.694,458.0,True,Đã chấm điểm
14924,United Kingdom,2010-03-10,2011-04-08,3,931.01,At Risk,2,2,3,3,,,,False,Không đủ điều kiện chấm điểm
14403,United Kingdom,2010-03-10,2011-08-01,6,1831.01,Loyal,2,3,4,4,0.499,258.066,1113.0,False,Đã chấm điểm
16258,United Kingdom,2010-03-10,2011-10-25,15,11942.52,Champions,1,4,5,5,0.198,422.207,401.0,True,Đã chấm điểm
13305,United Kingdom,2010-03-10,2011-12-05,16,3616.41,Champions,1,5,5,5,0.211,120.27,2613.0,False,Đã chấm điểm
15558,United Kingdom,2010-03-10,2010-03-10,1,131.88,Hibernating,0,1,1,1,,,,False,Không đủ điều kiện chấm điểm
16611,United Kingdom,2010-03-10,2011-06-06,6,1785.13,Loyal,2,3,4,4,,,,False,Không đủ điều kiện chấm điểm
17338,United Kingdom,2010-03-10,2011-11-22,17,11880.54,Champions,1,5,5,5,0.233,342.038,633.0,False,Đã chấm điểm
14060,United Kingdom,2010-03-11,2011-12-05,30,8893.2,Champions,1,5,5,5,0.044,67.503,3211.0,False,Đã chấm điểm
12954,United Kingdom,2010-03-11,2010-03-11,1,162.45,Hibernating,0,1,1,1,,,,False,Không đủ điều kiện chấm điểm
16387,United Kingdom,2010-03-11,2011-01-21,5,882.46,At Risk,2,2,4,3,,,,False,Không đủ điều kiện chấm điểm
13715,United Kingdom,2010-03-11,2011-03-03,17,8123.34,At Risk,1,2,5,5,,,,False,Không đủ điều kiện chấm điểm
14745,United Kingdom,2010-03-12,2011-08-19,12,2551.41,Loyal,2,3,5,4,0.539,257.028,1127.0,False,Đã chấm điểm
15221,United Kingdom,2010-03-12,2010-12-08,4,1886.6,At Risk,2,2,3,4,,,,False,Không đủ điều kiện chấm điểm
15008,United Kingdom,2010-03-12,2010-08-16,2,360.0,Hibernating,0,1,2,2,,,,False,Không đủ điều kiện chấm điểm
17065,United Kingdom,2010-03-12,2010-03-12,2,194.7,Hibernating,0,1,2,1,,,,False,Không đủ điều kiện chấm điểm
17228,United Kingdom,2010-03-12,2011-11-24,13,2820.03,Champions,1,5,5,4,0.308,190.255,1751.0,False,Đã chấm điểm
17588,United Kingdom,2010-03-12,2011-08-31,7,2939.55,Loyal,2,3,4,5,0.469,224.725,1401.0,False,Đã chấm điểm
16347,United Kingdom,2010-03-12,2011-11-28,11,3442.96,Champions,1,5,5,5,0.404,342.395,631.0,False,Đã chấm điểm
13795,United Kingdom,2010-03-12,2010-11-16,4,836.3,At Risk,2,2,3,3,,,,False,Không đủ điều kiện chấm điểm
14824,United Kingdom,2010-03-12,2011-11-29,10,4008.96,Champions,1,5,5,5,0.368,406.165,434.0,True,Đã chấm điểm
12692,France,2010-03-12,2010-03-12,1,110.95,Hibernating,0,1,1,1,,,,False,Không đủ điều kiện chấm điểm
15941,United Kingdom,2010-03-12,2010-03-12,1,405.0,Hibernating,0,1,1,2,,,,False,Không đủ điều kiện chấm điểm
13824,United Kingdom,2010-03-12,2011-11-07,12,3314.76,Champions,1,4,5,5,0.408,190.786,1745.0,False,Đã chấm điểm
13724,United Kingdom,2010-03-12,2010-03-12,1,213.01,Hibernating,0,1,1,1,,,,False,Không đủ điều kiện chấm điểm
13573,United Kingdom,2010-03-12,2011-10-20,6,903.07,Champions,2,4,4,3,0.704,72.439,3171.0,False,Đã chấm điểm
16586,United Kingdom,2010-03-14,2011-04-05,3,1462.78,At Risk,2,2,3,4,,,,False,Không đủ điều kiện chấm điểm
15994,United Kingdom,2010-03-14,2011-10-16,3,1175.68,Potential Loyalist,3,4,3,3,0.729,301.828,832.0,False,Đã chấm điểm
13183,United Kingdom,2010-03-14,2011-12-02,15,7028.38,Champions,1,5,5,5,0.112,128.571,2516.0,False,Đã chấm điểm
18149,United Kingdom,2010-03-14,2011-10-20,7,1553.96,Champions,2,4,4,4,0.705,112.856,2734.0,False,Đã chấm điểm
13688,United Kingdom,2010-03-14,2010-03-14,1,375.5,Hibernating,0,1,1,2,,,,False,Không đủ điều kiện chấm điểm
15665,United Kingdom,2010-03-14,2011-06-24,5,3987.07,Loyal,2,3,4,5,0.457,374.331,535.0,False,Đã chấm điểm
17849,United Kingdom,2010-03-14,2011-05-05,8,1063.76,At Risk,2,2,4,3,,,,False,Không đủ điều kiện chấm điểm
14857,United Kingdom,2010-03-15,2011-10-11,7,3588.1,Loyal,2,3,4,5,0.547,387.85,491.0,True,Đã chấm điểm
14645,United Kingdom,2010-03-15,2011-07-06,3,859.09,Loyal,2,3,3,3,0.765,156.586,2144.0,False,Đã chấm điểm
14315,United Kingdom,2010-03-15,2011-10-26,8,3197.82,Champions,1,4,4,5,0.217,181.096,1857.0,False,Đã chấm điểm
15117,United Kingdom,2010-03-15,2011-11-25,8,2485.97,Champions,1,5,4,4,0.246,159.228,2106.0,False,Đã chấm điểm
18135,United Kingdom,2010-03-15,2011-11-10,10,1249.62,Champions,1,4,5,4,0.418,134.175,2424.0,False,Đã chấm điểm
13530,United Kingdom,2010-03-15,2010-03-15,1,402.98,Hibernating,0,1,1,2,,,,False,Không đủ điều kiện chấm điểm
14534,United Kingdom,2010-03-15,2011-12-07,26,5725.71,Champions,1,5,5,5,0.031,33.352,3411.0,False,Đã chấm điểm
16242,United Kingdom,2010-03-15,2011-12-01,14,7396.25,Champions,1,5,5,5,0.21,295.912,863.0,False,Đã chấm điểm
14195,United Kingdom,2010-03-15,2011-05-22,6,2615.6,At Risk,2,2,4,4,,,,False,Không đủ điều kiện chấm điểm
13600,United Kingdom,2010-03-15,2011-01-31,2,518.42,Hibernating,0,2,2,2,,,,False,Không đủ điều kiện chấm điểm
15227,United Kingdom,2010-03-16,2011-11-03,9,2488.49,Champions,1,4,5,4,0.649,160.594,2095.0,False,Đã chấm điểm
15123,United Kingdom,2010-03-16,2011-12-02,5,4656.17,Champions,1,5,4,5,0.607,580.238,205.0,True,Đã chấm điểm
12366,Cyprus,2010-03-16,2010-03-16,1,500.24,Hibernating,0,1,1,2,,,,False,Không đủ điều kiện chấm điểm
15946,United Kingdom,2010-03-16,2010-07-25,3,2304.18,At Risk,2,1,3,4,,,,False,Không đủ điều kiện chấm điểm
14873,United Kingdom,2010-03-16,2011-05-13,2,854.13,At Risk,2,2,2,3,,,,False,Không đủ điều kiện chấm điểm
14604,United Kingdom,2010-03-16,2010-03-16,1,136.36,Hibernating,0,1,1,1,,,,False,Không đủ điều kiện chấm điểm
18063,United Kingdom,2010-03-16,2010-11-14,2,186.6,Hibernating,0,2,2,1,,,,False,Không đủ điều kiện chấm điểm
14496,United Kingdom,2010-03-16,2011-02-01,7,2353.99,At Risk,2,2,4,4,,,,False,Không đủ điều kiện chấm điểm
12701,Germany,2010-03-16,2011-09-21,6,2248.41,Loyal,2,3,4,4,0.641,172.377,1960.0,False,Đã chấm điểm
17478,United Kingdom,2010-03-16,2010-10-27,2,1272.8,At Risk,2,2,2,4,,,,False,Không đủ điều kiện chấm điểm
14872,United Kingdom,2010-03-16,2010-08-13,3,802.68,At Risk,2,1,3,3,,,,False,Không đủ điều kiện chấm điểm
17568,United Kingdom,2010-03-16,2010-03-16,1,374.45,Hibernating,0,1,1,2,,,,False,Không đủ điều kiện chấm điểm
17479,United Kingdom,2010-03-17,2010-03-17,1,389.26,Hibernating,0,1,1,2,,,,False,Không đủ điều kiện chấm điểm
16652,United Kingdom,2010-03-17,2011-10-12,15,17169.69,Champions,1,4,5,5,0.255,548.269,230.0,True,Đã chấm điểm
13612,United Kingdom,2010-03-17,2010-03-17,1,818.29,Hibernating,0,1,1,3,,,,False,Không đủ điều kiện chấm điểm
16777,United Kingdom,2010-03-17,2011-09-20,5,1261.43,Loyal,2,3,4,4,0.787,61.094,3270.0,False,Đã chấm điểm
13275,United Kingdom,2010-03-17,2010-11-21,2,238.86,Hibernating,0,2,2,1,,,,False,Không đủ điều kiện chấm điểm
18196,United Kingdom,2010-03-17,2011-09-05,4,1455.27,Loyal,2,3,3,4,0.713,157.737,2129.0,False,Đã chấm điểm
17933,United Kingdom,2010-03-17,2010-03-17,1,105.99,Hibernating,0,1,1,1,,,,False,Không đủ điều kiện chấm điểm
16917,United Kingdom,2010-03-17,2011-03-08,2,1851.88,At Risk,2,2,2,4,,,,False,Không đủ điều kiện chấm điểm
13371,United Kingdom,2010-03-17,2010-07-22,2,2297.66,At Risk,2,1,2,4,,,,False,Không đủ điều kiện chấm điểm
16254,United Kingdom,2010-03-17,2010-11-26,3,967.44,At Risk,2,2,3,3,,,,False,Không đủ điều kiện chấm điểm
13406,United Kingdom,2010-03-18,2010-10-08,2,568.92,Hibernating,0,1,2,2,,,,False,Không đủ điều kiện chấm điểm
15775,United Kingdom,2010-03-18,2011-04-08,2,150.5,Hibernating,0,2,2,1,,,,False,Không đủ điều kiện chấm điểm
16336,United Kingdom,2010-03-18,2010-10-15,4,3517.69,At Risk,2,1,3,5,,,,False,Không đủ điều kiện chấm điểm
18131,United Kingdom,2010-03-18,2010-03-18,1,222.96,Hibernating,0,1,1,1,,,,False,Không đủ điều kiện chấm điểm
16571,United Kingdom,2010-03-18,2011-11-13,10,4115.1,Champions,1,4,5,5,0.654,302.275,827.0,False,Đã chấm điểm
18187,United Kingdom,2010-03-18,2010-03-18,1,709.94,Hibernating,0,1,1,3,,,,False,Không đủ điều kiện chấm điểm
14427,United Kingdom,2010-03-18,2011-10-20,4,1263.52,Champions,2,4,3,4,0.626,227.373,1383.0,False,Đã chấm điểm
16977,United Kingdom,2010-03-18,2010-11-09,4,496.0,At Risk,2,2,3,2,,,,False,Không đủ điều kiện chấm điểm
15819,United Kingdom,2010-03-18,2011-10-21,10,3917.99,Champions,1,4,5,5,0.423,240.825,1265.0,False,Đã chấm điểm
14651,United Kingdom,2010-03-18,2011-10-03,9,2025.52,Loyal,2,3,5,4,0.679,188.524,1766.0,False,Đã chấm điểm
15918,United Kingdom,2010-03-18,2011-06-02,3,582.88,At Risk,2,2,3,2,,,,False,Không đủ điều kiện chấm điểm
14400,United Kingdom,2010-03-18,2011-07-13,3,1717.47,Loyal,2,3,3,4,0.766,257.275,1126.0,False,Đã chấm điểm
13057,United Kingdom,2010-03-18,2010-06-27,3,709.59,At Risk,2,1,3,3,,,,False,Không đủ điều kiện chấm điểm
15461,United Kingdom,2010-03-18,2010-09-05,2,429.7,Hibernating,0,1,2,2,,,,False,Không đủ điều kiện chấm điểm
16385,United Kingdom,2010-03-18,2011-10-10,5,881.35,Loyal,2,3,4,3,0.621,143.383,2305.0,False,Đã chấm điểm
13243,United Kingdom,2010-03-18,2011-05-20,5,1220.38,At Risk,2,2,4,4,,,,False,Không đủ điều kiện chấm điểm
15496,United Kingdom,2010-03-18,2010-03-18,1,146.14,Hibernating,0,1,1,1,,,,False,Không đủ điều kiện chấm điểm
12615,France,2010-03-18,2011-12-07,8,5227.63,Champions,1,5,4,5,0.362,403.622,444.0,True,Đã chấm điểm
16303,United Kingdom,2010-03-18,2011-11-14,7,7888.27,Champions,1,4,4,5,0.453,1580.367,20.0,True,Đã chấm điểm
16108,United Kingdom,2010-03-18,2011-09-16,4,2174.77,Loyal,2,3,3,4,0.785,640.237,162.0,True,Đã chấm điểm
17349,United Kingdom,2010-03-18,2011-06-13,5,772.41,Loyal,2,3,4,3,0.787,38.663,3394.0,False,Đã chấm điểm
13128,United Kingdom,2010-03-18,2010-03-18,1,263.5,Hibernating,0,1,1,1,,,,False,Không đủ điều kiện chấm điểm
18247,United Kingdom,2010-03-18,2010-10-21,3,790.73,At Risk,2,1,3,3,,,,False,Không đủ điều kiện chấm điểm
16668,United Kingdom,2010-03-18,2011-11-24,13,862.42,Champions,1,5,5,3,0.47,50.388,3332.0,False,Đã chấm điểm
16199,United Kingdom,2010-03-18,2010-11-12,7,942.75,At Risk,2,2,4,3,,,,False,Không đủ điều kiện chấm điểm
13230,United Kingdom,2010-03-18,2011-12-05,30,6065.95,Champions,1,5,5,5,0.133,93.159,2953.0,False,Đã chấm điểm
13150,United Kingdom,2010-03-19,2010-08-12,3,449.97,At Risk,0,1,3,2,,,,False,Không đủ điều kiện chấm điểm
17838,United Kingdom,2010-03-19,2011-09-11,12,4911.89,Loyal,1,3,5,5,0.73,418.403,408.0,True,Đã chấm điểm
17738,United Kingdom,2010-03-19,2011-11-20,13,4161.06,Champions,1,4,5,5,0.599,397.914,463.0,True,Đã chấm điểm
16716,United Kingdom,2010-03-19,2011-03-18,3,2149.68,At Risk,2,2,3,4,,,,False,Không đủ điều kiện chấm điểm
16008,United Kingdom,2010-03-19,2011-11-16,15,5339.13,Champions,1,4,5,5,0.495,103.967,2841.0,False,Đã chấm điểm
14292,United Kingdom,2010-03-19,2011-12-02,16,8976.8,Champions,1,5,5,5,0.164,316.727,744.0,False,Đã chấm điểm
14851,United Kingdom,2010-03-19,2011-11-16,3,829.41,Potential Loyalist,3,4,3,3,0.649,116.261,2669.0,False,Đã chấm điểm
16508,United Kingdom,2010-03-19,2010-03-19,1,240.95,Hibernating,0,1,1,1,,,,False,Không đủ điều kiện chấm điểm
17673,United Kingdom,2010-03-19,2011-12-08,13,4173.88,Champions,1,5,5,5,0.478,192.158,1719.0,False,Đã chấm điểm
12418,Switzerland,2010-03-19,2011-08-19,4,2021.2,Loyal,2,3,3,4,0.684,364.379,568.0,False,Đã chấm điểm
14316,United Kingdom,2010-03-19,2010-10-13,5,1370.34,At Risk,2,1,4,4,,,,False,Không đủ điều kiện chấm điểm
15650,United Kingdom,2010-03-21,2010-07-06,2,539.03,Hibernating,0,1,2,2,,,,False,Không đủ điều kiện chấm điểm
18085,United Kingdom,2010-03-21,2011-01-13,4,1341.85,At Risk,2,2,3,4,,,,False,Không đủ điều kiện chấm điểm
17133,United Kingdom,2010-03-21,2011-11-24,11,11340.09,Champions,1,5,5,5,0.235,387.071,493.0,True,Đã chấm điểm
17472,United Kingdom,2010-03-21,2011-06-01,4,922.35,At Risk,2,2,3,3,,,,False,Không đủ điều kiện chấm điểm
13466,United Kingdom,2010-03-21,2011-06-08,5,1013.35,Loyal,2,3,4,3,,,,False,Không đủ điều kiện chấm điểm
17587,United Kingdom,2010-03-21,2010-03-21,1,173.76,Hibernating,0,1,1,1,,,,False,Không đủ điều kiện chấm điểm
17051,United Kingdom,2010-03-21,2011-05-29,4,706.49,At Risk,2,2,3,3,,,,False,Không đủ điều kiện chấm điểm
16039,United Kingdom,2010-03-21,2010-10-12,2,456.4,Hibernating,0,1,2,2,,,,False,Không đủ điều kiện chấm điểm
16397,United Kingdom,2010-03-21,2010-03-21,1,123.13,Hibernating,0,1,1,1,,,,False,Không đủ điều kiện chấm điểm
12796,Netherlands,2010-03-21,2010-03-21,1,351.0,Hibernating,0,1,1,2,,,,False,Không đủ điều kiện chấm điểm
18078,United Kingdom,2010-03-21,2011-05-06,4,725.53,At Risk,2,2,3,3,,,,False,Không đủ điều kiện chấm điểm
12368,Cyprus,2010-03-21,2010-03-21,1,917.7,Hibernating,0,1,1,3,,,,False,Không đủ điều kiện chấm điểm
13451,United Kingdom,2010-03-21,2011-11-13,11,7088.92,Champions,1,4,5,5,0.318,269.365,1023.0,False,Đã chấm điểm
12639,Sweden,2010-03-22,2011-04-15,3,1072.37,At Risk,2,2,3,3,,,,False,Không đủ điều kiện chấm điểm
14928,United Kingdom,2010-03-22,2010-03-22,1,209.06,Hibernating,0,1,1,1,,,,False,Không đủ điều kiện chấm điểm
17552,United Kingdom,2010-03-22,2011-10-10,12,2786.77,Loyal,1,3,5,4,0.617,389.943,486.0,True,Đã chấm điểm
16132,United Kingdom,2010-03-22,2010-06-13,2,664.2,At Risk,0,1,2,3,,,,False,Không đủ điều kiện chấm điểm
13151,United Kingdom,2010-03-22,2011-02-17,3,2454.71,At Risk,2,2,3,4,,,,False,Không đủ điều kiện chấm điểm
13482,United Kingdom,2010-03-22,2011-04-21,2,336.09,Hibernating,0,2,2,2,,,,False,Không đủ điều kiện chấm điểm
14175,United Kingdom,2010-03-22,2011-10-11,8,7546.63,Loyal,1,3,4,5,0.509,772.982,106.0,True,Đã chấm điểm
14817,United Kingdom,2010-03-22,2011-05-23,7,3584.36,At Risk,2,2,4,5,,,,False,Không đủ điều kiện chấm điểm
13357,United Kingdom,2010-03-22,2011-03-27,5,3795.01,At Risk,2,2,4,5,,,,False,Không đủ điều kiện chấm điểm
14355,United Kingdom,2010-03-22,2010-12-09,3,840.05,At Risk,2,2,3,3,,,,False,Không đủ điều kiện chấm điểm
14464,United Kingdom,2010-03-22,2010-05-20,2,111.0,Hibernating,0,1,2,1,,,,False,Không đủ điều kiện chấm điểm
16441,United Kingdom,2010-03-22,2011-10-03,5,1013.18,Loyal,2,3,4,3,0.766,130.451,2489.0,False,Đã chấm điểm
17640,United Kingdom,2010-03-23,2011-09-14,6,3168.94,Loyal,2,3,4,5,0.78,484.984,293.0,True,Đã chấm điểm
13706,United Kingdom,2010-03-23,2011-02-10,2,631.17,At Risk,0,2,2,3,,,,False,Không đủ điều kiện chấm điểm
15614,United Kingdom,2010-03-23,2010-09-28,4,3028.56,At Risk,2,1,3,5,,,,False,Không đủ điều kiện chấm điểm
14596,United Kingdom,2010-03-23,2010-03-23,1,222.22,Hibernating,0,1,1,1,,,,False,Không đủ điều kiện chấm điểm
15105,United Kingdom,2010-03-23,2011-11-21,9,3094.91,Champions,1,5,5,5,0.24,367.091,560.0,False,Đã chấm điểm
16970,United Kingdom,2010-03-23,2010-03-23,1,71.4,Hibernating,0,1,1,1,,,,False,Không đủ điều kiện chấm điểm
14166,United Kingdom,2010-03-23,2010-07-22,2,251.15,Hibernating,0,1,2,1,,,,False,Không đủ điều kiện chấm điểm
16578,United Kingdom,2010-03-23,2010-03-23,1,156.6,Hibernating,0,1,1,1,,,,False,Không đủ điều kiện chấm điểm
16615,United Kingdom,2010-03-23,2010-03-23,1,264.5,Hibernating,0,1,1,1,,,,False,Không đủ điều kiện chấm điểm
13445,United Kingdom,2010-03-23,2010-03-23,1,241.9,Hibernating,0,1,1,1,,,,False,Không đủ điều kiện chấm điểm
14762,United Kingdom,2010-03-23,2011-03-21,2,417.57,Hibernating,0,2,2,2,,,,False,Không đủ điều kiện chấm điểm
14344,United Kingdom,2010-03-23,2011-08-04,20,2993.05,Loyal,1,3,5,5,0.604,82.155,3077.0,False,Đã chấm điểm
15869,United Kingdom,2010-03-23,2011-03-07,3,321.11,At Risk,0,2,3,2,,,,False,Không đủ điều kiện chấm điểm
13896,United Kingdom,2010-03-24,2010-03-24,1,388.55,Hibernating,0,1,1,2,,,,False,Không đủ điều kiện chấm điểm
18189,United Kingdom,2010-03-24,2011-09-23,3,1403.73,Loyal,2,3,3,4,0.626,229.059,1366.0,False,Đã chấm điểm
13252,United Kingdom,2010-03-24,2010-11-10,2,348.45,Hibernating,0,2,2,2,,,,False,Không đủ điều kiện chấm điểm
16077,United Kingdom,2010-03-24,2010-03-24,1,2300.4,At Risk,2,1,1,4,,,,False,Không đủ điều kiện chấm điểm
13988,United Kingdom,2010-03-24,2011-11-20,8,4745.3,Champions,1,4,4,5,0.164,238.985,1283.0,False,Đã chấm điểm
12742,United Arab Emirates,2010-03-24,2010-03-24,1,1185.02,Hibernating,0,1,1,3,,,,False,Không đủ điều kiện chấm điểm
16002,United Kingdom,2010-03-24,2010-03-24,1,169.21,Hibernating,0,1,1,1,,,,False,Không đủ điều kiện chấm điểm
14729,United Kingdom,2010-03-24,2010-12-01,3,586.24,At Risk,2,2,3,2,,,,False,Không đủ điều kiện chấm điểm
15086,United Kingdom,2010-03-24,2010-05-24,2,218.53,Hibernating,0,1,2,1,,,,False,Không đủ điều kiện chấm điểm
16444,United Kingdom,2010-03-24,2011-10-24,17,3531.78,Champions,1,4,5,5,0.469,104.283,2837.0,False,Đã chấm điểm
14026,United Kingdom,2010-03-24,2010-08-26,2,713.11,At Risk,0,1,2,3,,,,False,Không đủ điều kiện chấm điểm
15447,United Kingdom,2010-03-24,2011-01-13,5,492.88,At Risk,2,2,4,2,,,,False,Không đủ điều kiện chấm điểm
16741,United Kingdom,2010-03-24,2010-03-24,1,173.06,Hibernating,0,1,1,1,,,,False,Không đủ điều kiện chấm điểm
17072,United Kingdom,2010-03-24,2010-03-24,1,273.35,Hibernating,0,1,1,1,,,,False,Không đủ điều kiện chấm điểm
14202,United Kingdom,2010-03-25,2010-11-23,3,847.76,At Risk,2,2,3,3,,,,False,Không đủ điều kiện chấm điểm
14947,United Kingdom,2010-03-25,2011-09-28,6,1049.79,Loyal,2,3,4,3,0.658,131.503,2469.0,False,Đã chấm điểm
15374,United Kingdom,2010-03-25,2011-08-03,2,307.32,Need Attention,0,3,2,2,0.825,96.663,2916.0,False,Đã chấm điểm
13849,United Kingdom,2010-03-25,2011-10-19,5,3443.8,Champions,2,4,4,5,0.483,390.589,484.0,True,Đã chấm điểm
17001,United Kingdom,2010-03-25,2011-12-09,19,6640.8,Champions,1,5,5,5,0.123,129.606,2499.0,False,Đã chấm điểm
17353,United Kingdom,2010-03-25,2011-08-02,4,3242.0,Loyal,2,3,3,5,0.733,740.242,114.0,True,Đã chấm điểm
16090,United Kingdom,2010-03-25,2010-03-25,1,180.56,Hibernating,0,1,1,1,,,,False,Không đủ điều kiện chấm điểm
13969,United Kingdom,2010-03-25,2011-12-02,35,12823.76,Champions,1,5,5,5,0.017,46.211,3364.0,False,Đã chấm điểm
17301,United Kingdom,2010-03-25,2011-11-18,2,294.39,Potential Loyalist,3,4,2,2,0.713,116.37,2667.0,False,Đã chấm điểm
13900,United Kingdom,2010-03-25,2011-06-09,6,1610.59,Loyal,2,3,4,4,,,,False,Không đủ điều kiện chấm điểm
13285,United Kingdom,2010-03-25,2011-11-16,6,3364.59,Champions,1,4,4,5,0.499,404.366,439.0,True,Đã chấm điểm
12870,United Kingdom,2010-03-25,2010-11-29,3,1676.95,At Risk,2,2,3,4,,,,False,Không đủ điều kiện chấm điểm
15027,United Kingdom,2010-03-25,2011-11-09,10,2988.24,Champions,1,4,5,5,0.468,187.708,1768.0,False,Đã chấm điểm
16794,United Kingdom,2010-03-25,2011-12-08,15,2037.98,Champions,1,5,5,4,0.178,104.32,2836.0,False,Đã chấm điểm
17484,United Kingdom,2010-03-25,2010-05-12,2,209.57,Hibernating,0,1,2,1,,,,False,Không đủ điều kiện chấm điểm
12726,France,2010-03-25,2011-11-11,11,3690.6,Champions,1,4,5,5,0.274,176.164,1925.0,False,Đã chấm điểm
13187,United Kingdom,2010-03-25,2011-01-06,4,328.36,At Risk,0,2,3,2,,,,False,Không đủ điều kiện chấm điểm
13705,United Kingdom,2010-03-25,2011-12-02,7,1717.19,Champions,1,5,4,4,0.623,152.232,2198.0,False,Đã chấm điểm
14704,United Kingdom,2010-03-25,2011-11-20,9,1720.58,Champions,1,4,5,4,0.235,171.043,1972.0,False,Đã chấm điểm
12791,Netherlands,2010-03-25,2010-12-01,5,656.83,At Risk,2,2,4,3,,,,False,Không đủ điều kiện chấm điểm
15698,United Kingdom,2010-03-25,2010-03-25,1,46.2,Hibernating,0,1,1,1,,,,False,Không đủ điều kiện chấm điểm
14330,United Kingdom,2010-03-26,2010-03-26,1,200.63,Hibernating,0,1,1,1,,,,False,Không đủ điều kiện chấm điểm
16286,United Kingdom,2010-03-26,2010-08-19,2,269.55,Hibernating,0,1,2,1,,,,False,Không đủ điều kiện chấm điểm
14013,United Kingdom,2010-03-26,2011-08-21,5,1084.57,Loyal,2,3,4,3,0.709,154.842,2160.0,False,Đã chấm điểm
15789,United Kingdom,2010-03-26,2010-12-16,6,1932.01,At Risk,2,2,4,4,,,,False,Không đủ điều kiện chấm điểm
18188,United Kingdom,2010-03-26,2011-11-24,6,3265.74,Champions,1,5,4,5,0.479,753.81,111.0,True,Đã chấm điểm
17582,United Kingdom,2010-03-26,2011-04-17,5,1446.95,At Risk,2,2,4,4,,,,False,Không đủ điều kiện chấm điểm
18166,United Kingdom,2010-03-26,2010-03-26,1,175.5,Hibernating,0,1,1,1,,,,False,Không đủ điều kiện chấm điểm
18215,United Kingdom,2010-03-26,2011-09-11,5,2232.49,Loyal,2,3,4,4,0.745,222.981,1414.0,False,Đã chấm điểm
16493,United Kingdom,2010-03-26,2011-09-21,7,2132.09,Loyal,2,3,4,4,0.577,293.401,881.0,False,Đã chấm điểm
16601,United Kingdom,2010-03-26,2011-10-30,3,675.83,Potential Loyalist,3,4,3,3,0.754,182.043,1847.0,False,Đã chấm điểm
14537,United Kingdom,2010-03-26,2011-10-13,2,641.4,Potential Loyalist,3,4,2,3,0.747,265.554,1055.0,False,Đã chấm điểm
13117,United Kingdom,2010-03-26,2011-11-18,18,2255.66,Champions,1,4,5,4,0.511,75.865,3140.0,False,Đã chấm điểm
14074,United Kingdom,2010-03-26,2010-03-26,1,219.4,Hibernating,0,1,1,1,,,,False,Không đủ điều kiện chấm điểm
12477,Germany,2010-03-26,2011-11-17,9,20100.37,Champions,1,4,5,5,0.184,742.882,113.0,True,Đã chấm điểm
14994,United Kingdom,2010-03-26,2010-11-22,5,904.54,At Risk,2,2,4,3,,,,False,Không đủ điều kiện chấm điểm
16807,United Kingdom,2010-03-26,2011-07-20,6,2123.88,Loyal,2,3,4,4,0.651,203.519,1606.0,False,Đã chấm điểm
15249,United Kingdom,2010-03-26,2011-11-08,18,9212.0,Champions,1,4,5,5,0.09,210.503,1540.0,False,Đã chấm điểm
14253,United Kingdom,2010-03-26,2010-08-03,2,363.4,Hibernating,0,1,2,2,,,,False,Không đủ điều kiện chấm điểm
16833,United Kingdom,2010-03-26,2011-12-08,6,2409.04,Champions,1,5,4,4,0.625,172.566,1959.0,False,Đã chấm điểm
15552,United Kingdom,2010-03-26,2011-05-06,2,252.52,Hibernating,0,2,2,1,,,,False,Không đủ điều kiện chấm điểm
15848,United Kingdom,2010-03-28,2010-03-28,1,137.99,Hibernating,0,1,1,1,,,,False,Không đủ điều kiện chấm điểm
13053,United Kingdom,2010-03-28,2010-03-28,1,127.65,Hibernating,0,1,1,1,,,,False,Không đủ điều kiện chấm điểm
15289,United Kingdom,2010-03-28,2011-11-10,5,1575.39,Champions,3,4,4,4,0.549,185.675,1791.0,False,Đã chấm điểm
17827,United Kingdom,2010-03-28,2011-12-04,6,2369.42,Champions,1,5,4,4,0.691,183.372,1827.0,False,Đã chấm điểm
14378,United Kingdom,2010-03-28,2010-03-28,1,131.25,Hibernating,0,1,1,1,,,,False,Không đủ điều kiện chấm điểm
14805,United Kingdom,2010-03-28,2011-11-24,7,1082.55,Champions,3,5,4,3,0.425,185.921,1790.0,False,Đã chấm điểm
16934,United Kingdom,2010-03-28,2011-10-16,6,2062.89,Champions,2,4,4,4,0.692,644.599,160.0,True,Đã chấm điểm
16784,United Kingdom,2010-03-28,2011-11-20,5,892.33,Champions,3,4,4,3,0.76,81.813,3082.0,False,Đã chấm điểm
12910,United Kingdom,2010-03-28,2011-11-16,13,5697.52,Champions,1,4,5,5,0.174,199.056,1645.0,False,Đã chấm điểm
15068,United Kingdom,2010-03-28,2011-10-24,4,1174.9,Potential Loyalist,3,4,3,3,0.695,134.638,2416.0,False,Đã chấm điểm
17518,United Kingdom,2010-03-28,2010-10-10,2,329.42,Hibernating,0,1,2,2,,,,False,Không đủ điều kiện chấm điểm
14101,United Kingdom,2010-03-28,2011-09-27,13,9961.93,Loyal,1,3,5,5,0.365,512.422,262.0,True,Đã chấm điểm
15423,United Kingdom,2010-03-28,2011-11-01,3,219.14,Potential Loyalist,3,4,3,1,0.776,33.773,3409.0,False,Đã chấm điểm
14572,United Kingdom,2010-03-28,2011-12-06,11,5493.28,Champions,1,5,5,5,0.206,170.326,1977.0,False,Đã chấm điểm
15570,United Kingdom,2010-03-28,2011-12-02,25,8671.34,Champions,1,5,5,5,0.186,152.311,2196.0,False,Đã chấm điểm
17068,United Kingdom,2010-03-28,2011-11-27,47,8924.73,Champions,1,5,5,5,0.038,44.305,3375.0,False,Đã chấm điểm
13684,United Kingdom,2010-03-28,2011-02-27,4,544.03,At Risk,2,2,3,2,,,,False,Không đủ điều kiện chấm điểm
14078,United Kingdom,2010-03-28,2011-08-30,9,1551.82,Loyal,2,3,5,4,0.595,175.342,1933.0,False,Đã chấm điểm
15231,United Kingdom,2010-03-28,2010-03-28,1,250.26,Hibernating,0,1,1,1,,,,False,Không đủ điều kiện chấm điểm
16666,United Kingdom,2010-03-28,2011-11-20,2,217.71,Potential Loyalist,3,4,2,1,0.735,87.415,3002.0,False,Đã chấm điểm
14583,United Kingdom,2010-03-28,2011-12-04,8,1660.29,Champions,1,5,4,4,0.454,195.875,1680.0,False,Đã chấm điểm
14809,United Kingdom,2010-03-28,2010-03-28,2,686.76,At Risk,0,1,2,3,,,,False,Không đủ điều kiện chấm điểm
16549,United Kingdom,2010-03-28,2011-11-29,34,12768.0,Champions,1,5,5,5,0.106,298.141,849.0,False,Đã chấm điểm
15141,United Kingdom,2010-03-28,2010-09-08,7,1388.47,At Risk,2,1,4,4,,,,False,Không đủ điều kiện chấm điểm
13113,United Kingdom,2010-03-28,2011-12-09,37,18050.11,Champions,1,5,5,5,0.04,128.493,2519.0,False,Đã chấm điểm
15981,United Kingdom,2010-03-29,2011-11-15,21,9304.87,Champions,1,4,5,5,0.143,157.877,2124.0,False,Đã chấm điểm
16532,United Kingdom,2010-03-29,2011-11-22,5,8756.64,Champions,1,5,4,5,0.528,1691.737,18.0,True,Đã chấm điểm
17994,United Kingdom,2010-03-29,2011-08-10,11,2215.23,Loyal,2,3,5,4,0.696,106.333,2812.0,False,Đã chấm điểm
16456,United Kingdom,2010-03-29,2011-09-01,13,6000.94,Loyal,1,3,5,5,0.537,195.425,1689.0,False,Đã chấm điểm
16634,United Kingdom,2010-03-29,2011-05-01,5,1208.05,At Risk,2,2,4,4,,,,False,Không đủ điều kiện chấm điểm
16502,United Kingdom,2010-03-29,2010-03-29,2,258.55,Hibernating,0,1,2,1,,,,False,Không đủ điều kiện chấm điểm
17046,United Kingdom,2010-03-29,2011-07-05,5,1906.07,Loyal,2,3,4,4,0.724,264.656,1059.0,False,Đã chấm điểm
12496,Spain,2010-03-29,2010-03-29,2,45.34,Hibernating,0,1,2,1,,,,False,Không đủ điều kiện chấm điểm
16036,United Kingdom,2010-03-29,2011-09-13,4,2556.84,Loyal,2,3,3,4,0.622,160.839,2090.0,False,Đã chấm điểm
16176,United Kingdom,2010-03-29,2010-10-14,4,2013.09,At Risk,2,1,3,4,,,,False,Không đủ điều kiện chấm điểm
13412,United Kingdom,2010-03-29,2010-03-29,1,487.35,Hibernating,0,1,1,2,,,,False,Không đủ điều kiện chấm điểm
17664,United Kingdom,2010-03-29,2011-11-21,4,1166.23,Potential Loyalist,3,5,3,3,0.688,175.699,1929.0,False,Đã chấm điểm
16570,United Kingdom,2010-03-30,2011-11-24,20,7099.71,Champions,1,5,5,5,0.132,161.421,2080.0,False,Đã chấm điểm
16455,United Kingdom,2010-03-30,2011-10-07,11,3932.87,Loyal,1,3,5,5,0.4,183.9,1819.0,False,Đã chấm điểm
17676,United Kingdom,2010-03-30,2011-12-05,10,2421.68,Champions,1,5,5,4,0.353,259.581,1097.0,False,Đã chấm điểm
13051,United Kingdom,2010-03-30,2010-05-10,2,155.8,Hibernating,0,1,2,1,,,,False,Không đủ điều kiện chấm điểm
12990,United Kingdom,2010-03-30,2011-11-08,7,955.5,Champions,3,4,4,3,0.677,102.252,2859.0,False,Đã chấm điểm
12861,United Kingdom,2010-03-30,2010-03-30,1,68.25,Hibernating,0,1,1,1,,,,False,Không đủ điều kiện chấm điểm
14935,Channel Islands,2010-03-30,2011-02-15,2,2849.83,At Risk,2,2,2,4,,,,False,Không đủ điều kiện chấm điểm
15029,United Kingdom,2010-03-30,2010-03-30,1,365.1,Hibernating,0,1,1,2,,,,False,Không đủ điều kiện chấm điểm
15715,United Kingdom,2010-03-30,2010-06-02,5,658.02,At Risk,2,1,4,3,,,,False,Không đủ điều kiện chấm điểm
15575,United Kingdom,2010-03-30,2010-03-30,1,30.1,Hibernating,0,1,1,1,,,,False,Không đủ điều kiện chấm điểm
17586,United Kingdom,2010-03-30,2010-03-30,1,167.4,Hibernating,0,1,1,1,,,,False,Không đủ điều kiện chấm điểm
17464,United Kingdom,2010-03-30,2011-07-04,3,816.54,Loyal,2,3,3,3,0.771,126.504,2531.0,False,Đã chấm điểm
17217,United Kingdom,2010-03-30,2011-04-19,2,210.1,Hibernating,0,2,2,1,,,,False,Không đủ điều kiện chấm điểm
14235,United Kingdom,2010-03-30,2011-09-25,9,4666.99,Loyal,1,3,5,5,0.331,353.321,597.0,False,Đã chấm điểm
15122,United Kingdom,2010-03-30,2011-08-17,11,4477.07,Loyal,2,3,5,5,0.578,313.64,755.0,False,Đã chấm điểm
14492,United Kingdom,2010-03-30,2010-10-05,4,1276.96,At Risk,2,1,3,4,,,,False,Không đủ điều kiện chấm điểm
14882,United Kingdom,2010-03-30,2011-11-13,14,3265.85,Champions,1,4,5,5,0.629,370.718,547.0,False,Đã chấm điểm
15742,United Kingdom,2010-03-30,2010-03-30,1,156.87,Hibernating,0,1,1,1,,,,False,Không đủ điều kiện chấm điểm
13856,United Kingdom,2010-03-30,2011-06-24,11,1142.03,Loyal,2,3,5,3,0.693,118.717,2636.0,False,Đã chấm điểm
16658,United Kingdom,2010-03-30,2010-12-06,5,596.03,At Risk,2,2,4,3,,,,False,Không đủ điều kiện chấm điểm
13676,United Kingdom,2010-03-30,2010-06-18,2,153.15,Hibernating,0,1,2,1,,,,False,Không đủ điều kiện chấm điểm
17602,United Kingdom,2010-03-30,2011-12-07,14,7200.48,Champions,1,5,5,5,0.218,663.361,152.0,True,Đã chấm điểm
18025,United Kingdom,2010-03-30,2010-11-25,6,1177.72,At Risk,2,2,4,3,,,,False,Không đủ điều kiện chấm điểm
15792,United Kingdom,2010-03-31,2010-11-05,2,933.84,At Risk,2,2,2,3,,,,False,Không đủ điều kiện chấm điểm
15216,United Kingdom,2010-03-31,2011-09-13,2,486.09,Need Attention,3,3,2,2,0.749,72.319,3172.0,False,Đã chấm điểm
13803,United Kingdom,2010-03-31,2011-03-29,3,1319.11,At Risk,2,2,3,4,,,,False,Không đủ điều kiện chấm điểm
18093,United Kingdom,2010-03-31,2011-09-07,8,4452.71,Loyal,2,3,4,5,0.668,491.676,287.0,True,Đã chấm điểm
17889,United Kingdom,2010-03-31,2011-05-11,7,746.42,At Risk,2,2,4,3,,,,False,Không đủ điều kiện chấm điểm
14706,United Kingdom,2010-03-31,2010-03-31,1,367.54,Hibernating,0,1,1,2,,,,False,Không đủ điều kiện chấm điểm
13179,United Kingdom,2010-03-31,2010-03-31,1,572.31,Hibernating,0,1,1,2,,,,False,Không đủ điều kiện chấm điểm
15741,United Kingdom,2010-03-31,2010-09-07,2,208.62,Hibernating,0,1,2,1,,,,False,Không đủ điều kiện chấm điểm
16133,United Kingdom,2010-03-31,2011-12-06,56,22523.66,Champions,1,5,5,5,0.014,69.446,3195.0,False,Đã chấm điểm
13059,United Kingdom,2010-03-31,2011-04-04,10,2266.27,At Risk,2,2,5,4,,,,False,Không đủ điều kiện chấm điểm
18056,United Kingdom,2010-03-31,2011-02-24,2,539.75,Hibernating,0,2,2,2,,,,False,Không đủ điều kiện chấm điểm
17531,United Kingdom,2010-03-31,2011-06-02,3,1241.32,At Risk,2,2,3,4,,,,False,Không đủ điều kiện chấm điểm
16845,United Kingdom,2010-03-31,2010-03-31,1,253.88,Hibernating,0,1,1,1,,,,False,Không đủ điều kiện chấm điểm
15796,United Kingdom,2010-03-31,2011-12-08,17,5140.73,Champions,1,5,5,5,0.161,158.38,2122.0,False,Đã chấm điểm
15454,United Kingdom,2010-03-31,2010-12-12,2,303.89,Hibernating,0,2,2,2,,,,False,Không đủ điều kiện chấm điểm
15800,United Kingdom,2010-03-31,2011-08-24,7,1227.07,Loyal,2,3,4,4,0.586,148.849,2238.0,False,Đã chấm điểm
15125,United Kingdom,2010-03-31,2011-11-14,23,16389.27,Champions,1,4,5,5,0.101,281.228,963.0,False,Đã chấm điểm
16847,United Kingdom,2010-03-31,2011-10-27,2,614.89,Potential Loyalist,3,4,2,3,0.74,143.092,2310.0,False,Đã chấm điểm
13219,United Kingdom,2010-03-31,2010-03-31,1,76.23,Hibernating,0,1,1,1,,,,False,Không đủ điều kiện chấm điểm
13464,United Kingdom,2010-03-31,2011-10-12,6,3097.64,Champions,2,4,4,5,0.729,491.877,286.0,True,Đã chấm điểm
13361,United Kingdom,2010-04-01,2010-08-24,2,1450.5,At Risk,2,1,2,4,,,,False,Không đủ điều kiện chấm điểm
14893,United Kingdom,2010-04-01,2011-11-30,3,1790.11,Champions,3,5,3,4,0.402,497.837,274.0,True,Đã chấm điểm
12662,Germany,2010-04-01,2011-12-09,20,6097.84,Champions,1,5,5,5,0.127,129.828,2495.0,False,Đã chấm điểm
15689,United Kingdom,2010-04-01,2011-08-12,3,521.03,Loyal,2,3,3,2,0.828,93.54,2950.0,False,Đã chấm điểm
16377,United Kingdom,2010-04-01,2011-03-17,2,1308.48,At Risk,2,2,2,4,,,,False,Không đủ điều kiện chấm điểm
14916,United Kingdom,2010-04-01,2011-09-30,8,3003.65,Loyal,2,3,4,5,0.463,270.738,1019.0,False,Đã chấm điểm
13582,United Kingdom,2010-04-01,2010-11-15,2,241.68,Hibernating,0,2,2,1,,,,False,Không đủ điều kiện chấm điểm
18241,United Kingdom,2010-04-01,2011-11-30,21,2954.09,Champions,1,5,5,5,0.119,100.958,2870.0,False,Đã chấm điểm
15173,United Kingdom,2010-04-01,2010-11-24,7,1494.6,At Risk,2,2,4,4,,,,False,Không đủ điều kiện chấm điểm
13196,United Kingdom,2010-04-01,2011-11-28,7,3068.84,Champions,1,5,4,5,0.515,316.548,747.0,False,Đã chấm điểm
14200,United Kingdom,2010-04-01,2010-04-01,1,379.2,Hibernating,0,1,1,2,,,,False,Không đủ điều kiện chấm điểm
16130,United Kingdom,2010-04-01,2010-10-13,4,987.48,At Risk,2,1,3,3,,,,False,Không đủ điều kiện chấm điểm
14692,United Kingdom,2010-04-01,2011-07-25,12,1715.14,Loyal,2,3,5,4,0.751,60.377,3273.0,False,Đã chấm điểm
14748,United Kingdom,2010-04-01,2011-11-10,9,2282.64,Champions,1,4,5,4,0.481,191.999,1723.0,False,Đã chấm điểm
17993,United Kingdom,2010-04-01,2010-04-01,1,225.99,Hibernating,0,1,1,1,,,,False,Không đủ điều kiện chấm điểm
13750,United Kingdom,2010-04-01,2011-10-17,11,3602.18,Champions,1,4,5,5,0.488,244.888,1223.0,False,Đã chấm điểm
14049,United Kingdom,2010-04-01,2011-11-23,13,12885.17,Champions,1,5,5,5,0.303,617.351,174.0,True,Đã chấm điểm
16054,United Kingdom,2010-04-01,2011-07-17,4,2111.88,Loyal,2,3,3,4,0.684,330.482,686.0,False,Đã chấm điểm
17669,United Kingdom,2010-04-01,2011-10-28,10,6142.35,Champions,1,4,5,5,0.16,196.496,1671.0,False,Đã chấm điểm
14835,United Kingdom,2010-04-01,2010-06-29,2,297.0,Hibernating,0,1,2,2,,,,False,Không đủ điều kiện chấm điểm
14694,United Kingdom,2010-04-01,2010-04-01,1,244.31,Hibernating,0,1,1,1,,,,False,Không đủ điều kiện chấm điểm
14489,United Kingdom,2010-04-06,2011-05-16,4,1574.93,At Risk,2,2,3,4,,,,False,Không đủ điều kiện chấm điểm
18173,United Kingdom,2010-04-06,2011-09-14,5,2696.36,Loyal,2,3,4,4,0.466,223.819,1407.0,False,Đã chấm điểm
12997,United Kingdom,2010-04-06,2011-11-17,8,2110.91,Champions,1,4,4,4,0.534,186.713,1783.0,False,Đã chấm điểm
15215,United Kingdom,2010-04-06,2011-10-24,6,1570.47,Champions,2,4,4,4,0.45,307.04,797.0,False,Đã chấm điểm
15770,United Kingdom,2010-04-06,2010-04-06,1,321.45,Hibernating,0,1,1,2,,,,False,Không đủ điều kiện chấm điểm
14035,United Kingdom,2010-04-06,2011-11-11,9,2794.75,Champions,1,4,5,4,0.49,185.368,1799.0,False,Đã chấm điểm
13939,United Kingdom,2010-04-06,2011-11-16,7,1560.96,Champions,3,4,4,4,0.578,183.328,1828.0,False,Đã chấm điểm
13710,United Kingdom,2010-04-06,2011-11-08,3,509.52,Potential Loyalist,3,4,3,2,0.739,133.384,2437.0,False,Đã chấm điểm
16654,United Kingdom,2010-04-06,2011-07-21,8,1484.07,Loyal,2,3,4,4,0.697,99.372,2886.0,False,Đã chấm điểm
13071,United Kingdom,2010-04-06,2010-04-06,1,129.22,Hibernating,0,1,1,1,,,,False,Không đủ điều kiện chấm điểm
14221,United Kingdom,2010-04-06,2011-10-28,17,6517.49,Champions,1,4,5,5,0.11,148.824,2239.0,False,Đã chấm điểm
14825,United Kingdom,2010-04-06,2011-12-06,24,4721.58,Champions,1,5,5,5,0.181,106.861,2803.0,False,Đã chấm điểm
14265,Unspecified,2010-04-06,2011-08-22,4,1373.35,Loyal,2,3,3,4,0.658,210.739,1538.0,False,Đã chấm điểm
13432,United Kingdom,2010-04-06,2010-05-17,2,436.55,Hibernating,0,1,2,2,,,,False,Không đủ điều kiện chấm điểm
13207,United Kingdom,2010-04-06,2011-11-24,4,535.86,Potential Loyalist,3,5,3,2,0.686,102.369,2857.0,False,Đã chấm điểm
17563,United Kingdom,2010-04-07,2010-05-10,2,318.73,Hibernating,0,1,2,2,,,,False,Không đủ điều kiện chấm điểm
15252,United Kingdom,2010-04-07,2011-11-03,5,2080.01,Champions,2,4,4,4,0.616,223.161,1410.0,False,Đã chấm điểm
13632,United Kingdom,2010-04-07,2011-11-15,8,3645.81,Champions,1,4,4,5,0.284,222.006,1433.0,False,Đã chấm điểm
16941,United Kingdom,2010-04-07,2010-04-07,1,33.0,Hibernating,0,1,1,1,,,,False,Không đủ điều kiện chấm điểm
14264,United Kingdom,2010-04-07,2011-07-08,6,1490.36,Loyal,2,3,4,4,0.678,82.785,3063.0,False,Đã chấm điểm
12643,France,2010-04-07,2011-08-03,11,7347.82,Loyal,1,3,5,5,0.52,466.803,323.0,True,Đã chấm điểm
15112,United Kingdom,2010-04-07,2010-04-07,1,209.4,Hibernating,0,1,1,1,,,,False,Không đủ điều kiện chấm điểm
13723,United Kingdom,2010-04-07,2011-05-06,6,1194.08,At Risk,2,2,4,4,,,,False,Không đủ điều kiện chấm điểm
15201,United Kingdom,2010-04-07,2011-09-13,7,1783.01,Loyal,2,3,4,4,0.417,178.246,1902.0,False,Đã chấm điểm
12821,United Kingdom,2010-04-07,2011-05-09,2,220.8,Hibernating,0,2,2,1,,,,False,Không đủ điều kiện chấm điểm
13640,United Kingdom,2010-04-07,2010-04-07,1,405.0,Hibernating,0,1,1,2,,,,False,Không đủ điều kiện chấm điểm
16454,United Kingdom,2010-04-07,2011-10-06,2,7.45,Need Attention,0,3,2,1,0.747,4.409,3459.0,False,Đã chấm điểm
16369,United Kingdom,2010-04-07,2011-11-21,7,2654.48,Champions,1,5,4,4,0.433,305.377,807.0,False,Đã chấm điểm
17497,United Kingdom,2010-04-08,2010-11-14,2,287.25,Hibernating,0,2,2,2,,,,False,Không đủ điều kiện chấm điểm
14758,United Kingdom,2010-04-08,2011-07-18,7,2864.97,Loyal,2,3,4,5,0.488,250.919,1168.0,False,Đã chấm điểm
13852,United Kingdom,2010-04-08,2010-04-08,1,187.35,Hibernating,0,1,1,1,,,,False,Không đủ điều kiện chấm điểm
17553,United Kingdom,2010-04-08,2011-08-02,4,3757.6,Loyal,2,3,3,5,0.786,809.046,95.0,True,Đã chấm điểm
14145,United Kingdom,2010-04-08,2011-10-24,7,7006.05,Champions,1,4,4,5,0.3,390.399,485.0,True,Đã chấm điểm
14855,United Kingdom,2010-04-08,2011-08-12,7,6520.3,Loyal,2,3,4,5,0.703,302.496,825.0,False,Đã chấm điểm
16053,United Kingdom,2010-04-08,2011-11-07,6,3600.19,Champions,1,4,4,5,0.492,544.83,235.0,True,Đã chấm điểm
13712,United Kingdom,2010-04-08,2011-04-07,2,766.42,At Risk,0,2,2,3,,,,False,Không đủ điều kiện chấm điểm
14918,United Kingdom,2010-04-08,2011-08-16,9,5955.81,Loyal,2,3,5,5,0.656,613.549,177.0,True,Đã chấm điểm
14813,United Kingdom,2010-04-08,2010-12-05,4,888.91,At Risk,2,2,3,3,,,,False,Không đủ điều kiện chấm điểm
13278,United Kingdom,2010-04-08,2011-10-30,4,1425.35,Champions,3,4,3,4,0.717,389.234,487.0,True,Đã chấm điểm
14450,United Kingdom,2010-04-08,2011-06-12,7,1128.44,Loyal,2,3,4,3,0.687,81.641,3085.0,False,Đã chấm điểm
14533,United Kingdom,2010-04-08,2011-11-15,11,3174.47,Champions,1,4,5,5,0.283,311.246,771.0,False,Đã chấm điểm
15613,United Kingdom,2010-04-08,2010-04-08,1,433.72,Hibernating,0,1,1,2,,,,False,Không đủ điều kiện chấm điểm
17746,United Kingdom,2010-04-08,2011-04-13,4,888.58,At Risk,2,2,3,3,,,,False,Không đủ điều kiện chấm điểm
17110,United Kingdom,2010-04-08,2011-06-27,3,499.9,Loyal,2,3,3,2,0.771,68.295,3201.0,False,Đã chấm điểm
17805,United Kingdom,2010-04-08,2011-09-27,2,927.03,Loyal,3,3,2,3,0.764,391.431,479.0,True,Đã chấm điểm
15638,United Kingdom,2010-04-08,2010-11-26,6,2265.2,At Risk,2,2,4,4,,,,False,Không đủ điều kiện chấm điểm
15062,United Kingdom,2010-04-08,2011-09-29,8,2585.62,Loyal,2,3,4,4,0.683,148.657,2240.0,False,Đã chấm điểm
13163,United Kingdom,2010-04-08,2010-04-08,1,17.65,Hibernating,0,1,1,1,,,,False,Không đủ điều kiện chấm điểm
15129,United Kingdom,2010-04-08,2011-10-20,23,6860.18,Champions,1,4,5,5,0.139,151.087,2216.0,False,Đã chấm điểm
13197,United Kingdom,2010-04-09,2010-04-09,1,373.01,Hibernating,0,1,1,2,,,,False,Không đủ điều kiện chấm điểm
16040,United Kingdom,2010-04-09,2011-10-05,7,2390.5,Loyal,2,3,4,4,0.426,187.343,1774.0,False,Đã chấm điểm
18246,United Kingdom,2010-04-09,2011-11-16,3,758.82,Potential Loyalist,3,4,3,3,0.67,153.719,2174.0,False,Đã chấm điểm
16341,United Kingdom,2010-04-09,2011-11-15,7,3850.79,Champions,1,4,4,5,0.462,405.804,435.0,True,Đã chấm điểm
16944,United Kingdom,2010-04-09,2010-04-09,1,101.36,Hibernating,0,1,1,1,,,,False,Không đủ điều kiện chấm điểm
12786,Netherlands,2010-04-09,2010-04-09,1,668.5,Hibernating,0,1,1,3,,,,False,Không đủ điều kiện chấm điểm
13080,United Kingdom,2010-04-09,2011-06-13,4,260.83,Need Attention,0,3,3,1,0.779,22.623,3441.0,False,Đã chấm điểm
15331,United Kingdom,2010-04-09,2010-07-28,3,756.66,At Risk,2,1,3,3,,,,False,Không đủ điều kiện chấm điểm
17609,United Kingdom,2010-04-09,2011-10-30,11,1741.81,Champions,1,4,5,4,0.485,276.291,992.0,False,Đã chấm điểm
16276,United Kingdom,2010-04-11,2011-06-16,3,2629.39,Loyal,2,3,3,4,0.674,277.606,986.0,False,Đã chấm điểm
14275,United Kingdom,2010-04-11,2010-11-09,6,1189.38,At Risk,2,2,4,4,,,,False,Không đủ điều kiện chấm điểm
16814,United Kingdom,2010-04-11,2011-11-25,36,11914.95,Champions,1,5,5,5,0.032,47.412,3356.0,False,Đã chấm điểm
12481,Germany,2010-04-11,2011-11-17,14,10915.61,Champions,1,4,5,5,0.234,310.926,778.0,False,Đã chấm điểm
17608,United Kingdom,2010-04-11,2011-11-06,4,488.06,Potential Loyalist,3,4,3,2,0.71,136.24,2398.0,False,Đã chấm điểm
13180,United Kingdom,2010-04-11,2010-04-11,1,86.1,Hibernating,0,1,1,1,,,,False,Không đủ điều kiện chấm điểm
14011,United Kingdom,2010-04-11,2010-08-16,2,457.82,Hibernating,0,1,2,2,,,,False,Không đủ điều kiện chấm điểm
16372,United Kingdom,2010-04-11,2011-11-06,5,1260.31,Champions,3,4,4,4,0.688,244.61,1227.0,False,Đã chấm điểm
17221,United Kingdom,2010-04-11,2011-12-02,5,976.62,Champions,3,5,4,3,0.508,169.908,1982.0,False,Đã chấm điểm
15067,United Kingdom,2010-04-11,2011-09-22,5,3850.13,Loyal,2,3,4,5,0.69,618.88,173.0,True,Đã chấm điểm
14430,United Kingdom,2010-04-11,2010-07-16,3,1181.1,At Risk,2,1,3,3,,,,False,Không đủ điều kiện chấm điểm
12935,United Kingdom,2010-04-11,2011-12-07,15,4163.76,Champions,1,5,5,5,0.195,149.105,2236.0,False,Đã chấm điểm
15524,United Kingdom,2010-04-12,2011-11-15,2,591.4,Potential Loyalist,3,4,2,2,0.743,327.022,703.0,False,Đã chấm điểm
15590,United Kingdom,2010-04-12,2010-11-22,5,1496.6,At Risk,2,2,4,4,,,,False,Không đủ điều kiện chấm điểm
14791,United Kingdom,2010-04-12,2010-04-12,1,303.63,Hibernating,0,1,1,2,,,,False,Không đủ điều kiện chấm điểm
14114,United Kingdom,2010-04-12,2011-03-11,7,1364.09,At Risk,2,2,4,4,,,,False,Không đủ điều kiện chấm điểm
14930,Channel Islands,2010-04-12,2011-08-23,6,5236.73,Loyal,2,3,4,5,0.658,684.322,136.0,True,Đã chấm điểm
14844,United Kingdom,2010-04-12,2011-10-07,10,6702.43,Loyal,1,3,5,5,0.302,358.11,583.0,False,Đã chấm điểm
12982,United Kingdom,2010-04-12,2011-04-11,8,2702.51,At Risk,2,2,4,4,,,,False,Không đủ điều kiện chấm điểm
12671,Germany,2010-04-12,2010-04-12,1,2622.48,At Risk,2,1,1,4,,,,False,Không đủ điều kiện chấm điểm
14853,United Kingdom,2010-04-13,2011-11-15,5,1376.87,Champions,3,4,4,4,0.678,136.929,2390.0,False,Đã chấm điểm
12943,United Kingdom,2010-04-13,2010-05-30,2,496.5,Hibernating,0,1,2,2,,,,False,Không đủ điều kiện chấm điểm
15268,United Kingdom,2010-04-13,2010-08-18,3,961.9,At Risk,2,1,3,3,,,,False,Không đủ điều kiện chấm điểm
15639,United Kingdom,2010-04-13,2011-07-28,3,1047.68,Loyal,2,3,3,3,0.762,216.174,1489.0,False,Đã chấm điểm
12459,Spain,2010-04-13,2010-04-13,1,398.36,Hibernating,0,1,1,2,,,,False,Không đủ điều kiện chấm điểm
16809,United Kingdom,2010-04-13,2011-11-16,9,1727.43,Champions,1,4,5,4,0.461,144.297,2294.0,False,Đã chấm điểm
15982,United Kingdom,2010-04-13,2010-04-13,1,324.51,Hibernating,0,1,1,2,,,,False,Không đủ điều kiện chấm điểm
14998,United Kingdom,2010-04-13,2011-06-22,4,753.18,Loyal,2,3,3,3,0.65,100.338,2876.0,False,Đã chấm điểm
17505,United Kingdom,2010-04-13,2011-07-01,5,2435.48,Loyal,2,3,4,4,0.623,311.852,767.0,False,Đã chấm điểm
16259,United Kingdom,2010-04-13,2010-10-25,3,340.94,At Risk,0,1,3,2,,,,False,Không đủ điều kiện chấm điểm
15890,United Kingdom,2010-04-14,2010-11-10,5,535.65,At Risk,2,2,4,2,,,,False,Không đủ điều kiện chấm điểm
17594,United Kingdom,2010-04-14,2011-09-15,4,2497.88,Loyal,2,3,3,4,0.615,215.739,1496.0,False,Đã chấm điểm
14624,United Kingdom,2010-04-14,2011-10-13,6,814.07,Champions,2,4,4,3,0.688,155.478,2153.0,False,Đã chấm điểm
17039,United Kingdom,2010-04-14,2010-04-14,1,1954.99,At Risk,2,1,1,4,,,,False,Không đủ điều kiện chấm điểm
16105,United Kingdom,2010-04-14,2011-04-05,5,2386.19,At Risk,2,2,4,4,,,,False,Không đủ điều kiện chấm điểm
16292,United Kingdom,2010-04-14,2011-08-10,5,1188.46,Loyal,2,3,4,3,0.763,158.946,2113.0,False,Đã chấm điểm
13878,United Kingdom,2010-04-14,2011-10-16,4,2416.9,Champions,2,4,3,4,0.712,905.06,77.0,True,Đã chấm điểm
15572,United Kingdom,2010-04-14,2011-12-05,10,3965.2,Champions,1,5,5,5,0.397,299.339,845.0,False,Đã chấm điểm
13388,United Kingdom,2010-04-15,2011-07-31,3,1135.7,Loyal,2,3,3,3,0.748,320.015,729.0,False,Đã chấm điểm
14569,United Kingdom,2010-04-15,2011-12-08,4,597.33,Potential Loyalist,3,5,3,3,0.596,135.457,2405.0,False,Đã chấm điểm
14656,United Kingdom,2010-04-15,2011-06-23,5,790.0,Loyal,2,3,4,3,0.751,62.755,3259.0,False,Đã chấm điểm
18174,United Kingdom,2010-04-15,2011-12-02,2,162.5,Potential Loyalist,3,5,2,1,0.828,86.084,3016.0,False,Đã chấm điểm
13647,United Kingdom,2010-04-15,2011-11-30,8,3041.68,Champions,1,5,4,5,0.353,222.664,1422.0,False,Đã chấm điểm
18236,United Kingdom,2010-04-15,2011-11-10,12,1795.35,Champions,1,4,5,4,0.372,122.63,2581.0,False,Đã chấm điểm
17678,United Kingdom,2010-04-15,2011-03-21,2,599.76,At Risk,0,2,2,3,,,,False,Không đủ điều kiện chấm điểm
15814,United Kingdom,2010-04-15,2011-11-23,6,2634.44,Champions,1,5,4,4,0.256,497.797,275.0,True,Đã chấm điểm
17709,United Kingdom,2010-04-15,2011-06-23,5,671.01,Loyal,2,3,4,3,0.799,58.171,3295.0,False,Đã chấm điểm
13661,United Kingdom,2010-04-15,2010-04-15,1,325.24,Hibernating,0,1,1,2,,,,False,Không đủ điều kiện chấm điểm
16174,United Kingdom,2010-04-15,2011-08-05,7,2246.75,Loyal,2,3,4,4,0.637,381.018,509.0,False,Đã chấm điểm
13015,United Kingdom,2010-04-15,2011-10-17,11,6473.73,Champions,1,4,5,5,0.253,304.662,810.0,False,Đã chấm điểm
13414,United Kingdom,2010-04-15,2011-07-29,6,2494.14,Loyal,2,3,4,4,0.686,391.07,481.0,True,Đã chấm điểm
13450,United Kingdom,2010-04-15,2011-11-13,13,4120.04,Champions,1,4,5,5,0.17,142.719,2313.0,False,Đã chấm điểm
18262,United Kingdom,2010-04-16,2011-07-22,3,577.54,Loyal,2,3,3,2,0.842,80.349,3101.0,False,Đã chấm điểm
12778,Netherlands,2010-04-16,2011-11-20,9,1541.68,Champions,1,4,5,4,0.516,84.092,3045.0,False,Đã chấm điểm
12395,Belgium,2010-04-16,2011-11-20,15,4211.47,Champions,1,4,5,5,0.135,86.969,3009.0,False,Đã chấm điểm
12969,United Kingdom,2010-04-16,2010-04-16,1,122.45,Hibernating,0,1,1,1,,,,False,Không đủ điều kiện chấm điểm
15979,United Kingdom,2010-04-16,2010-04-16,1,329.22,Hibernating,0,1,1,2,,,,False,Không đủ điều kiện chấm điểm
17626,United Kingdom,2010-04-16,2010-04-16,1,254.0,Hibernating,0,1,1,1,,,,False,Không đủ điều kiện chấm điểm
14988,United Kingdom,2010-04-16,2011-05-12,7,2038.65,At Risk,2,2,4,4,,,,False,Không đủ điều kiện chấm điểm
14907,United Kingdom,2010-04-16,2011-12-06,16,5534.22,Champions,1,5,5,5,0.295,454.075,341.0,True,Đã chấm điểm
16094,United Kingdom,2010-04-16,2011-11-28,11,3682.81,Champions,1,5,5,5,0.596,263.106,1073.0,False,Đã chấm điểm
17842,United Kingdom,2010-04-16,2010-04-16,1,430.69,Hibernating,0,1,1,2,,,,False,Không đủ điều kiện chấm điểm
14623,United Kingdom,2010-04-16,2011-11-07,10,1988.65,Champions,1,4,5,4,0.379,124.751,2559.0,False,Đã chấm điểm
13262,United Kingdom,2010-04-18,2011-03-21,3,573.45,At Risk,2,2,3,2,,,,False,Không đủ điều kiện chấm điểm
17346,United Kingdom,2010-04-18,2011-12-06,26,4971.13,Champions,1,5,5,5,0.079,67.551,3209.0,False,Đã chấm điểm
14395,United Kingdom,2010-04-18,2011-12-07,20,7763.18,Champions,1,5,5,5,0.201,176.459,1922.0,False,Đã chấm điểm
17256,United Kingdom,2010-04-18,2011-08-24,5,498.93,Loyal,2,3,4,2,0.815,76.127,3138.0,False,Đã chấm điểm
15972,United Kingdom,2010-04-18,2010-09-09,5,1769.33,At Risk,2,1,4,4,,,,False,Không đủ điều kiện chấm điểm
17041,United Kingdom,2010-04-18,2011-11-13,6,1639.4,Champions,3,4,4,4,0.531,336.368,660.0,False,Đã chấm điểm
16921,United Kingdom,2010-04-18,2011-10-09,3,409.21,Loyal,3,3,3,2,0.752,115.912,2677.0,False,Đã chấm điểm
13286,United Kingdom,2010-04-18,2010-04-18,1,734.91,Hibernating,0,1,1,3,,,,False,Không đủ điều kiện chấm điểm
14506,United Kingdom,2010-04-19,2011-11-22,7,2960.25,Champions,1,5,4,5,0.48,372.787,537.0,False,Đã chấm điểm
15410,United Kingdom,2010-04-19,2011-09-16,10,4685.72,Loyal,1,3,5,5,0.235,279.053,977.0,False,Đã chấm điểm
17540,United Kingdom,2010-04-19,2011-11-15,6,1590.6,Champions,3,4,4,4,0.713,221.166,1442.0,False,Đã chấm điểm
14845,United Kingdom,2010-04-19,2010-04-19,1,150.0,Hibernating,0,1,1,1,,,,False,Không đủ điều kiện chấm điểm
17474,United Kingdom,2010-04-19,2010-04-19,1,1047.0,Hibernating,0,1,1,3,,,,False,Không đủ điều kiện chấm điểm
13145,United Kingdom,2010-04-19,2011-10-31,7,1128.52,Champions,2,4,4,3,0.546,124.188,2565.0,False,Đã chấm điểm
15273,United Kingdom,2010-04-19,2010-04-19,1,228.96,Hibernating,0,1,1,1,,,,False,Không đủ điều kiện chấm điểm
13115,United Kingdom,2010-04-19,2011-11-28,10,5461.7,Champions,1,5,5,5,0.383,421.854,403.0,True,Đã chấm điểm
15451,United Kingdom,2010-04-19,2010-10-01,2,226.86,Hibernating,0,1,2,1,,,,False,Không đủ điều kiện chấm điểm
18095,United Kingdom,2010-04-19,2011-01-31,5,2303.09,At Risk,2,2,4,4,,,,False,Không đủ điều kiện chấm điểm
12516,Germany,2010-04-19,2011-09-23,4,2288.62,Loyal,2,3,3,4,0.561,330.873,685.0,False,Đã chấm điểm
14372,United Kingdom,2010-04-19,2010-09-22,2,860.08,At Risk,0,1,2,3,,,,False,Không đủ điều kiện chấm điểm
16548,United Kingdom,2010-04-19,2010-04-19,1,30.15,Hibernating,0,1,1,1,,,,False,Không đủ điều kiện chấm điểm
12780,Netherlands,2010-04-20,2010-04-20,1,322.4,Hibernating,0,1,1,2,,,,False,Không đủ điều kiện chấm điểm
14926,United Kingdom,2010-04-20,2010-11-23,2,359.4,Hibernating,0,2,2,2,,,,False,Không đủ điều kiện chấm điểm
14611,United Kingdom,2010-04-20,2010-09-22,2,604.33,At Risk,0,1,2,3,,,,False,Không đủ điều kiện chấm điểm
15970,United Kingdom,2010-04-20,2011-02-09,2,1017.32,At Risk,2,2,2,3,,,,False,Không đủ điều kiện chấm điểm
16864,United Kingdom,2010-04-20,2010-10-01,2,409.25,Hibernating,0,1,2,2,,,,False,Không đủ điều kiện chấm điểm
14812,United Kingdom,2010-04-20,2010-04-20,1,178.85,Hibernating,0,1,1,1,,,,False,Không đủ điều kiện chấm điểm
12983,United Kingdom,2010-04-20,2010-04-20,1,490.08,Hibernating,0,1,1,2,,,,False,Không đủ điều kiện chấm điểm
17622,United Kingdom,2010-04-20,2010-04-21,2,1125.17,At Risk,2,1,2,3,,,,False,Không đủ điều kiện chấm điểm
17185,United Kingdom,2010-04-20,2010-04-27,3,229.46,Hibernating,0,1,3,1,,,,False,Không đủ điều kiện chấm điểm
15886,United Kingdom,2010-04-20,2011-10-10,4,1052.87,Loyal,2,3,3,3,0.735,133.015,2440.0,False,Đã chấm điểm
18062,United Kingdom,2010-04-21,2011-06-19,6,1553.07,Loyal,2,3,4,4,0.65,145.865,2280.0,False,Đã chấm điểm
16256,United Kingdom,2010-04-21,2011-03-18,3,1579.37,At Risk,2,2,3,4,,,,False,Không đủ điều kiện chấm điểm
16472,United Kingdom,2010-04-21,2010-10-01,2,789.6,At Risk,0,1,2,3,,,,False,Không đủ điều kiện chấm điểm
16231,United Kingdom,2010-04-21,2010-11-25,4,1074.47,At Risk,2,2,3,3,,,,False,Không đủ điều kiện chấm điểm
12588,Finland,2010-04-21,2011-10-31,3,703.93,Potential Loyalist,3,4,3,3,0.69,120.692,2605.0,False,Đã chấm điểm
15455,United Kingdom,2010-04-21,2010-04-21,1,38.25,Hibernating,0,1,1,1,,,,False,Không đủ điều kiện chấm điểm
13461,United Kingdom,2010-04-21,2011-11-01,6,4160.0,Champions,1,4,4,5,0.423,335.428,663.0,False,Đã chấm điểm
13963,United Kingdom,2010-04-21,2011-02-04,17,2748.32,At Risk,2,2,5,4,,,,False,Không đủ điều kiện chấm điểm
13308,United Kingdom,2010-04-22,2011-11-17,4,1670.37,Champions,3,4,3,4,0.459,280.269,966.0,False,Đã chấm điểm
14917,United Kingdom,2010-04-22,2010-04-22,2,1123.75,At Risk,2,1,2,3,,,,False,Không đủ điều kiện chấm điểm
12504,Germany,2010-04-22,2011-11-21,4,353.65,Potential Loyalist,3,5,3,2,0.706,65.389,3232.0,False,Đã chấm điểm
13625,United Kingdom,2010-04-22,2010-04-22,1,301.26,Hibernating,0,1,1,2,,,,False,Không đủ điều kiện chấm điểm
12625,Germany,2010-04-22,2011-05-12,4,4639.28,At Risk,2,2,3,5,,,,False,Không đủ điều kiện chấm điểm
13346,United Kingdom,2010-04-22,2010-09-03,6,299.4,At Risk,2,1,4,2,,,,False,Không đủ điều kiện chấm điểm
16743,United Kingdom,2010-04-22,2011-11-10,14,4182.15,Champions,1,4,5,5,0.368,217.637,1473.0,False,Đã chấm điểm
15651,United Kingdom,2010-04-22,2011-11-03,5,1259.06,Champions,3,4,4,4,0.605,134.889,2413.0,False,Đã chấm điểm
16279,United Kingdom,2010-04-22,2011-11-18,9,5698.28,Champions,1,4,5,5,0.457,349.517,611.0,False,Đã chấm điểm
14655,United Kingdom,2010-04-22,2011-12-01,7,3878.51,Champions,1,5,4,5,0.394,307.031,798.0,False,Đã chấm điểm
17729,United Kingdom,2010-04-22,2010-04-22,1,438.65,Hibernating,0,1,1,2,,,,False,Không đủ điều kiện chấm điểm
14182,United Kingdom,2010-04-22,2010-09-22,4,666.02,At Risk,2,1,3,3,,,,False,Không đủ điều kiện chấm điểm
17240,United Kingdom,2010-04-22,2010-04-22,1,130.6,Hibernating,0,1,1,1,,,,False,Không đủ điều kiện chấm điểm
14788,United Kingdom,2010-04-22,2011-12-02,3,1156.32,Potential Loyalist,3,5,3,3,0.444,301.985,830.0,False,Đã chấm điểm
17057,United Kingdom,2010-04-22,2010-04-22,1,288.79,Hibernating,0,1,1,2,,,,False,Không đủ điều kiện chấm điểm
12672,France,2010-04-23,2011-01-14,2,389.2,Hibernating,0,2,2,2,,,,False,Không đủ điều kiện chấm điểm
15474,United Kingdom,2010-04-23,2010-04-23,1,150.35,Hibernating,0,1,1,1,,,,False,Không đủ điều kiện chấm điểm
17181,United Kingdom,2010-04-23,2011-10-13,3,309.85,Potential Loyalist,3,4,3,2,0.771,65.071,3236.0,False,Đã chấm điểm
16028,United Kingdom,2010-04-23,2010-04-23,1,82.2,Hibernating,0,1,1,1,,,,False,Không đủ điều kiện chấm điểm
15548,United Kingdom,2010-04-23,2010-04-23,1,158.09,Hibernating,0,1,1,1,,,,False,Không đủ điều kiện chấm điểm
13656,United Kingdom,2010-04-23,2011-06-28,4,1078.85,Loyal,2,3,3,3,0.769,91.056,2977.0,False,Đã chấm điểm
15042,United Kingdom,2010-04-23,2011-05-24,2,315.45,Hibernating,0,2,2,2,,,,False,Không đủ điều kiện chấm điểm
15245,United Kingdom,2010-04-23,2011-07-28,8,4610.84,Loyal,2,3,4,5,0.565,487.992,291.0,True,Đã chấm điểm
16538,United Kingdom,2010-04-23,2010-06-16,3,395.07,At Risk,0,1,3,2,,,,False,Không đủ điều kiện chấm điểm
16868,United Kingdom,2010-04-25,2010-11-10,3,384.56,At Risk,0,2,3,2,,,,False,Không đủ điều kiện chấm điểm
15600,United Kingdom,2010-04-25,2010-10-07,4,1186.56,At Risk,2,1,3,3,,,,False,Không đủ điều kiện chấm điểm
12844,United Kingdom,2010-04-25,2011-11-10,4,648.6,Potential Loyalist,3,4,3,3,0.598,133.876,2431.0,False,Đã chấm điểm
16068,United Kingdom,2010-04-25,2010-04-25,1,115.73,Hibernating,0,1,1,1,,,,False,Không đủ điều kiện chấm điểm
13863,United Kingdom,2010-04-25,2011-04-06,4,1226.8,At Risk,2,2,3,4,,,,False,Không đủ điều kiện chấm điểm
13760,United Kingdom,2010-04-25,2011-10-16,5,1363.64,Champions,2,4,4,4,0.747,75.032,3149.0,False,Đã chấm điểm
18091,United Kingdom,2010-04-25,2010-04-25,1,360.85,Hibernating,0,1,1,2,,,,False,Không đủ điều kiện chấm điểm
13609,United Kingdom,2010-04-25,2010-04-25,1,167.35,Hibernating,0,1,1,1,,,,False,Không đủ điều kiện chấm điểm
14677,United Kingdom,2010-04-26,2010-04-26,1,184.91,Hibernating,0,1,1,1,,,,False,Không đủ điều kiện chấm điểm
12838,United Kingdom,2010-04-26,2011-11-06,10,2970.96,Champions,1,4,5,5,0.701,197.022,1662.0,False,Đã chấm điểm
17093,United Kingdom,2010-04-26,2010-04-26,1,235.88,Hibernating,0,1,1,1,,,,False,Không đủ điều kiện chấm điểm
14743,United Kingdom,2010-04-26,2010-04-26,1,50.48,Hibernating,0,1,1,1,,,,False,Không đủ điều kiện chấm điểm
14773,United Kingdom,2010-04-26,2010-04-26,1,125.7,Hibernating,0,1,1,1,,,,False,Không đủ điều kiện chấm điểm
12925,United Kingdom,2010-04-26,2011-12-05,3,729.33,Potential Loyalist,3,5,3,3,0.526,365.057,566.0,False,Đã chấm điểm
15717,United Kingdom,2010-04-26,2011-04-19,5,607.0,At Risk,2,2,4,3,,,,False,Không đủ điều kiện chấm điểm
14999,United Kingdom,2010-04-26,2010-04-26,1,129.48,Hibernating,0,1,1,1,,,,False,Không đủ điều kiện chấm điểm
14665,United Kingdom,2010-04-26,2011-02-16,5,1454.51,At Risk,2,2,4,4,,,,False,Không đủ điều kiện chấm điểm
14021,United Kingdom,2010-04-26,2011-07-07,7,1716.58,Loyal,2,3,4,4,0.61,134.957,2410.0,False,Đã chấm điểm
17715,United Kingdom,2010-04-26,2011-05-23,2,489.6,Hibernating,0,2,2,2,,,,False,Không đủ điều kiện chấm điểm
15384,United Kingdom,2010-04-26,2011-06-23,4,2027.79,Loyal,2,3,3,4,0.764,137.053,2387.0,False,Đã chấm điểm
14563,United Kingdom,2010-04-26,2010-07-18,2,625.42,At Risk,0,1,2,3,,,,False,Không đủ điều kiện chấm điểm
15111,United Kingdom,2010-04-26,2011-11-10,5,2442.37,Champions,3,4,4,4,0.479,612.938,179.0,True,Đã chấm điểm
13307,United Kingdom,2010-04-26,2011-08-11,3,273.34,Need Attention,0,3,3,1,0.841,9.381,3456.0,False,Đã chấm điểm
14552,United Kingdom,2010-04-26,2011-07-11,3,507.93,Loyal,2,3,3,2,0.771,74.947,3150.0,False,Đã chấm điểm
16623,United Kingdom,2010-04-26,2011-04-08,4,1002.49,At Risk,2,2,3,3,,,,False,Không đủ điều kiện chấm điểm
17959,United Kingdom,2010-04-26,2010-04-26,1,140.75,Hibernating,0,1,1,1,,,,False,Không đủ điều kiện chấm điểm
13012,United Kingdom,2010-04-26,2011-11-30,9,2419.52,Champions,1,5,5,4,0.346,193.066,1714.0,False,Đã chấm điểm
13655,United Kingdom,2010-04-27,2011-08-17,6,2268.01,Loyal,2,3,4,4,0.558,193.522,1706.0,False,Đã chấm điểm
13064,United Kingdom,2010-04-27,2011-11-27,6,1666.84,Champions,3,5,4,4,0.482,255.778,1135.0,False,Đã chấm điểm
16088,United Kingdom,2010-04-27,2010-05-13,2,1437.43,At Risk,2,1,2,4,,,,False,Không đủ điều kiện chấm điểm
16543,United Kingdom,2010-04-27,2010-04-27,1,282.01,Hibernating,0,1,1,2,,,,False,Không đủ điều kiện chấm điểm
16117,United Kingdom,2010-04-27,2011-06-03,3,654.4,At Risk,2,2,3,3,,,,False,Không đủ điều kiện chấm điểm
15402,United Kingdom,2010-04-27,2011-07-14,6,1830.12,Loyal,2,3,4,4,0.648,185.398,1797.0,False,Đã chấm điểm
17991,United Kingdom,2010-04-27,2011-04-28,3,298.65,At Risk,0,2,3,2,,,,False,Không đủ điều kiện chấm điểm
16354,United Kingdom,2010-04-27,2011-10-07,5,1119.46,Loyal,2,3,4,3,0.58,229.668,1360.0,False,Đã chấm điểm
12849,United Kingdom,2010-04-27,2011-11-08,6,3015.98,Champions,2,4,4,5,0.631,209.583,1551.0,False,Đã chấm điểm
12392,Australia,2010-04-27,2010-04-27,1,234.75,Hibernating,0,1,1,1,,,,False,Không đủ điều kiện chấm điểm
16408,United Kingdom,2010-04-27,2010-04-27,1,231.93,Hibernating,0,1,1,1,,,,False,Không đủ điều kiện chấm điểm
16267,United Kingdom,2010-04-27,2010-04-27,1,186.66,Hibernating,0,1,1,1,,,,False,Không đủ điều kiện chấm điểm
12744,Singapore,2010-04-27,2011-10-14,8,13158.16,Champions,1,4,4,5,0.328,836.979,89.0,True,Đã chấm điểm
14912,Italy,2010-04-28,2011-11-23,5,1849.58,Champions,3,5,4,4,0.658,207.919,1567.0,False,Đã chấm điểm
16138,United Kingdom,2010-04-28,2010-11-26,3,910.35,At Risk,2,2,3,3,,,,False,Không đủ điều kiện chấm điểm
14237,United Kingdom,2010-04-28,2010-12-01,2,471.14,Hibernating,0,2,2,2,,,,False,Không đủ điều kiện chấm điểm
14978,United Kingdom,2010-04-28,2011-09-28,10,3092.29,Loyal,2,3,5,5,0.675,202.958,1612.0,False,Đã chấm điểm
17635,United Kingdom,2010-04-28,2010-10-11,3,1265.58,At Risk,2,1,3,4,,,,False,Không đủ điều kiện chấm điểm
17491,United Kingdom,2010-04-28,2011-12-08,17,5653.67,Champions,1,5,5,5,0.125,125.775,2542.0,False,Đã chấm điểm
13539,United Kingdom,2010-04-28,2011-09-15,7,1556.76,Loyal,2,3,4,4,0.659,114.969,2696.0,False,Đã chấm điểm
13775,United Kingdom,2010-04-28,2010-04-28,1,1049.66,Hibernating,0,1,1,3,,,,False,Không đủ điều kiện chấm điểm
18273,United Kingdom,2010-04-28,2011-12-07,4,357.0,Potential Loyalist,3,5,3,2,0.639,45.455,3371.0,False,Đã chấm điểm
18049,United Kingdom,2010-04-28,2010-09-28,2,500.5,Hibernating,0,1,2,2,,,,False,Không đủ điều kiện chấm điểm
14724,United Kingdom,2010-04-28,2010-04-28,1,341.9,Hibernating,0,1,1,2,,,,False,Không đủ điều kiện chấm điểm
12876,Belgium,2010-04-28,2011-10-13,4,3751.79,Champions,2,4,3,5,0.541,507.08,265.0,True,Đã chấm điểm
16384,United Kingdom,2010-04-28,2011-09-11,4,1358.95,Loyal,2,3,3,4,0.674,134.272,2423.0,False,Đã chấm điểm
12717,Greece,2010-04-28,2011-07-11,3,1058.91,Loyal,2,3,3,3,0.603,183.404,1825.0,False,Đã chấm điểm
17605,United Kingdom,2010-04-28,2010-04-28,1,160.75,Hibernating,0,1,1,1,,,,False,Không đủ điều kiện chấm điểm
14389,United Kingdom,2010-04-28,2011-10-05,5,1898.01,Loyal,2,3,4,4,0.585,287.626,911.0,False,Đã chấm điểm
16648,United Kingdom,2010-04-28,2011-10-28,3,672.8,Potential Loyalist,3,4,3,3,0.723,210.116,1547.0,False,Đã chấm điểm
15445,United Kingdom,2010-04-28,2011-03-20,2,284.5,Hibernating,0,2,2,2,,,,False,Không đủ điều kiện chấm điểm
15101,United Kingdom,2010-04-28,2011-12-01,6,1477.94,Champions,3,5,4,4,0.704,151.584,2211.0,False,Đã chấm điểm
13238,United Kingdom,2010-04-28,2011-11-22,6,986.73,Champions,3,5,4,3,0.545,176.431,1923.0,False,Đã chấm điểm
12698,Germany,2010-04-28,2010-04-28,1,285.75,Hibernating,0,1,1,2,,,,False,Không đủ điều kiện chấm điểm
16767,United Kingdom,2010-04-28,2011-11-09,15,7950.41,Champions,1,4,5,5,0.129,165.156,2028.0,False,Đã chấm điểm
13041,United Kingdom,2010-04-29,2010-09-15,4,799.13,At Risk,2,1,3,3,,,,False,Không đủ điều kiện chấm điểm
17886,United Kingdom,2010-04-29,2011-11-08,6,1572.55,Champions,3,4,4,4,0.56,175.296,1934.0,False,Đã chấm điểm
17730,United Kingdom,2010-04-29,2011-12-06,20,7773.8,Champions,1,5,5,5,0.063,101.694,2864.0,False,Đã chấm điểm
18111,United Kingdom,2010-04-29,2010-04-29,1,405.85,Hibernating,0,1,1,2,,,,False,Không đủ điều kiện chấm điểm
12349,Italy,2010-04-29,2011-11-21,3,3678.69,Champions,3,5,3,5,0.688,1003.189,60.0,True,Đã chấm điểm
17771,United Kingdom,2010-04-29,2011-10-14,4,386.93,Potential Loyalist,3,4,3,2,0.771,99.815,2879.0,False,Đã chấm điểm
15954,United Kingdom,2010-04-29,2010-04-29,1,187.8,Hibernating,0,1,1,1,,,,False,Không đủ điều kiện chấm điểm
16332,United Kingdom,2010-04-29,2011-11-11,11,1987.05,Champions,1,4,5,4,0.256,221.701,1434.0,False,Đã chấm điểm
12863,United Kingdom,2010-04-29,2011-10-18,6,2792.55,Champions,2,4,4,4,0.729,379.851,516.0,False,Đã chấm điểm
16607,United Kingdom,2010-04-29,2011-11-22,24,5397.83,Champions,1,5,5,5,0.117,91.422,2974.0,False,Đã chấm điểm
15180,United Kingdom,2010-04-29,2010-12-07,3,816.93,At Risk,2,2,3,3,,,,False,Không đủ điều kiện chấm điểm
18141,United Kingdom,2010-04-29,2010-11-03,2,847.07,At Risk,0,2,2,3,,,,False,Không đủ điều kiện chấm điểm
12377,Switzerland,2010-04-29,2011-01-28,4,3266.32,At Risk,2,2,3,5,,,,False,Không đủ điều kiện chấm điểm
17463,United Kingdom,2010-04-29,2011-11-23,7,2520.16,Champions,1,5,4,4,0.513,233.848,1326.0,False,Đã chấm điểm
15709,United Kingdom,2010-04-29,2011-03-01,2,327.85,Hibernating,0,2,2,2,,,,False,Không đủ điều kiện chấm điểm
16827,United Kingdom,2010-04-29,2010-11-11,5,387.18,At Risk,2,2,4,2,,,,False,Không đủ điều kiện chấm điểm
12915,United Kingdom,2010-04-29,2011-07-14,4,922.7,Loyal,2,3,3,3,0.811,80.369,3100.0,False,Đã chấm điểm
17021,United Kingdom,2010-04-29,2010-09-23,6,1182.22,At Risk,2,1,4,3,,,,False,Không đủ điều kiện chấm điểm
14650,United Kingdom,2010-04-29,2010-04-29,1,62.5,Hibernating,0,1,1,1,,,,False,Không đủ điều kiện chấm điểm
12806,Netherlands,2010-04-30,2010-05-16,2,2558.96,At Risk,2,1,2,4,,,,False,Không đủ điều kiện chấm điểm
17005,United Kingdom,2010-04-30,2010-08-26,2,622.36,At Risk,0,1,2,3,,,,False,Không đủ điều kiện chấm điểm
15818,United Kingdom,2010-04-30,2010-04-30,1,340.5,Hibernating,0,1,1,2,,,,False,Không đủ điều kiện chấm điểm
14201,United Kingdom,2010-04-30,2011-10-10,10,1163.84,Loyal,2,3,5,3,0.401,99.794,2880.0,False,Đã chấm điểm
16374,United Kingdom,2010-04-30,2011-10-04,5,1709.55,Loyal,2,3,4,4,0.672,105.53,2821.0,False,Đã chấm điểm
12374,Austria,2010-04-30,2011-11-14,3,2669.22,Champions,3,4,3,4,0.713,444.105,362.0,True,Đã chấm điểm
14683,United Kingdom,2010-04-30,2010-04-30,1,146.56,Hibernating,0,1,1,1,,,,False,Không đủ điều kiện chấm điểm
15253,United Kingdom,2010-05-02,2011-11-23,8,2055.09,Champions,1,5,4,4,0.53,257.597,1120.0,False,Đã chấm điểm
15418,United Kingdom,2010-05-02,2010-10-10,2,449.42,Hibernating,0,1,2,2,,,,False,Không đủ điều kiện chấm điểm
16651,United Kingdom,2010-05-02,2010-05-02,1,136.2,Hibernating,0,1,1,1,,,,False,Không đủ điều kiện chấm điểm
17565,United Kingdom,2010-05-02,2010-05-02,1,131.83,Hibernating,0,1,1,1,,,,False,Không đủ điều kiện chấm điểm
15373,United Kingdom,2010-05-02,2011-12-01,16,2621.04,Champions,1,5,5,4,0.2,107.162,2798.0,False,Đã chấm điểm
15229,United Kingdom,2010-05-02,2010-05-02,1,160.5,Hibernating,0,1,1,1,,,,False,Không đủ điều kiện chấm điểm
15426,United Kingdom,2010-05-02,2011-11-20,9,2142.31,Champions,1,4,5,4,0.616,219.526,1458.0,False,Đã chấm điểm
13465,United Kingdom,2010-05-02,2010-09-19,2,931.12,At Risk,2,1,2,3,,,,False,Không đủ điều kiện chấm điểm
17555,United Kingdom,2010-05-02,2011-11-20,5,1045.74,Champions,3,4,4,3,0.686,195.325,1690.0,False,Đã chấm điểm
12507,Spain,2010-05-04,2011-07-28,4,1508.06,Loyal,2,3,3,4,0.707,281.729,957.0,False,Đã chấm điểm
16317,United Kingdom,2010-05-04,2011-08-12,5,2192.51,Loyal,2,3,4,4,0.638,273.046,1004.0,False,Đã chấm điểm
15183,United Kingdom,2010-05-04,2010-06-10,3,639.93,At Risk,0,1,3,3,,,,False,Không đủ điều kiện chấm điểm
13143,United Kingdom,2010-05-04,2010-05-04,1,405.1,Hibernating,0,1,1,2,,,,False,Không đủ điều kiện chấm điểm
16145,United Kingdom,2010-05-04,2011-12-01,19,6795.49,Champions,1,5,5,5,0.097,108.852,2778.0,False,Đã chấm điểm
12725,Italy,2010-05-04,2010-12-03,3,1906.76,At Risk,2,2,3,4,,,,False,Không đủ điều kiện chấm điểm
12503,Spain,2010-05-04,2010-05-04,1,896.0,Hibernating,0,1,1,3,,,,False,Không đủ điều kiện chấm điểm
18163,United Kingdom,2010-05-04,2010-05-04,1,683.44,Hibernating,0,1,1,3,,,,False,Không đủ điều kiện chấm điểm
14962,United Kingdom,2010-05-04,2011-03-14,4,366.91,At Risk,0,2,3,2,,,,False,Không đủ điều kiện chấm điểm
15391,United Kingdom,2010-05-04,2010-05-04,1,289.87,Hibernating,0,1,1,2,,,,False,Không đủ điều kiện chấm điểm
16526,United Kingdom,2010-05-04,2011-06-21,2,717.21,Loyal,2,3,2,3,0.756,114.929,2700.0,False,Đã chấm điểm
15396,United Kingdom,2010-05-05,2011-08-19,2,796.38,Loyal,2,3,2,3,0.755,173.293,1950.0,False,Đã chấm điểm
16135,United Kingdom,2010-05-05,2011-03-22,2,819.45,At Risk,2,2,2,3,,,,False,Không đủ điều kiện chấm điểm
14025,United Kingdom,2010-05-05,2010-09-01,8,3967.9,At Risk,2,1,4,5,,,,False,Không đủ điều kiện chấm điểm
17759,United Kingdom,2010-05-05,2011-11-22,5,1260.63,Champions,3,5,4,4,0.643,278.547,978.0,False,Đã chấm điểm
14437,United Kingdom,2010-05-05,2010-12-09,5,828.34,At Risk,2,2,4,3,,,,False,Không đủ điều kiện chấm điểm
14936,Channel Islands,2010-05-05,2011-11-06,12,12398.06,Champions,1,4,5,5,0.166,556.708,223.0,True,Đã chấm điểm
15488,United Kingdom,2010-05-05,2011-09-08,5,431.92,Loyal,2,3,4,2,0.751,66.405,3223.0,False,Đã chấm điểm
13512,United Kingdom,2010-05-05,2011-03-24,4,713.39,At Risk,2,2,3,3,,,,False,Không đủ điều kiện chấm điểm
18028,United Kingdom,2010-05-05,2010-05-05,1,192.05,Hibernating,0,1,1,1,,,,False,Không đủ điều kiện chấm điểm
15868,United Kingdom,2010-05-05,2010-05-05,1,94.53,Hibernating,0,1,1,1,,,,False,Không đủ điều kiện chấm điểm
15097,United Kingdom,2010-05-05,2011-12-05,3,890.65,Potential Loyalist,3,5,3,3,0.657,163.058,2058.0,False,Đã chấm điểm
15381,United Kingdom,2010-05-05,2011-05-10,5,1890.57,At Risk,2,2,4,4,,,,False,Không đủ điều kiện chấm điểm
15704,United Kingdom,2010-05-05,2011-07-22,6,3663.86,Loyal,2,3,4,5,0.548,523.682,247.0,True,Đã chấm điểm
17597,United Kingdom,2010-05-05,2011-05-10,5,3459.14,At Risk,2,2,4,5,,,,False,Không đủ điều kiện chấm điểm
12958,United Kingdom,2010-05-05,2010-11-04,2,467.34,Hibernating,0,2,2,2,,,,False,Không đủ điều kiện chấm điểm
13713,United Kingdom,2010-05-05,2010-10-27,3,740.76,At Risk,2,2,3,3,,,,False,Không đủ điều kiện chấm điểm
13400,United Kingdom,2010-05-06,2010-05-06,1,310.83,Hibernating,0,1,1,2,,,,False,Không đủ điều kiện chấm điểm
16844,United Kingdom,2010-05-06,2010-05-26,2,614.34,At Risk,0,1,2,3,,,,False,Không đủ điều kiện chấm điểm
12388,Australia,2010-05-06,2011-11-24,8,3901.11,Champions,1,5,4,5,0.408,496.06,278.0,True,Đã chấm điểm
13102,United Kingdom,2010-05-06,2011-12-08,37,11159.3,Champions,1,5,5,5,0.035,47.747,3353.0,False,Đã chấm điểm
17199,United Kingdom,2010-05-06,2010-05-06,1,135.04,Hibernating,0,1,1,1,,,,False,Không đủ điều kiện chấm điểm
14272,United Kingdom,2010-05-06,2011-09-27,4,920.81,Loyal,2,3,3,3,0.67,103.54,2847.0,False,Đã chấm điểm
13024,United Kingdom,2010-05-06,2010-08-26,2,555.87,Hibernating,0,1,2,2,,,,False,Không đủ điều kiện chấm điểm
13891,United Kingdom,2010-05-06,2010-11-26,3,859.21,At Risk,2,2,3,3,,,,False,Không đủ điều kiện chấm điểm
16890,United Kingdom,2010-05-06,2010-08-20,3,277.91,Hibernating,0,1,3,1,,,,False,Không đủ điều kiện chấm điểm
13974,United Kingdom,2010-05-06,2011-10-21,2,677.72,Potential Loyalist,3,4,2,3,0.731,302.276,826.0,False,Đã chấm điểm
17225,United Kingdom,2010-05-07,2010-05-07,1,131.15,Hibernating,0,1,1,1,,,,False,Không đủ điều kiện chấm điểm
17798,United Kingdom,2010-05-07,2010-05-07,1,172.17,Hibernating,0,1,1,1,,,,False,Không đủ điều kiện chấm điểm
13830,United Kingdom,2010-05-07,2010-05-07,1,141.9,Hibernating,0,1,1,1,,,,False,Không đủ điều kiện chấm điểm
14814,United Kingdom,2010-05-07,2010-05-07,1,152.96,Hibernating,0,1,1,1,,,,False,Không đủ điều kiện chấm điểm
18254,United Kingdom,2010-05-07,2010-05-07,1,267.9,Hibernating,0,1,1,1,,,,False,Không đủ điều kiện chấm điểm
17031,United Kingdom,2010-05-07,2011-11-28,6,2773.85,Champions,1,5,4,4,0.662,146.287,2275.0,False,Đã chấm điểm
17808,United Kingdom,2010-05-07,2010-06-09,4,262.64,Hibernating,0,1,3,1,,,,False,Không đủ điều kiện chấm điểm
16632,United Kingdom,2010-05-07,2010-08-11,2,406.4,Hibernating,0,1,2,2,,,,False,Không đủ điều kiện chấm điểm
13007,United Kingdom,2010-05-09,2010-05-09,1,175.25,Hibernating,0,1,1,1,,,,False,Không đủ điều kiện chấm điểm
13838,United Kingdom,2010-05-09,2011-12-04,10,1690.07,Champions,1,5,5,4,0.602,203.995,1601.0,False,Đã chấm điểm
14474,United Kingdom,2010-05-09,2011-10-24,2,1258.89,Potential Loyalist,3,4,2,4,0.717,392.698,473.0,True,Đã chấm điểm
17926,United Kingdom,2010-05-09,2011-07-29,5,1035.49,Loyal,2,3,4,3,0.69,121.009,2600.0,False,Đã chấm điểm
14678,United Kingdom,2010-05-09,2010-05-09,1,386.44,Hibernating,0,1,1,2,,,,False,Không đủ điều kiện chấm điểm
13425,United Kingdom,2010-05-09,2011-08-23,5,3375.58,Loyal,2,3,4,5,0.574,373.607,536.0,False,Đã chấm điểm
17292,United Kingdom,2010-05-09,2010-08-24,2,271.75,Hibernating,0,1,2,1,,,,False,Không đủ điều kiện chấm điểm
14129,United Kingdom,2010-05-09,2011-12-08,9,2591.34,Champions,1,5,5,4,0.525,203.404,1608.0,False,Đã chấm điểm
17135,United Kingdom,2010-05-09,2011-11-23,10,1716.38,Champions,1,5,5,4,0.393,251.193,1167.0,False,Đã chấm điểm
16092,United Kingdom,2010-05-09,2011-08-17,6,1557.94,Loyal,2,3,4,4,0.591,164.402,2038.0,False,Đã chấm điểm
15661,United Kingdom,2010-05-10,2011-01-26,8,1215.95,At Risk,2,2,4,4,,,,False,Không đủ điều kiện chấm điểm
17720,United Kingdom,2010-05-10,2011-11-13,10,2613.06,Champions,1,4,5,4,0.519,226.267,1390.0,False,Đã chấm điểm
17003,United Kingdom,2010-05-10,2010-11-02,4,828.21,At Risk,2,2,3,3,,,,False,Không đủ điều kiện chấm điểm
14941,United Kingdom,2010-05-10,2010-05-10,1,182.1,Hibernating,0,1,1,1,,,,False,Không đủ điều kiện chấm điểm
14361,United Kingdom,2010-05-10,2010-05-10,1,214.71,Hibernating,0,1,1,1,,,,False,Không đủ điều kiện chấm điểm
17169,United Kingdom,2010-05-10,2011-10-13,3,1156.73,Potential Loyalist,3,4,3,3,0.622,254.119,1147.0,False,Đã chấm điểm
17482,United Kingdom,2010-05-10,2010-08-09,2,775.64,At Risk,0,1,2,3,,,,False,Không đủ điều kiện chấm điểm
17579,United Kingdom,2010-05-10,2011-12-05,4,753.28,Potential Loyalist,3,5,3,3,0.558,125.168,2552.0,False,Đã chấm điểm
14588,United Kingdom,2010-05-10,2010-05-10,1,135.39,Hibernating,0,1,1,1,,,,False,Không đủ điều kiện chấm điểm
16614,United Kingdom,2010-05-10,2011-06-10,3,1179.79,Loyal,2,3,3,3,,,,False,Không đủ điều kiện chấm điểm
17077,United Kingdom,2010-05-10,2010-05-10,1,306.0,Hibernating,0,1,1,2,,,,False,Không đủ điều kiện chấm điểm
12675,Italy,2010-05-10,2010-06-04,2,860.5,At Risk,0,1,2,3,,,,False,Không đủ điều kiện chấm điểm
16323,United Kingdom,2010-05-11,2011-05-27,2,353.66,Hibernating,0,2,2,2,,,,False,Không đủ điều kiện chấm điểm
16737,United Kingdom,2010-05-11,2011-10-17,2,835.2,Potential Loyalist,3,4,2,3,0.79,329.812,688.0,False,Đã chấm điểm
12582,Finland,2010-05-11,2011-04-15,4,1820.4,At Risk,2,2,3,4,,,,False,Không đủ điều kiện chấm điểm
17545,United Kingdom,2010-05-11,2011-10-27,6,1409.86,Champions,2,4,4,4,0.692,444.605,359.0,True,Đã chấm điểm
12599,France,2010-05-11,2011-11-10,13,2026.72,Champions,1,4,5,4,0.404,109.493,2768.0,False,Đã chấm điểm
18281,United Kingdom,2010-05-11,2011-06-12,2,201.14,Need Attention,0,3,2,1,0.781,31.4,3421.0,False,Đã chấm điểm
13695,United Kingdom,2010-05-11,2011-11-08,16,2770.73,Champions,1,4,5,4,0.137,118.34,2643.0,False,Đã chấm điểm
13943,United Kingdom,2010-05-11,2010-05-11,1,246.54,Hibernating,0,1,1,1,,,,False,Không đủ điều kiện chấm điểm
17321,United Kingdom,2010-05-11,2011-12-01,6,1665.21,Champions,3,5,4,4,0.497,326.935,705.0,False,Đã chấm điểm
15034,United Kingdom,2010-05-11,2011-11-24,14,8231.2,Champions,1,5,5,5,0.314,317.739,737.0,False,Đã chấm điểm
13222,United Kingdom,2010-05-11,2010-05-11,1,88.5,Hibernating,0,1,1,1,,,,False,Không đủ điều kiện chấm điểm
13296,United Kingdom,2010-05-11,2011-07-25,6,792.51,Loyal,2,3,4,3,0.844,48.113,3347.0,False,Đã chấm điểm
16307,United Kingdom,2010-05-11,2010-10-06,3,1194.92,At Risk,2,1,3,4,,,,False,Không đủ điều kiện chấm điểm
13103,United Kingdom,2010-05-11,2011-10-31,3,709.64,Potential Loyalist,3,4,3,3,0.75,183.001,1838.0,False,Đã chấm điểm
14014,United Kingdom,2010-05-12,2011-09-23,3,1948.21,Loyal,2,3,3,4,0.752,379.961,515.0,False,Đã chấm điểm
13295,United Kingdom,2010-05-12,2010-12-15,4,1081.67,At Risk,2,2,3,3,,,,False,Không đủ điều kiện chấm điểm
14391,United Kingdom,2010-05-12,2010-05-12,1,135.6,Hibernating,0,1,1,1,,,,False,Không đủ điều kiện chấm điểm
17705,United Kingdom,2010-05-12,2011-12-06,11,2068.9,Champions,1,5,5,4,0.165,94.765,2934.0,False,Đã chấm điểm
14707,United Kingdom,2010-05-12,2010-09-30,2,139.2,Hibernating,0,1,2,1,,,,False,Không đủ điều kiện chấm điểm
12580,Germany,2010-05-12,2011-04-07,2,962.9,At Risk,2,2,2,3,,,,False,Không đủ điều kiện chấm điểm
15012,United Kingdom,2010-05-12,2011-10-17,3,646.26,Potential Loyalist,3,4,3,3,0.733,158.661,2118.0,False,Đã chấm điểm
16898,United Kingdom,2010-05-12,2011-11-13,5,885.21,Champions,3,4,4,3,0.697,136.994,2389.0,False,Đã chấm điểm
17016,United Kingdom,2010-05-12,2010-05-12,1,552.4,Hibernating,0,1,1,2,,,,False,Không đủ điều kiện chấm điểm
17845,United Kingdom,2010-05-12,2010-06-02,4,596.09,At Risk,2,1,3,3,,,,False,Không đủ điều kiện chấm điểm
13998,United Kingdom,2010-05-12,2010-09-19,3,566.7,At Risk,0,1,3,2,,,,False,Không đủ điều kiện chấm điểm
12494,France,2010-05-12,2011-11-24,9,1494.62,Champions,1,5,5,4,0.453,158.925,2114.0,False,Đã chấm điểm
16993,United Kingdom,2010-05-12,2010-09-02,2,1688.15,At Risk,2,1,2,4,,,,False,Không đủ điều kiện chấm điểm
15405,United Kingdom,2010-05-12,2011-06-03,2,659.84,At Risk,0,2,2,3,,,,False,Không đủ điều kiện chấm điểm
17897,United Kingdom,2010-05-12,2011-06-20,9,2053.04,Loyal,2,3,5,4,0.785,53.547,3321.0,False,Đã chấm điểm
15470,United Kingdom,2010-05-13,2010-05-13,1,63.42,Hibernating,0,1,1,1,,,,False,Không đủ điều kiện chấm điểm
15199,United Kingdom,2010-05-13,2011-10-11,10,3122.4,Loyal,1,3,5,5,0.491,171.552,1968.0,False,Đã chấm điểm
14039,United Kingdom,2010-05-13,2011-11-06,2,267.28,Potential Loyalist,3,4,2,1,0.76,115.615,2688.0,False,Đã chấm điểm
13892,United Kingdom,2010-05-13,2011-11-13,6,1267.65,Champions,3,4,4,4,0.516,119.095,2633.0,False,Đã chấm điểm
13220,United Kingdom,2010-05-13,2011-09-22,5,1336.09,Loyal,2,3,4,4,0.529,164.505,2036.0,False,Đã chấm điểm
18197,United Kingdom,2010-05-13,2010-05-13,1,230.1,Hibernating,0,1,1,1,,,,False,Không đủ điều kiện chấm điểm
13888,United Kingdom,2010-05-13,2011-08-12,7,2001.59,Loyal,2,3,4,4,0.647,158.474,2120.0,False,Đã chấm điểm
15597,United Kingdom,2010-05-13,2011-11-04,2,563.37,Potential Loyalist,3,4,2,2,0.696,225.845,1393.0,False,Đã chấm điểm
16906,United Kingdom,2010-05-13,2011-09-19,7,1410.07,Loyal,2,3,4,4,0.509,102.862,2855.0,False,Đã chấm điểm
15210,United Kingdom,2010-05-13,2011-04-28,3,1176.19,At Risk,2,2,3,3,,,,False,Không đủ điều kiện chấm điểm
12894,United Kingdom,2010-05-13,2010-05-13,1,157.35,Hibernating,0,1,1,1,,,,False,Không đủ điều kiện chấm điểm
12923,United Kingdom,2010-05-13,2011-10-06,3,769.17,Loyal,3,3,3,3,0.762,130.728,2484.0,False,Đã chấm điểm
15478,United Kingdom,2010-05-13,2011-10-30,3,1940.98,Champions,3,4,3,4,0.561,785.89,104.0,True,Đã chấm điểm
12880,United Kingdom,2010-05-14,2010-11-23,2,640.13,At Risk,0,2,2,3,,,,False,Không đủ điều kiện chấm điểm
16115,United Kingdom,2010-05-14,2011-11-30,12,2553.8,Champions,1,5,5,4,0.268,138.448,2371.0,False,Đã chấm điểm
16836,United Kingdom,2010-05-14,2011-10-31,4,782.37,Potential Loyalist,3,4,3,3,0.596,115.411,2691.0,False,Đã chấm điểm
15723,United Kingdom,2010-05-14,2010-12-10,4,930.7,At Risk,2,2,3,3,,,,False,Không đủ điều kiện chấm điểm
16588,United Kingdom,2010-05-14,2010-11-18,4,1361.28,At Risk,2,2,3,4,,,,False,Không đủ điều kiện chấm điểm
14296,United Kingdom,2010-05-14,2010-10-14,2,456.4,Hibernating,0,1,2,2,,,,False,Không đủ điều kiện chấm điểm
13300,United Kingdom,2010-05-14,2011-06-23,3,1273.81,Loyal,2,3,3,4,0.762,150.058,2227.0,False,Đã chấm điểm
12745,United Kingdom,2010-05-14,2010-08-10,2,723.85,At Risk,0,1,2,3,,,,False,Không đủ điều kiện chấm điểm
16922,United Kingdom,2010-05-16,2010-05-16,1,611.08,Hibernating,0,1,1,3,,,,False,Không đủ điều kiện chấm điểm
18258,United Kingdom,2010-05-16,2010-09-01,6,2049.72,At Risk,2,1,4,4,,,,False,Không đủ điều kiện chấm điểm
17123,United Kingdom,2010-05-16,2011-07-01,3,966.67,Loyal,2,3,3,3,0.769,147.431,2261.0,False,Đã chấm điểm
16507,United Kingdom,2010-05-16,2010-05-16,1,142.71,Hibernating,0,1,1,1,,,,False,Không đủ điều kiện chấm điểm
14982,United Kingdom,2010-05-16,2010-05-16,1,234.88,Hibernating,0,1,1,1,,,,False,Không đủ điều kiện chấm điểm
18287,United Kingdom,2010-05-17,2011-10-28,7,4132.99,Champions,1,4,4,5,0.404,330.973,684.0,False,Đã chấm điểm
18157,United Kingdom,2010-05-17,2010-05-17,1,213.9,Hibernating,0,1,1,1,,,,False,Không đủ điều kiện chấm điểm
16932,United Kingdom,2010-05-17,2011-10-17,3,412.55,Potential Loyalist,3,4,3,2,0.763,114.553,2706.0,False,Đã chấm điểm
15280,United Kingdom,2010-05-17,2011-06-20,3,397.52,Loyal,0,3,3,2,0.816,48.027,3348.0,False,Đã chấm điểm
13857,United Kingdom,2010-05-17,2010-11-11,6,997.01,At Risk,2,2,4,3,,,,False,Không đủ điều kiện chấm điểm
13719,United Kingdom,2010-05-17,2011-11-24,11,2782.1,Champions,1,5,5,4,0.452,180.349,1870.0,False,Đã chấm điểm
14017,United Kingdom,2010-05-17,2010-05-17,1,229.75,Hibernating,0,1,1,1,,,,False,Không đủ điều kiện chấm điểm
17928,United Kingdom,2010-05-17,2011-10-25,3,313.16,Potential Loyalist,3,4,3,2,0.72,48.387,3345.0,False,Đã chấm điểm
13605,United Kingdom,2010-05-17,2010-11-17,2,522.67,Hibernating,0,2,2,2,,,,False,Không đủ điều kiện chấm điểm
14304,United Kingdom,2010-05-18,2011-05-01,3,1517.56,At Risk,2,2,3,4,,,,False,Không đủ điều kiện chấm điểm
16884,United Kingdom,2010-05-18,2011-11-02,4,1070.97,Potential Loyalist,3,4,3,3,0.661,284.199,935.0,False,Đã chấm điểm
15071,United Kingdom,2010-05-18,2011-09-07,4,1455.56,Loyal,2,3,3,4,0.704,265.065,1057.0,False,Đã chấm điểm
13501,Switzerland,2010-05-18,2011-02-24,3,2870.11,At Risk,2,2,3,5,,,,False,Không đủ điều kiện chấm điểm
14744,United Kingdom,2010-05-18,2011-11-23,14,3648.63,Champions,1,5,5,5,0.655,112.573,2739.0,False,Đã chấm điểm
13541,United Kingdom,2010-05-18,2010-10-08,2,725.85,At Risk,0,1,2,3,,,,False,Không đủ điều kiện chấm điểm
15282,United Kingdom,2010-05-18,2010-05-18,1,348.59,Hibernating,0,1,1,2,,,,False,Không đủ điều kiện chấm điểm
16835,United Kingdom,2010-05-19,2011-08-03,6,1393.66,Loyal,2,3,4,4,0.838,57.969,3300.0,False,Đã chấm điểm
14325,United Kingdom,2010-05-19,2010-05-19,1,245.48,Hibernating,0,1,1,1,,,,False,Không đủ điều kiện chấm điểm
17413,United Kingdom,2010-05-19,2010-10-31,2,560.14,Hibernating,0,2,2,2,,,,False,Không đủ điều kiện chấm điểm
17382,United Kingdom,2010-05-19,2011-10-05,8,902.28,Loyal,2,3,4,3,0.794,51.937,3327.0,False,Đã chấm điểm
15636,United Kingdom,2010-05-19,2011-09-11,4,1444.58,Loyal,2,3,3,4,0.732,306.108,801.0,False,Đã chấm điểm
14283,United Kingdom,2010-05-19,2010-09-02,4,628.44,At Risk,2,1,3,3,,,,False,Không đủ điều kiện chấm điểm
17490,United Kingdom,2010-05-19,2011-12-09,9,2730.22,Champions,1,5,5,4,0.245,257.805,1118.0,False,Đã chấm điểm
16059,United Kingdom,2010-05-19,2011-10-05,12,3053.57,Loyal,1,3,5,5,0.423,178.398,1896.0,False,Đã chấm điểm
14220,United Kingdom,2010-05-19,2011-04-06,4,1515.0,At Risk,2,2,3,4,,,,False,Không đủ điều kiện chấm điểm
16915,United Kingdom,2010-05-19,2011-11-30,11,1543.18,Champions,1,5,5,4,0.488,100.039,2877.0,False,Đã chấm điểm
16564,United Kingdom,2010-05-19,2010-05-19,1,87.8,Hibernating,0,1,1,1,,,,False,Không đủ điều kiện chấm điểm
12837,United Kingdom,2010-05-19,2011-06-19,2,662.66,Loyal,0,3,2,3,0.806,55.915,3314.0,False,Đã chấm điểm
16664,United Kingdom,2010-05-19,2010-05-19,1,109.2,Hibernating,0,1,1,1,,,,False,Không đủ điều kiện chấm điểm
14334,United Kingdom,2010-05-20,2011-11-23,12,4292.98,Champions,1,5,5,5,0.383,222.983,1413.0,False,Đã chấm điểm
15777,United Kingdom,2010-05-20,2011-04-12,7,1762.61,At Risk,2,2,4,4,,,,False,Không đủ điều kiện chấm điểm
15401,United Kingdom,2010-05-20,2010-09-13,2,216.95,Hibernating,0,1,2,1,,,,False,Không đủ điều kiện chấm điểm
17758,United Kingdom,2010-05-20,2011-11-20,12,4964.03,Champions,1,4,5,5,0.149,181.553,1851.0,False,Đã chấm điểm
15025,United Kingdom,2010-05-20,2011-11-06,2,971.84,Potential Loyalist,3,4,2,3,0.717,259.501,1099.0,False,Đã chấm điểm
14850,United Kingdom,2010-05-20,2011-02-01,6,1599.76,At Risk,2,2,4,4,,,,False,Không đủ điều kiện chấm điểm
15559,United Kingdom,2010-05-20,2010-05-20,1,1109.4,Hibernating,0,1,1,3,,,,False,Không đủ điều kiện chấm điểm
13213,United Kingdom,2010-05-20,2011-10-14,11,3851.52,Champions,1,4,5,5,0.264,180.585,1868.0,False,Đã chấm điểm
16604,United Kingdom,2010-05-20,2010-05-26,2,326.25,Hibernating,0,1,2,2,,,,False,Không đủ điều kiện chấm điểm
15826,United Kingdom,2010-05-20,2011-10-14,4,2588.08,Champions,2,4,3,4,0.519,366.475,562.0,False,Đã chấm điểm
14513,United Kingdom,2010-05-20,2011-08-31,6,770.91,Loyal,2,3,4,3,0.611,116.055,2674.0,False,Đã chấm điểm
14671,United Kingdom,2010-05-20,2010-06-08,2,1127.45,At Risk,2,1,2,3,,,,False,Không đủ điều kiện chấm điểm
14311,United Kingdom,2010-05-21,2011-04-11,2,453.55,Hibernating,0,2,2,2,,,,False,Không đủ điều kiện chấm điểm
12355,Bahrain,2010-05-21,2011-05-09,2,947.61,At Risk,2,2,2,3,,,,False,Không đủ điều kiện chấm điểm
18011,United Kingdom,2010-05-21,2010-12-01,2,410.79,Hibernating,0,2,2,2,,,,False,Không đủ điều kiện chấm điểm
14409,United Kingdom,2010-05-21,2011-09-29,8,3276.09,Loyal,2,3,4,5,0.536,448.215,352.0,True,Đã chấm điểm
17898,United Kingdom,2010-05-21,2011-09-15,4,299.18,Loyal,3,3,3,2,0.738,48.562,3342.0,False,Đã chấm điểm
16889,United Kingdom,2010-05-23,2011-05-29,6,2526.65,At Risk,2,2,4,4,,,,False,Không đủ điều kiện chấm điểm
16121,United Kingdom,2010-05-23,2011-10-13,5,1450.04,Champions,2,4,4,4,0.64,227.863,1376.0,False,Đã chấm điểm
12974,United Kingdom,2010-05-23,2011-05-26,2,408.95,Hibernating,0,2,2,2,,,,False,Không đủ điều kiện chấm điểm
16290,United Kingdom,2010-05-23,2010-09-01,4,1957.7,At Risk,2,1,3,4,,,,False,Không đủ điều kiện chấm điểm
18208,United Kingdom,2010-05-23,2010-05-23,1,360.08,Hibernating,0,1,1,2,,,,False,Không đủ điều kiện chấm điểm
14010,United Kingdom,2010-05-23,2010-05-23,2,288.1,Hibernating,0,1,2,2,,,,False,Không đủ điều kiện chấm điểm
17785,United Kingdom,2010-05-23,2011-10-17,3,403.38,Potential Loyalist,3,4,3,2,0.763,100.683,2874.0,False,Đã chấm điểm
13778,United Kingdom,2010-05-23,2011-08-28,4,1124.49,Loyal,2,3,3,3,0.809,125.123,2553.0,False,Đã chấm điểm
17278,United Kingdom,2010-05-23,2011-04-12,2,271.24,Hibernating,0,2,2,1,,,,False,Không đủ điều kiện chấm điểm
12409,Switzerland,2010-05-23,2011-09-22,5,22890.06,Loyal,1,3,4,5,0.495,2692.6,8.0,True,Đã chấm điểm
14920,United Kingdom,2010-05-23,2011-05-11,3,1607.17,At Risk,2,2,3,4,,,,False,Không đủ điều kiện chấm điểm
18060,United Kingdom,2010-05-24,2010-10-27,2,1185.46,At Risk,2,2,2,3,,,,False,Không đủ điều kiện chấm điểm
12632,Germany,2010-05-24,2010-07-07,2,695.08,At Risk,0,1,2,3,,,,False,Không đủ điều kiện chấm điểm
16831,United Kingdom,2010-05-24,2010-05-24,1,91.8,Hibernating,0,1,1,1,,,,False,Không đủ điều kiện chấm điểm
14394,United Kingdom,2010-05-24,2010-05-24,1,93.8,Hibernating,0,1,1,1,,,,False,Không đủ điều kiện chấm điểm
16974,United Kingdom,2010-05-24,2010-07-05,2,365.5,Hibernating,0,1,2,2,,,,False,Không đủ điều kiện chấm điểm
13402,United Kingdom,2010-05-24,2011-08-04,4,1226.85,Loyal,2,3,3,4,0.759,167.02,2004.0,False,Đã chấm điểm
16185,United Kingdom,2010-05-24,2011-11-23,3,644.72,Potential Loyalist,3,5,3,3,0.696,142.259,2316.0,False,Đã chấm điểm
18052,United Kingdom,2010-05-24,2010-05-24,1,10877.18,At Risk,2,1,1,5,,,,False,Không đủ điều kiện chấm điểm
14168,United Kingdom,2010-05-24,2010-10-15,2,330.65,Hibernating,0,1,2,2,,,,False,Không đủ điều kiện chấm điểm
14847,United Kingdom,2010-05-24,2011-07-14,3,1348.95,Loyal,2,3,3,4,0.747,139.583,2347.0,False,Đã chấm điểm
16229,United Kingdom,2010-05-24,2011-09-13,6,2867.86,Loyal,2,3,4,5,0.544,232.394,1336.0,False,Đã chấm điểm
15681,United Kingdom,2010-05-24,2011-06-09,12,2052.1,Loyal,2,3,5,4,,,,False,Không đủ điều kiện chấm điểm
17205,United Kingdom,2010-05-24,2011-10-17,3,999.35,Potential Loyalist,3,4,3,3,0.734,281.965,954.0,False,Đã chấm điểm
16075,United Kingdom,2010-05-24,2010-07-25,2,736.93,At Risk,0,1,2,3,,,,False,Không đủ điều kiện chấm điểm
18000,United Kingdom,2010-05-24,2010-05-24,1,124.25,Hibernating,0,1,1,1,,,,False,Không đủ điều kiện chấm điểm
12802,Netherlands,2010-05-25,2011-06-06,5,2120.42,Loyal,2,3,4,4,,,,False,Không đủ điều kiện chấm điểm
13324,United Kingdom,2010-05-25,2011-11-03,18,10502.72,Champions,1,4,5,5,0.245,546.471,232.0,True,Đã chấm điểm
16175,United Kingdom,2010-05-25,2011-09-06,7,1836.44,Loyal,2,3,4,4,0.464,179.828,1877.0,False,Đã chấm điểm
13989,United Kingdom,2010-05-25,2011-10-05,5,2026.06,Loyal,2,3,4,4,0.61,289.599,899.0,False,Đã chấm điểm
14993,United Kingdom,2010-05-25,2010-05-25,1,36.13,Hibernating,0,1,1,1,,,,False,Không đủ điều kiện chấm điểm
15217,United Kingdom,2010-05-25,2010-05-25,1,426.24,Hibernating,0,1,1,2,,,,False,Không đủ điều kiện chấm điểm
16328,United Kingdom,2010-05-25,2010-05-25,1,310.83,Hibernating,0,1,1,2,,,,False,Không đủ điều kiện chấm điểm
17862,United Kingdom,2010-05-25,2011-01-20,4,1254.89,At Risk,2,2,3,4,,,,False,Không đủ điều kiện chấm điểm
17694,United Kingdom,2010-05-26,2011-07-21,3,1695.97,Loyal,2,3,3,4,0.772,138.591,2367.0,False,Đã chấm điểm
12656,France,2010-05-26,2011-11-22,8,5708.98,Champions,1,5,4,5,0.218,303.562,814.0,False,Đã chấm điểm
17327,United Kingdom,2010-05-26,2010-10-26,2,152.35,Hibernating,0,1,2,1,,,,False,Không đủ điều kiện chấm điểm
17179,United Kingdom,2010-05-26,2011-06-14,6,1507.26,Loyal,2,3,4,4,0.63,114.157,2711.0,False,Đã chấm điểm
15900,United Kingdom,2010-05-26,2011-11-16,4,876.67,Potential Loyalist,3,4,3,3,0.728,245.668,1209.0,False,Đã chấm điểm
17074,United Kingdom,2010-05-26,2010-05-26,1,203.05,Hibernating,0,1,1,1,,,,False,Không đủ điều kiện chấm điểm
14181,United Kingdom,2010-05-26,2010-10-25,2,308.35,Hibernating,0,1,2,2,,,,False,Không đủ điều kiện chấm điểm
16715,United Kingdom,2010-05-26,2011-09-22,2,625.52,Loyal,3,3,2,3,0.756,228.119,1374.0,False,Đã chấm điểm
16153,United Kingdom,2010-05-26,2011-10-21,11,5047.09,Champions,1,4,5,5,0.289,192.133,1720.0,False,Đã chấm điểm
16046,United Kingdom,2010-05-26,2010-05-26,1,235.78,Hibernating,0,1,1,1,,,,False,Không đủ điều kiện chấm điểm
14938,Channel Islands,2010-05-26,2010-05-26,2,2322.43,At Risk,2,1,2,4,,,,False,Không đủ điều kiện chấm điểm
12378,Switzerland,2010-05-26,2011-08-02,2,5416.32,Loyal,2,3,2,5,0.754,2091.956,13.0,True,Đã chấm điểm
13880,United Kingdom,2010-05-26,2011-11-18,17,4293.86,Champions,1,4,5,5,0.162,165.344,2025.0,False,Đã chấm điểm
16458,United Kingdom,2010-05-26,2011-12-07,30,5690.89,Champions,1,5,5,5,0.045,45.506,3370.0,False,Đã chấm điểm
13920,United Kingdom,2010-05-26,2010-10-04,4,1734.88,At Risk,2,1,3,4,,,,False,Không đủ điều kiện chấm điểm
13169,United Kingdom,2010-05-26,2011-10-07,3,840.08,Loyal,3,3,3,3,0.674,170.924,1973.0,False,Đã chấm điểm
17499,United Kingdom,2010-05-27,2011-02-23,2,1296.84,At Risk,2,2,2,4,,,,False,Không đủ điều kiện chấm điểm
15340,United Kingdom,2010-05-27,2010-05-27,1,105.5,Hibernating,0,1,1,1,,,,False,Không đủ điều kiện chấm điểm
16234,United Kingdom,2010-05-27,2010-08-20,3,312.78,At Risk,0,1,3,2,,,,False,Không đủ điều kiện chấm điểm
16392,United Kingdom,2010-05-27,2011-03-15,3,755.45,At Risk,2,2,3,3,,,,False,Không đủ điều kiện chấm điểm
16391,United Kingdom,2010-05-27,2010-11-04,4,1048.86,At Risk,2,2,3,3,,,,False,Không đủ điều kiện chấm điểm
15256,United Kingdom,2010-05-27,2011-07-14,2,170.4,Need Attention,0,3,2,1,0.842,50.094,3333.0,False,Đã chấm điểm
17699,United Kingdom,2010-05-27,2010-08-20,2,442.0,Hibernating,0,1,2,2,,,,False,Không đủ điều kiện chấm điểm
16695,United Kingdom,2010-05-27,2010-05-27,2,191.9,Hibernating,0,1,2,1,,,,False,Không đủ điều kiện chấm điểm
14069,United Kingdom,2010-05-27,2010-07-13,2,225.81,Hibernating,0,1,2,1,,,,False,Không đủ điều kiện chấm điểm
16101,United Kingdom,2010-05-27,2011-09-30,4,3184.66,Loyal,2,3,3,5,0.715,902.851,78.0,True,Đã chấm điểm
14876,United Kingdom,2010-05-27,2010-07-06,2,256.7,Hibernating,0,1,2,1,,,,False,Không đủ điều kiện chấm điểm
16691,United Kingdom,2010-05-27,2010-10-17,2,178.83,Hibernating,0,1,2,1,,,,False,Không đủ điều kiện chấm điểm
15985,United Kingdom,2010-05-27,2011-08-08,7,2610.28,Loyal,2,3,4,4,0.561,221.158,1444.0,False,Đã chấm điểm
16218,United Kingdom,2010-05-27,2011-11-10,13,3955.51,Champions,1,4,5,5,0.297,272.968,1005.0,False,Đã chấm điểm
15400,United Kingdom,2010-05-28,2011-09-08,8,1252.8,Loyal,2,3,4,4,0.633,98.666,2892.0,False,Đã chấm điểm
15254,United Kingdom,2010-05-28,2011-08-04,3,1088.35,Loyal,2,3,3,3,0.766,161.767,2077.0,False,Đã chấm điểm
13602,United Kingdom,2010-05-28,2011-10-06,4,1025.17,Loyal,2,3,3,3,0.727,311.753,769.0,False,Đã chấm điểm
17741,United Kingdom,2010-05-28,2010-10-29,2,101.1,Hibernating,0,2,2,1,,,,False,Không đủ điều kiện chấm điểm
17822,United Kingdom,2010-05-28,2010-10-15,5,2154.08,At Risk,2,1,4,4,,,,False,Không đủ điều kiện chấm điểm
12619,Germany,2010-05-28,2011-11-23,9,3052.7,Champions,1,5,5,5,0.125,129.017,2508.0,False,Đã chấm điểm
17583,United Kingdom,2010-05-28,2010-05-28,1,135.95,Hibernating,0,1,1,1,,,,False,Không đủ điều kiện chấm điểm
16035,United Kingdom,2010-05-28,2010-05-28,1,217.73,Hibernating,0,1,1,1,,,,False,Không đủ điều kiện chấm điểm
12499,Germany,2010-05-28,2010-05-28,1,357.72,Hibernating,0,1,1,2,,,,False,Không đủ điều kiện chấm điểm
18044,United Kingdom,2010-05-28,2011-12-05,18,3505.61,Champions,1,5,5,5,0.148,101.168,2867.0,False,Đã chấm điểm
14104,United Kingdom,2010-05-28,2011-07-08,5,740.53,Loyal,2,3,4,3,0.786,92.155,2963.0,False,Đã chấm điểm
17617,United Kingdom,2010-05-30,2010-05-30,1,385.19,Hibernating,0,1,1,2,,,,False,Không đủ điều kiện chấm điểm
15938,United Kingdom,2010-06-01,2011-08-19,9,734.81,Loyal,2,3,5,3,0.585,65.467,3230.0,False,Đã chấm điểm
16518,United Kingdom,2010-06-01,2011-10-09,4,941.67,Loyal,2,3,3,3,0.739,216.956,1479.0,False,Đã chấm điểm
15135,United Kingdom,2010-06-01,2011-04-14,2,305.68,Hibernating,0,2,2,2,,,,False,Không đủ điều kiện chấm điểm
15980,United Kingdom,2010-06-01,2011-09-12,7,6513.68,Loyal,2,3,4,5,0.484,409.538,426.0,True,Đã chấm điểm
15670,United Kingdom,2010-06-01,2011-02-16,2,325.2,Hibernating,0,2,2,2,,,,False,Không đủ điều kiện chấm điểm
18038,United Kingdom,2010-06-01,2010-06-01,1,141.48,Hibernating,0,1,1,1,,,,False,Không đủ điều kiện chấm điểm
17745,United Kingdom,2010-06-02,2010-08-19,2,600.34,At Risk,0,1,2,3,,,,False,Không đủ điều kiện chấm điểm
13472,United Kingdom,2010-06-02,2010-09-02,2,592.24,Hibernating,0,1,2,2,,,,False,Không đủ điều kiện chấm điểm
15246,United Kingdom,2010-06-02,2011-04-15,3,780.4,At Risk,2,2,3,3,,,,False,Không đủ điều kiện chấm điểm
15887,United Kingdom,2010-06-02,2010-10-29,3,1027.15,At Risk,2,2,3,3,,,,False,Không đủ điều kiện chấm điểm
15714,United Kingdom,2010-06-02,2011-11-28,5,783.96,Champions,3,5,4,3,0.522,172.338,1963.0,False,Đã chấm điểm
16565,United Kingdom,2010-06-02,2010-12-10,4,700.45,At Risk,2,2,3,3,,,,False,Không đủ điều kiện chấm điểm
16401,United Kingdom,2010-06-02,2011-12-08,22,6673.22,Champions,1,5,5,5,0.081,98.355,2895.0,False,Đã chấm điểm
15305,United Kingdom,2010-06-02,2010-06-02,1,93.6,Hibernating,0,1,1,1,,,,False,Không đủ điều kiện chấm điểm
17096,United Kingdom,2010-06-02,2011-11-24,11,3682.48,Champions,1,5,5,5,0.524,183.948,1818.0,False,Đã chấm điểm
14033,United Kingdom,2010-06-02,2010-06-02,1,109.44,Hibernating,0,1,1,1,,,,False,Không đủ điều kiện chấm điểm
16896,United Kingdom,2010-06-02,2010-06-02,1,103.95,Hibernating,0,1,1,1,,,,False,Không đủ điều kiện chấm điểm
14859,United Kingdom,2010-06-03,2011-11-27,5,1705.64,Champions,3,5,4,4,0.491,292.066,885.0,False,Đã chấm điểm
15502,United Kingdom,2010-06-03,2011-11-24,11,9227.77,Champions,1,5,5,5,0.22,680.22,139.0,True,Đã chấm điểm
12874,Belgium,2010-06-03,2010-11-19,2,858.42,At Risk,0,2,2,3,,,,False,Không đủ điều kiện chấm điểm
17216,United Kingdom,2010-06-03,2010-06-03,1,63.6,Hibernating,0,1,1,1,,,,False,Không đủ điều kiện chấm điểm
13031,United Kingdom,2010-06-03,2010-10-28,5,3292.84,At Risk,2,2,4,5,,,,False,Không đủ điều kiện chấm điểm
17683,United Kingdom,2010-06-03,2010-11-19,3,819.01,At Risk,2,2,3,3,,,,False,Không đủ điều kiện chấm điểm
18214,United Kingdom,2010-06-03,2010-06-27,4,1770.39,At Risk,2,1,3,4,,,,False,Không đủ điều kiện chấm điểm
15731,United Kingdom,2010-06-04,2010-06-04,1,125.3,Hibernating,0,1,1,1,,,,False,Không đủ điều kiện chấm điểm
14486,United Kingdom,2010-06-04,2010-07-16,2,175.5,Hibernating,0,1,2,1,,,,False,Không đủ điều kiện chấm điểm
14436,United Kingdom,2010-06-04,2011-09-02,2,271.7,Need Attention,0,3,2,1,0.769,62.298,3262.0,False,Đã chấm điểm
14902,United Kingdom,2010-06-04,2011-11-14,3,1035.62,Potential Loyalist,3,4,3,3,0.722,240.169,1273.0,False,Đã chấm điểm
18206,United Kingdom,2010-06-04,2010-06-04,1,314.66,Hibernating,0,1,1,2,,,,False,Không đủ điều kiện chấm điểm
17235,United Kingdom,2010-06-04,2011-11-14,8,1562.98,Champions,1,4,4,4,0.741,154.155,2168.0,False,Đã chấm điểm
14687,United Kingdom,2010-06-06,2011-08-25,3,1402.06,Loyal,2,3,3,4,0.742,392.39,476.0,True,Đã chấm điểm
14766,United Kingdom,2010-06-06,2011-12-01,11,6314.53,Champions,1,5,5,5,0.32,256.672,1128.0,False,Đã chấm điểm
18234,United Kingdom,2010-06-06,2010-06-06,1,179.6,Hibernating,0,1,1,1,,,,False,Không đủ điều kiện chấm điểm
16356,United Kingdom,2010-06-06,2011-05-26,6,415.87,At Risk,2,2,4,2,,,,False,Không đủ điều kiện chấm điểm
12911,United Kingdom,2010-06-06,2010-06-06,1,1651.72,At Risk,0,1,1,4,,,,False,Không đủ điều kiện chấm điểm
18112,United Kingdom,2010-06-06,2011-11-27,4,773.36,Potential Loyalist,3,5,3,3,0.665,126.458,2532.0,False,Đã chấm điểm
13109,United Kingdom,2010-06-06,2011-10-11,3,1134.03,Loyal,3,3,3,3,0.596,266.894,1046.0,False,Đã chấm điểm
14208,United Kingdom,2010-06-06,2011-09-06,2,567.05,Need Attention,3,3,2,2,0.75,107.867,2788.0,False,Đã chấm điểm
17915,United Kingdom,2010-06-06,2010-06-06,1,225.78,Hibernating,0,1,1,1,,,,False,Không đủ điều kiện chấm điểm
16340,United Kingdom,2010-06-06,2011-08-24,3,1496.24,Loyal,2,3,3,4,0.731,325.533,707.0,False,Đã chấm điểm
13614,United Kingdom,2010-06-06,2011-11-15,6,2332.74,Champions,3,4,4,4,0.473,356.31,588.0,False,Đã chấm điểm
18137,United Kingdom,2010-06-06,2010-06-06,2,145.99,Hibernating,0,1,2,1,,,,False,Không đủ điều kiện chấm điểm
15976,United Kingdom,2010-06-06,2011-06-27,6,1680.31,Loyal,2,3,4,4,0.652,113.49,2724.0,False,Đã chấm điểm
14128,United Kingdom,2010-06-06,2011-10-10,3,909.36,Loyal,3,3,3,3,0.681,152.7,2192.0,False,Đã chấm điểm
13056,United Kingdom,2010-06-06,2010-06-06,1,209.48,Hibernating,0,1,1,1,,,,False,Không đủ điều kiện chấm điểm
14247,United Kingdom,2010-06-06,2011-03-06,5,750.61,At Risk,2,2,4,3,,,,False,Không đủ điều kiện chấm điểm
14734,United Kingdom,2010-06-06,2010-10-10,4,1034.52,At Risk,2,1,3,3,,,,False,Không đủ điều kiện chấm điểm
17009,United Kingdom,2010-06-06,2010-06-06,1,242.06,Hibernating,0,1,1,1,,,,False,Không đủ điều kiện chấm điểm
14309,United Kingdom,2010-06-07,2011-12-01,11,3780.81,Champions,1,5,5,5,0.205,138.583,2369.0,False,Đã chấm điểm
15958,United Kingdom,2010-06-07,2011-09-26,4,462.12,Loyal,3,3,3,2,0.77,80.378,3099.0,False,Đã chấm điểm
17987,United Kingdom,2010-06-07,2011-06-07,5,901.72,Loyal,2,3,4,3,,,,False,Không đủ điều kiện chấm điểm
14028,United Kingdom,2010-06-07,2010-06-07,2,6786.0,At Risk,2,1,2,5,,,,False,Không đủ điều kiện chấm điểm
15471,United Kingdom,2010-06-07,2011-12-07,3,1292.01,Champions,3,5,3,4,0.54,245.214,1220.0,False,Đã chấm điểm
14515,United Kingdom,2010-06-07,2011-11-22,12,3707.06,Champions,1,5,5,5,0.246,210.373,1543.0,False,Đã chấm điểm
16382,United Kingdom,2010-06-07,2010-10-27,2,353.1,Hibernating,0,2,2,2,,,,False,Không đủ điều kiện chấm điểm
13699,United Kingdom,2010-06-07,2011-07-07,2,744.25,Loyal,2,3,2,3,0.745,132.593,2449.0,False,Đã chấm điểm
17515,United Kingdom,2010-06-07,2011-11-08,9,1602.51,Champions,1,4,5,4,0.566,77.116,3124.0,False,Đã chấm điểm
14786,United Kingdom,2010-06-07,2010-06-07,1,90.96,Hibernating,0,1,1,1,,,,False,Không đủ điều kiện chấm điểm
16232,United Kingdom,2010-06-07,2011-10-27,7,2712.97,Champions,2,4,4,4,0.494,203.752,1604.0,False,Đã chấm điểm
18100,United Kingdom,2010-06-07,2010-06-07,1,451.56,Hibernating,0,1,1,2,,,,False,Không đủ điều kiện chấm điểm
15872,United Kingdom,2010-06-07,2011-11-25,4,729.25,Potential Loyalist,3,5,3,3,0.685,216.488,1485.0,False,Đã chấm điểm
12829,United Kingdom,2010-06-07,2011-01-07,3,385.3,At Risk,0,2,3,2,,,,False,Không đủ điều kiện chấm điểm
15551,United Kingdom,2010-06-07,2011-11-03,6,1625.81,Champions,2,4,4,4,0.656,286.138,923.0,False,Đã chấm điểm
17040,United Kingdom,2010-06-07,2011-07-25,2,463.25,Need Attention,0,3,2,2,0.755,221.388,1438.0,False,Đã chấm điểm
17101,United Kingdom,2010-06-07,2011-11-29,7,2507.05,Champions,1,5,4,4,0.384,313.038,758.0,False,Đã chấm điểm
15720,United Kingdom,2010-06-07,2011-11-15,2,739.22,Potential Loyalist,3,4,2,3,0.721,431.655,390.0,True,Đã chấm điểm
14498,United Kingdom,2010-06-07,2011-10-28,10,3900.83,Champions,1,4,5,5,0.279,240.76,1266.0,False,Đã chấm điểm
17784,United Kingdom,2010-06-07,2010-06-07,1,112.86,Hibernating,0,1,1,1,,,,False,Không đủ điều kiện chấm điểm
13997,United Kingdom,2010-06-07,2010-07-08,3,376.46,At Risk,0,1,3,2,,,,False,Không đủ điều kiện chấm điểm
12928,United Kingdom,2010-06-08,2011-11-04,12,4304.89,Champions,1,4,5,5,0.328,203.52,1605.0,False,Đã chấm điểm
16048,United Kingdom,2010-06-08,2010-12-01,4,818.79,At Risk,2,2,3,3,,,,False,Không đủ điều kiện chấm điểm
17543,United Kingdom,2010-06-08,2010-06-08,1,120.05,Hibernating,0,1,1,1,,,,False,Không đủ điều kiện chấm điểm
18103,United Kingdom,2010-06-08,2010-06-08,1,105.8,Hibernating,0,1,1,1,,,,False,Không đủ điều kiện chấm điểm
17440,United Kingdom,2010-06-08,2011-07-06,4,323.58,Loyal,0,3,3,2,0.692,46.82,3359.0,False,Đã chấm điểm
15532,United Kingdom,2010-06-08,2011-11-14,10,3646.35,Champions,1,4,5,5,0.46,295.331,867.0,False,Đã chấm điểm
16072,United Kingdom,2010-06-08,2011-02-24,4,4180.09,At Risk,2,2,3,5,,,,False,Không đủ điều kiện chấm điểm
17713,United Kingdom,2010-06-09,2010-11-22,4,1198.09,At Risk,2,2,3,4,,,,False,Không đủ điều kiện chấm điểm
14616,United Kingdom,2010-06-09,2011-04-11,5,527.78,At Risk,2,2,4,2,,,,False,Không đủ điều kiện chấm điểm
17417,United Kingdom,2010-06-09,2010-06-09,1,164.18,Hibernating,0,1,1,1,,,,False,Không đủ điều kiện chấm điểm
13502,United Kingdom,2010-06-09,2011-11-23,5,780.5,Champions,3,5,4,3,0.788,81.071,3089.0,False,Đã chấm điểm
14260,United Kingdom,2010-06-09,2010-08-25,3,824.28,At Risk,2,1,3,3,,,,False,Không đủ điều kiện chấm điểm
15352,United Kingdom,2010-06-09,2010-06-09,1,111.15,Hibernating,0,1,1,1,,,,False,Không đủ điều kiện chấm điểm
17282,United Kingdom,2010-06-09,2011-08-01,5,2308.54,Loyal,2,3,4,4,0.674,335.189,667.0,False,Đã chấm điểm
17381,United Kingdom,2010-06-09,2011-12-01,38,36398.65,Champions,1,5,5,5,0.029,114.959,2697.0,False,Đã chấm điểm
16453,United Kingdom,2010-06-09,2010-06-27,2,251.71,Hibernating,0,1,2,1,,,,False,Không đủ điều kiện chấm điểm
14230,United Kingdom,2010-06-09,2010-09-30,3,979.8,At Risk,2,1,3,3,,,,False,Không đủ điều kiện chấm điểm
14615,United Kingdom,2010-06-09,2010-11-10,5,936.76,At Risk,2,2,4,3,,,,False,Không đủ điều kiện chấm điểm
17971,United Kingdom,2010-06-09,2010-06-09,1,161.94,Hibernating,0,1,1,1,,,,False,Không đủ điều kiện chấm điểm
14180,United Kingdom,2010-06-09,2011-11-29,33,5773.85,Champions,1,5,5,5,0.132,103.577,2846.0,False,Đã chấm điểm
12424,Australia,2010-06-09,2011-06-30,4,3340.03,Loyal,2,3,3,5,0.743,722.535,120.0,True,Đã chấm điểm
12634,USA,2010-06-09,2010-06-09,1,360.0,Hibernating,0,1,1,2,,,,False,Không đủ điều kiện chấm điểm
17204,United Kingdom,2010-06-10,2011-06-17,9,5475.29,Loyal,2,3,5,5,0.511,267.253,1042.0,False,Đã chấm điểm
13065,United Kingdom,2010-06-10,2010-12-01,5,1055.05,At Risk,2,2,4,3,,,,False,Không đủ điều kiện chấm điểm
17869,United Kingdom,2010-06-10,2011-08-24,7,813.64,Loyal,2,3,4,3,0.62,48.348,3346.0,False,Đã chấm điểm
15757,United Kingdom,2010-06-10,2011-10-05,6,2940.36,Loyal,2,3,4,5,0.655,193.102,1713.0,False,Đã chấm điểm
15734,United Kingdom,2010-06-10,2011-08-17,4,2263.3,Loyal,2,3,3,4,0.618,370.922,545.0,False,Đã chấm điểm
15207,United Kingdom,2010-06-10,2010-10-19,3,663.52,At Risk,2,1,3,3,,,,False,Không đủ điều kiện chấm điểm
16679,United Kingdom,2010-06-10,2010-12-08,3,663.31,At Risk,2,2,3,3,,,,False,Không đủ điều kiện chấm điểm
13438,United Kingdom,2010-06-10,2010-06-10,1,46.5,Hibernating,0,1,1,1,,,,False,Không đủ điều kiện chấm điểm
14618,United Kingdom,2010-06-11,2011-11-30,7,1327.47,Champions,3,5,4,4,0.62,211.927,1528.0,False,Đã chấm điểm
15102,United Kingdom,2010-06-11,2010-06-27,2,554.67,Hibernating,0,1,2,2,,,,False,Không đủ điều kiện chấm điểm
17996,United Kingdom,2010-06-11,2010-11-25,3,469.73,At Risk,0,2,3,2,,,,False,Không đủ điều kiện chấm điểm
17691,United Kingdom,2010-06-11,2010-12-16,4,627.35,At Risk,2,2,3,3,,,,False,Không đủ điều kiện chấm điểm
16209,United Kingdom,2010-06-11,2011-09-12,9,4146.78,Loyal,2,3,5,5,0.357,294.199,874.0,False,Đã chấm điểm
16499,United Kingdom,2010-06-11,2010-12-14,8,2461.49,At Risk,2,2,4,4,,,,False,Không đủ điều kiện chấm điểm
17902,United Kingdom,2010-06-11,2010-06-11,1,216.4,Hibernating,0,1,1,1,,,,False,Không đủ điều kiện chấm điểm
14228,United Kingdom,2010-06-11,2010-09-28,3,745.5,At Risk,2,1,3,3,,,,False,Không đủ điều kiện chấm điểm
13794,United Kingdom,2010-06-11,2010-06-11,1,126.03,Hibernating,0,1,1,1,,,,False,Không đủ điều kiện chấm điểm
16547,United Kingdom,2010-06-11,2010-06-11,1,104.26,Hibernating,0,1,1,1,,,,False,Không đủ điều kiện chấm điểm
13337,United Kingdom,2010-06-11,2010-06-11,1,1550.06,At Risk,0,1,1,4,,,,False,Không đủ điều kiện chấm điểm
12429,Denmark,2010-06-11,2011-11-30,8,5842.41,Champions,1,5,4,5,0.554,492.391,285.0,True,Đã chấm điểm
14727,United Kingdom,2010-06-11,2011-03-10,2,289.23,Hibernating,0,2,2,2,,,,False,Không đủ điều kiện chấm điểm
18022,United Kingdom,2010-06-11,2011-11-04,5,1506.62,Champions,3,4,4,4,0.678,415.691,412.0,True,Đã chấm điểm
17749,United Kingdom,2010-06-11,2011-06-14,3,1026.18,Loyal,2,3,3,3,0.626,147.95,2254.0,False,Đã chấm điểm
13601,United Kingdom,2010-06-11,2011-10-25,4,1159.99,Potential Loyalist,3,4,3,3,0.686,201.979,1621.0,False,Đã chấm điểm
13745,United Kingdom,2010-06-11,2011-06-30,2,763.82,Loyal,2,3,2,3,0.772,124.202,2564.0,False,Đã chấm điểm
16021,United Kingdom,2010-06-13,2010-11-09,2,487.03,Hibernating,0,2,2,2,,,,False,Không đủ điều kiện chấm điểm
13545,United Kingdom,2010-06-13,2010-11-14,2,364.93,Hibernating,0,2,2,2,,,,False,Không đủ điều kiện chấm điểm
17790,United Kingdom,2010-06-13,2011-11-13,20,2779.41,Champions,1,4,5,4,0.148,78.034,3114.0,False,Đã chấm điểm
14224,United Kingdom,2010-06-13,2011-08-21,9,1841.71,Loyal,2,3,5,4,0.623,198.681,1649.0,False,Đã chấm điểm
17923,United Kingdom,2010-06-13,2011-03-02,3,497.0,At Risk,0,2,3,2,,,,False,Không đủ điều kiện chấm điểm
14581,United Kingdom,2010-06-13,2011-11-23,2,409.65,Potential Loyalist,3,5,2,2,0.757,104.929,2830.0,False,Đã chấm điểm
16647,United Kingdom,2010-06-13,2011-06-23,4,541.9,Loyal,2,3,3,2,0.714,67.123,3215.0,False,Đã chấm điểm
16622,United Kingdom,2010-06-14,2010-06-14,1,225.4,Hibernating,0,1,1,1,,,,False,Không đủ điều kiện chấm điểm
13383,United Kingdom,2010-06-14,2010-06-14,1,305.28,Hibernating,0,1,1,2,,,,False,Không đủ điều kiện chấm điểm
13559,United Kingdom,2010-06-14,2010-07-15,2,990.0,At Risk,2,1,2,3,,,,False,Không đủ điều kiện chấm điểm
16625,United Kingdom,2010-06-14,2011-03-10,5,1654.03,At Risk,2,2,4,4,,,,False,Không đủ điều kiện chấm điểm
12897,United Kingdom,2010-06-14,2011-05-19,4,514.25,At Risk,2,2,3,2,,,,False,Không đủ điều kiện chấm điểm
15150,United Kingdom,2010-06-14,2011-11-22,13,8956.94,Champions,1,5,5,5,0.096,168.082,1994.0,False,Đã chấm điểm
18020,United Kingdom,2010-06-14,2010-06-14,1,159.88,Hibernating,0,1,1,1,,,,False,Không đủ điều kiện chấm điểm
15901,United Kingdom,2010-06-14,2011-11-23,6,667.89,Champions,3,5,4,3,0.529,107.39,2796.0,False,Đã chấm điểm
15016,United Kingdom,2010-06-14,2011-06-20,5,614.99,Loyal,2,3,4,3,0.785,69.465,3194.0,False,Đã chấm điểm
16007,United Kingdom,2010-06-14,2011-10-23,7,3053.06,Champions,2,4,4,5,0.265,187.205,1777.0,False,Đã chấm điểm
15361,United Kingdom,2010-06-14,2010-12-13,4,689.07,At Risk,2,2,3,3,,,,False,Không đủ điều kiện chấm điểm
15817,United Kingdom,2010-06-14,2010-10-15,3,2766.4,At Risk,2,1,3,4,,,,False,Không đủ điều kiện chấm điểm
12637,France,2010-06-14,2011-10-03,12,8085.81,Loyal,1,3,5,5,0.23,344.615,624.0,False,Đã chấm điểm
13069,United Kingdom,2010-06-14,2011-12-09,36,8463.17,Champions,1,5,5,5,0.124,111.892,2748.0,False,Đã chấm điểm
16500,United Kingdom,2010-06-14,2011-12-05,9,843.91,Champions,3,5,5,3,0.5,118.044,2649.0,False,Đã chấm điểm
15905,United Kingdom,2010-06-14,2010-06-14,1,114.69,Hibernating,0,1,1,1,,,,False,Không đủ điều kiện chấm điểm
17922,United Kingdom,2010-06-14,2010-06-14,1,170.4,Hibernating,0,1,1,1,,,,False,Không đủ điều kiện chấm điểm
14139,United Kingdom,2010-06-15,2011-10-24,4,1086.8,Potential Loyalist,3,4,3,3,0.729,302.977,819.0,False,Đã chấm điểm
16205,United Kingdom,2010-06-15,2011-11-09,7,1813.51,Champions,2,4,4,4,0.466,174.938,1938.0,False,Đã chấm điểm
13297,United Kingdom,2010-06-15,2011-12-02,7,4352.67,Champions,1,5,4,5,0.282,588.579,196.0,True,Đã chấm điểm
17571,United Kingdom,2010-06-15,2011-10-20,5,1629.66,Champions,2,4,4,4,0.563,370.01,552.0,False,Đã chấm điểm
15816,United Kingdom,2010-06-15,2010-06-15,2,93.3,Hibernating,0,1,2,1,,,,False,Không đủ điều kiện chấm điểm
13168,United Kingdom,2010-06-15,2011-11-03,5,1836.53,Champions,2,4,4,4,0.655,140.963,2333.0,False,Đã chấm điểm
15625,United Kingdom,2010-06-15,2011-08-28,9,3191.4,Loyal,2,3,5,5,0.406,234.954,1313.0,False,Đã chấm điểm
15926,United Kingdom,2010-06-15,2010-06-15,1,134.44,Hibernating,0,1,1,1,,,,False,Không đủ điều kiện chấm điểm
14634,United Kingdom,2010-06-16,2010-09-28,4,2111.26,At Risk,2,1,3,4,,,,False,Không đủ điều kiện chấm điểm
18042,United Kingdom,2010-06-16,2011-10-17,2,281.15,Potential Loyalist,3,4,2,2,0.742,122.497,2582.0,False,Đã chấm điểm
15040,United Kingdom,2010-06-16,2010-06-16,1,7.49,Hibernating,0,1,1,1,,,,False,Không đủ điều kiện chấm điểm
17952,United Kingdom,2010-06-16,2010-11-26,4,788.46,At Risk,2,2,3,3,,,,False,Không đủ điều kiện chấm điểm
13567,United Kingdom,2010-06-16,2010-10-07,4,1074.19,At Risk,2,1,3,3,,,,False,Không đủ điều kiện chấm điểm
13586,United Kingdom,2010-06-16,2010-06-16,1,127.28,Hibernating,0,1,1,1,,,,False,Không đủ điều kiện chấm điểm
14374,United Kingdom,2010-06-16,2010-06-16,1,108.0,Hibernating,0,1,1,1,,,,False,Không đủ điều kiện chấm điểm
15432,United Kingdom,2010-06-16,2011-11-16,2,320.76,Potential Loyalist,3,4,2,2,0.747,127.825,2525.0,False,Đã chấm điểm
14375,United Kingdom,2010-06-16,2011-06-07,3,1106.82,Loyal,2,3,3,3,,,,False,Không đủ điều kiện chấm điểm
14619,United Kingdom,2010-06-16,2011-04-08,2,1291.24,At Risk,2,2,2,4,,,,False,Không đủ điều kiện chấm điểm
17401,United Kingdom,2010-06-16,2010-06-16,1,114.85,Hibernating,0,1,1,1,,,,False,Không đủ điều kiện chấm điểm
13112,United Kingdom,2010-06-16,2010-06-16,1,20.6,Hibernating,0,1,1,1,,,,False,Không đủ điều kiện chấm điểm
16492,United Kingdom,2010-06-17,2010-06-17,1,385.56,Hibernating,0,1,1,2,,,,False,Không đủ điều kiện chấm điểm
13919,Denmark,2010-06-17,2011-10-11,4,1242.18,Loyal,2,3,3,4,0.565,140.9,2334.0,False,Đã chấm điểm
16134,United Kingdom,2010-06-17,2011-11-18,5,2124.94,Champions,3,4,4,4,0.714,239.022,1282.0,False,Đã chấm điểm
17098,United Kingdom,2010-06-17,2010-11-23,3,591.07,At Risk,2,2,3,2,,,,False,Không đủ điều kiện chấm điểm
12746,United Kingdom,2010-06-17,2010-06-17,1,254.55,Hibernating,0,1,1,1,,,,False,Không đủ điều kiện chấm điểm
17692,United Kingdom,2010-06-17,2011-08-04,12,2960.44,Loyal,2,3,5,5,0.729,82.937,3058.0,False,Đã chấm điểm
16515,United Kingdom,2010-06-17,2011-10-18,10,3179.06,Champions,1,4,5,5,0.386,183.282,1830.0,False,Đã chấm điểm
13608,United Kingdom,2010-06-17,2010-06-17,1,232.05,Hibernating,0,1,1,1,,,,False,Không đủ điều kiện chấm điểm
14508,United Kingdom,2010-06-17,2011-11-17,5,822.92,Champions,3,4,4,3,0.52,139.357,2352.0,False,Đã chấm điểm
16925,United Kingdom,2010-06-17,2010-06-17,1,125.65,Hibernating,0,1,1,1,,,,False,Không đủ điều kiện chấm điểm
17953,United Kingdom,2010-06-17,2010-06-17,1,148.67,Hibernating,0,1,1,1,,,,False,Không đủ điều kiện chấm điểm
15718,United Kingdom,2010-06-17,2010-06-17,1,293.79,Hibernating,0,1,1,2,,,,False,Không đủ điều kiện chấm điểm
17341,United Kingdom,2010-06-17,2011-07-06,5,1272.21,Loyal,2,3,4,4,0.802,122.147,2585.0,False,Đã chấm điểm
13277,United Kingdom,2010-06-18,2011-11-24,7,523.3,Potential Loyalist,3,5,4,2,0.542,94.027,2941.0,False,Đã chấm điểm
16155,United Kingdom,2010-06-18,2010-11-23,5,781.9,At Risk,2,2,4,3,,,,False,Không đủ điều kiện chấm điểm
14919,United Kingdom,2010-06-18,2010-06-18,1,359.35,Hibernating,0,1,1,2,,,,False,Không đủ điều kiện chấm điểm
12412,Denmark,2010-06-18,2011-09-26,6,2404.93,Loyal,2,3,4,4,0.467,282.688,948.0,False,Đã chấm điểm
14840,United Kingdom,2010-06-18,2011-03-17,2,347.71,Hibernating,0,2,2,2,,,,False,Không đủ điều kiện chấm điểm
16486,United Kingdom,2010-06-20,2010-06-20,1,134.36,Hibernating,0,1,1,1,,,,False,Không đủ điều kiện chấm điểm
18128,United Kingdom,2010-06-20,2010-06-20,1,399.29,Hibernating,0,1,1,2,,,,False,Không đủ điều kiện chấm điểm
15247,United Kingdom,2010-06-20,2011-08-09,3,976.06,Loyal,2,3,3,3,0.77,200.586,1633.0,False,Đã chấm điểm
16739,United Kingdom,2010-06-21,2011-06-16,2,786.43,Loyal,2,3,2,3,0.756,124.207,2563.0,False,Đã chấm điểm
15786,United Kingdom,2010-06-21,2011-10-24,5,8467.8,Champions,1,4,4,5,0.311,1196.703,40.0,True,Đã chấm điểm
12469,Thailand,2010-06-21,2010-07-05,2,3070.54,At Risk,2,1,2,5,,,,False,Không đủ điều kiện chấm điểm
14338,United Kingdom,2010-06-21,2011-07-01,3,928.1,Loyal,2,3,3,3,0.664,178.347,1897.0,False,Đã chấm điểm
13707,United Kingdom,2010-06-21,2011-03-17,5,3365.86,At Risk,2,2,4,5,,,,False,Không đủ điều kiện chấm điểm
16815,United Kingdom,2010-06-21,2010-09-12,2,406.02,Hibernating,0,1,2,2,,,,False,Không đủ điều kiện chấm điểm
16062,United Kingdom,2010-06-21,2011-11-30,8,2863.45,Champions,1,5,4,5,0.581,195.749,1681.0,False,Đã chấm điểm
16315,United Kingdom,2010-06-21,2011-01-13,2,402.71,Hibernating,0,2,2,2,,,,False,Không đủ điều kiện chấm điểm
16503,United Kingdom,2010-06-21,2011-08-25,11,3614.34,Loyal,2,3,5,5,0.622,153.774,2173.0,False,Đã chấm điểm
17192,United Kingdom,2010-06-21,2010-06-21,1,75.28,Hibernating,0,1,1,1,,,,False,Không đủ điều kiện chấm điểm
15081,United Kingdom,2010-06-22,2011-11-17,12,1844.62,Champions,1,4,5,4,0.498,82.216,3076.0,False,Đã chấm điểm
12774,Netherlands,2010-06-22,2010-06-22,1,83.7,Hibernating,0,1,1,1,,,,False,Không đủ điều kiện chấm điểm
16227,United Kingdom,2010-06-22,2011-04-28,3,982.52,At Risk,2,2,3,3,,,,False,Không đủ điều kiện chấm điểm
12724,France,2010-06-22,2011-12-04,7,2083.52,Champions,1,5,4,4,0.514,209.281,1556.0,False,Đã chấm điểm
16894,United Kingdom,2010-06-22,2010-07-25,3,1265.26,At Risk,2,1,3,4,,,,False,Không đủ điều kiện chấm điểm
15809,United Kingdom,2010-06-22,2011-06-08,6,816.38,Loyal,2,3,4,3,,,,False,Không đủ điều kiện chấm điểm
14874,United Kingdom,2010-06-22,2010-06-22,1,116.18,Hibernating,0,1,1,1,,,,False,Không đủ điều kiện chấm điểm
14793,United Kingdom,2010-06-22,2011-11-18,2,625.9,Potential Loyalist,3,4,2,3,0.731,167.299,2001.0,False,Đã chấm điểm
16680,United Kingdom,2010-06-23,2011-10-27,3,821.45,Potential Loyalist,3,4,3,3,0.734,134.809,2415.0,False,Đã chấm điểm
17422,United Kingdom,2010-06-23,2011-11-23,11,3510.0,Champions,1,5,5,5,0.349,234.038,1321.0,False,Đã chấm điểm
12792,Portugal,2010-06-23,2011-03-28,2,715.01,At Risk,0,2,2,3,,,,False,Không đủ điều kiện chấm điểm
17380,United Kingdom,2010-06-23,2010-10-01,3,645.0,At Risk,2,1,3,3,,,,False,Không đủ điều kiện chấm điểm
14725,United Kingdom,2010-06-23,2011-11-15,4,1196.46,Champions,3,4,3,4,0.729,478.216,302.0,True,Đã chấm điểm
17310,United Kingdom,2010-06-23,2010-11-17,2,1025.1,At Risk,2,2,2,3,,,,False,Không đủ điều kiện chấm điểm
13942,United Kingdom,2010-06-23,2010-06-23,1,320.0,Hibernating,0,1,1,2,,,,False,Không đủ điều kiện chấm điểm
12379,Belgium,2010-06-23,2011-09-19,4,1470.22,Loyal,2,3,3,4,0.545,223.052,1412.0,False,Đã chấm điểm
16825,United Kingdom,2010-06-23,2011-11-01,5,1826.89,Champions,2,4,4,4,0.637,238.822,1286.0,False,Đã chấm điểm
16180,United Kingdom,2010-06-23,2011-08-31,13,16249.87,Loyal,1,3,5,5,0.396,1445.652,26.0,True,Đã chấm điểm
14509,United Kingdom,2010-06-23,2010-06-23,1,110.95,Hibernating,0,1,1,1,,,,False,Không đủ điều kiện chấm điểm
15248,United Kingdom,2010-06-23,2010-10-24,3,1893.93,At Risk,2,1,3,4,,,,False,Không đủ điều kiện chấm điểm
15991,United Kingdom,2010-06-23,2010-06-23,1,150.55,Hibernating,0,1,1,1,,,,False,Không đủ điều kiện chấm điểm
17304,United Kingdom,2010-06-23,2010-06-23,1,111.5,Hibernating,0,1,1,1,,,,False,Không đủ điều kiện chấm điểm
15913,United Kingdom,2010-06-23,2010-06-23,1,6.3,Hibernating,0,1,1,1,,,,False,Không đủ điều kiện chấm điểm
17686,United Kingdom,2010-06-24,2011-12-02,9,8296.81,Champions,1,5,5,5,0.26,482.254,297.0,True,Đã chấm điểm
12705,Germany,2010-06-24,2011-11-24,13,10977.25,Champions,1,5,5,5,0.122,252.643,1155.0,False,Đã chấm điểm
14566,Channel Islands,2010-06-24,2011-08-21,4,4092.0,Loyal,2,3,3,5,0.743,862.45,83.0,True,Đã chấm điểm
16683,United Kingdom,2010-06-24,2010-06-24,1,320.25,Hibernating,0,1,1,2,,,,False,Không đủ điều kiện chấm điểm
15043,United Kingdom,2010-06-24,2011-11-08,6,2855.32,Champions,2,4,4,5,0.728,390.907,482.0,True,Đã chấm điểm
12741,USA,2010-06-24,2010-06-24,1,236.07,Hibernating,0,1,1,1,,,,False,Không đủ điều kiện chấm điểm
17099,United Kingdom,2010-06-24,2010-06-24,1,582.17,Hibernating,0,1,1,2,,,,False,Không đủ điều kiện chấm điểm
15629,United Kingdom,2010-06-25,2010-09-15,4,2240.9,At Risk,2,1,3,4,,,,False,Không đủ điều kiện chấm điểm
14326,United Kingdom,2010-06-25,2011-04-11,3,906.98,At Risk,2,2,3,3,,,,False,Không đủ điều kiện chấm điểm
16961,United Kingdom,2010-06-25,2011-08-15,3,777.61,Loyal,2,3,3,3,0.783,141.027,2332.0,False,Đã chấm điểm
15824,United Kingdom,2010-06-25,2010-09-12,2,890.94,At Risk,0,1,2,3,,,,False,Không đủ điều kiện chấm điểm
16539,United Kingdom,2010-06-25,2011-12-07,10,3289.66,Champions,1,5,5,5,0.709,186.114,1787.0,False,Đã chấm điểm
15779,United Kingdom,2010-06-25,2010-09-02,2,124.08,Hibernating,0,1,2,1,,,,False,Không đủ điều kiện chấm điểm
14058,United Kingdom,2010-06-27,2010-09-03,2,469.19,Hibernating,0,1,2,2,,,,False,Không đủ điều kiện chấm điểm
13861,United Kingdom,2010-06-27,2010-10-06,2,256.26,Hibernating,0,1,2,1,,,,False,Không đủ điều kiện chấm điểm
14199,United Kingdom,2010-06-27,2011-05-05,4,916.5,At Risk,2,2,3,3,,,,False,Không đủ điều kiện chấm điểm
17194,United Kingdom,2010-06-27,2010-12-14,2,776.66,At Risk,0,2,2,3,,,,False,Không đủ điều kiện chấm điểm
16529,United Kingdom,2010-06-27,2011-06-02,4,1986.8,At Risk,2,2,3,4,,,,False,Không đủ điều kiện chấm điểm
15264,United Kingdom,2010-06-27,2011-10-06,2,848.4,Loyal,3,3,2,3,0.745,293.521,880.0,False,Đã chấm điểm
17812,United Kingdom,2010-06-27,2011-11-27,7,911.99,Champions,3,5,4,3,0.506,256.403,1131.0,False,Đã chấm điểm
16733,United Kingdom,2010-06-28,2010-06-28,1,259.68,Hibernating,0,1,1,1,,,,False,Không đủ điều kiện chấm điểm
17437,United Kingdom,2010-06-28,2010-06-28,1,369.68,Hibernating,0,1,1,2,,,,False,Không đủ điều kiện chấm điểm
16012,United Kingdom,2010-06-28,2011-11-04,5,2978.59,Champions,2,4,4,5,0.382,312.267,763.0,False,Đã chấm điểm
13129,United Kingdom,2010-06-28,2010-09-13,2,233.25,Hibernating,0,1,2,1,,,,False,Không đủ điều kiện chấm điểm
17578,United Kingdom,2010-06-28,2011-05-05,7,1013.76,At Risk,2,2,4,3,,,,False,Không đủ điều kiện chấm điểm
13123,United Kingdom,2010-06-28,2010-08-24,2,506.75,Hibernating,0,1,2,2,,,,False,Không đủ điều kiện chấm điểm
12451,Switzerland,2010-06-28,2011-11-29,8,12527.88,Champions,1,5,4,5,0.234,585.44,198.0,True,Đã chấm điểm
12784,Portugal,2010-06-28,2011-11-24,2,1511.15,Potential Loyalist,3,5,2,4,0.635,302.862,820.0,False,Đã chấm điểm
17326,United Kingdom,2010-06-28,2010-10-27,2,312.35,Hibernating,0,2,2,2,,,,False,Không đủ điều kiện chấm điểm
12485,Sweden,2010-06-28,2010-06-28,1,708.1,Hibernating,0,1,1,3,,,,False,Không đủ điều kiện chấm điểm
14020,United Kingdom,2010-06-28,2011-11-23,4,1226.31,Champions,3,5,3,4,0.504,324.061,711.0,False,Đã chấm điểm
13859,United Kingdom,2010-06-28,2011-01-17,2,515.86,Hibernating,0,2,2,2,,,,False,Không đủ điều kiện chấm điểm
12527,Germany,2010-06-28,2011-09-19,5,717.51,Loyal,2,3,4,3,0.776,49.487,3338.0,False,Đã chấm điểm
12799,Japan,2010-06-28,2010-06-28,1,219.35,Hibernating,0,1,1,1,,,,False,Không đủ điều kiện chấm điểm
13023,United Kingdom,2010-06-29,2011-10-06,3,1251.03,Loyal,2,3,3,4,0.569,236.343,1304.0,False,Đã chấm điểm
13299,United Kingdom,2010-06-29,2011-03-16,3,1189.0,At Risk,2,2,3,3,,,,False,Không đủ điều kiện chấm điểm
14774,United Kingdom,2010-06-29,2010-06-29,1,241.45,Hibernating,0,1,1,1,,,,False,Không đủ điều kiện chấm điểm
12788,Netherlands,2010-06-29,2010-09-02,4,384.9,At Risk,0,1,3,2,,,,False,Không đủ điều kiện chấm điểm
12529,France,2010-06-29,2010-06-29,1,316.48,Hibernating,0,1,1,2,,,,False,Không đủ điều kiện chấm điểm
13620,United Kingdom,2010-06-29,2010-06-29,1,112.34,Hibernating,0,1,1,1,,,,False,Không đủ điều kiện chấm điểm
15430,United Kingdom,2010-06-29,2010-08-29,2,914.95,At Risk,0,1,2,3,,,,False,Không đủ điều kiện chấm điểm
12415,Australia,2010-06-30,2011-11-15,23,143275.72,Champions,1,4,5,5,0.036,1353.497,31.0,True,Đã chấm điểm
15842,United Kingdom,2010-06-30,2010-11-11,2,548.8,Hibernating,0,2,2,2,,,,False,Không đủ điều kiện chấm điểm
13752,United Kingdom,2010-06-30,2011-08-07,7,1579.83,Loyal,2,3,4,4,0.562,240.645,1267.0,False,Đã chấm điểm
13739,United Kingdom,2010-06-30,2011-11-21,2,292.2,Potential Loyalist,3,5,2,2,0.751,162.835,2061.0,False,Đã chấm điểm
14398,United Kingdom,2010-06-30,2010-11-03,2,707.79,At Risk,0,2,2,3,,,,False,Không đủ điều kiện chấm điểm
17666,United Kingdom,2010-06-30,2011-12-06,5,2047.8,Champions,3,5,4,4,0.547,398.038,461.0,True,Đã chấm điểm
18053,United Kingdom,2010-06-30,2011-09-30,3,556.22,Loyal,3,3,3,2,0.766,229.723,1358.0,False,Đã chấm điểm
14217,United Kingdom,2010-06-30,2011-12-08,23,3136.19,Champions,1,5,5,5,0.104,56.716,3307.0,False,Đã chấm điểm
15486,United Kingdom,2010-06-30,2010-06-30,1,102.0,Hibernating,0,1,1,1,,,,False,Không đủ điều kiện chấm điểm
17748,United Kingdom,2010-06-30,2010-06-30,1,358.15,Hibernating,0,1,1,2,,,,False,Không đủ điều kiện chấm điểm
13814,Germany,2010-06-30,2011-09-08,3,2240.32,Loyal,2,3,3,4,0.578,588.641,195.0,True,Đã chấm điểm
13649,United Kingdom,2010-06-30,2011-03-28,6,1453.68,At Risk,2,2,4,4,,,,False,Không đủ điều kiện chấm điểm
12575,France,2010-07-01,2010-09-08,2,568.82,Hibernating,0,1,2,2,,,,False,Không đủ điều kiện chấm điểm
12653,Israel,2010-07-01,2011-07-14,3,4160.83,Loyal,2,3,3,5,0.787,679.76,140.0,True,Đã chấm điểm
15852,United Kingdom,2010-07-01,2011-06-06,3,257.26,Need Attention,0,3,3,1,,,,False,Không đủ điều kiện chấm điểm
17239,United Kingdom,2010-07-01,2011-01-31,4,1189.45,At Risk,2,2,3,4,,,,False,Không đủ điều kiện chấm điểm
15888,United Kingdom,2010-07-01,2011-09-20,3,396.45,Loyal,3,3,3,2,0.787,106.745,2804.0,False,Đã chấm điểm
18109,United Kingdom,2010-07-01,2011-12-08,38,9195.81,Champions,1,5,5,5,0.014,32.092,3416.0,False,Đã chấm điểm
17651,United Kingdom,2010-07-01,2011-11-28,16,5655.22,Champions,1,5,5,5,0.087,172.583,1958.0,False,Đã chấm điểm
13302,United Kingdom,2010-07-01,2011-07-07,2,159.2,Need Attention,0,3,2,1,0.876,32.211,3415.0,False,Đã chấm điểm
15851,United Kingdom,2010-07-01,2010-07-01,1,109.73,Hibernating,0,1,1,1,,,,False,Không đủ điều kiện chấm điểm
16926,United Kingdom,2010-07-01,2010-12-03,5,1169.61,At Risk,2,2,4,3,,,,False,Không đủ điều kiện chấm điểm
12576,Poland,2010-07-01,2011-11-04,8,2020.22,Champions,1,4,4,4,0.421,181.336,1854.0,False,Đã chấm điểm
13292,United Kingdom,2010-07-01,2011-11-01,5,987.79,Champions,3,4,4,3,0.726,238.962,1284.0,False,Đã chấm điểm
13439,United Kingdom,2010-07-01,2011-03-29,3,986.61,At Risk,2,2,3,3,,,,False,Không đủ điều kiện chấm điểm
17187,United Kingdom,2010-07-01,2011-04-27,2,467.71,Hibernating,0,2,2,2,,,,False,Không đủ điều kiện chấm điểm
18217,United Kingdom,2010-07-01,2011-11-10,4,945.04,Potential Loyalist,3,4,3,3,0.474,294.601,872.0,False,Đã chấm điểm
17080,United Kingdom,2010-07-01,2011-11-17,7,957.53,Champions,3,4,4,3,0.667,63.955,3250.0,False,Đã chấm điểm
16907,United Kingdom,2010-07-01,2011-11-10,9,1470.89,Champions,1,4,5,4,0.578,114.891,2702.0,False,Đã chấm điểm
14693,United Kingdom,2010-07-02,2011-03-20,7,1139.86,At Risk,2,2,4,3,,,,False,Không đủ điều kiện chấm điểm
18230,United Kingdom,2010-07-02,2011-11-30,9,4291.06,Champions,1,5,5,5,0.212,176.645,1919.0,False,Đã chấm điểm
12633,Germany,2010-07-02,2011-10-12,7,5113.71,Champions,2,4,4,5,0.448,209.911,1549.0,False,Đã chấm điểm
14699,United Kingdom,2010-07-02,2011-05-09,4,702.6,At Risk,2,2,3,3,,,,False,Không đủ điều kiện chấm điểm
14963,United Kingdom,2010-07-02,2011-11-30,12,3123.57,Champions,1,5,5,5,0.28,201.966,1622.0,False,Đã chấm điểm
13246,United Kingdom,2010-07-02,2011-11-21,11,3346.55,Champions,1,5,5,5,0.536,209.473,1553.0,False,Đã chấm điểm
14366,United Kingdom,2010-07-02,2010-07-02,1,136.0,Hibernating,0,1,1,1,,,,False,Không đủ điều kiện chấm điểm
13125,United Kingdom,2010-07-04,2010-07-04,1,148.62,Hibernating,0,1,1,1,,,,False,Không đủ điều kiện chấm điểm
14647,United Kingdom,2010-07-04,2011-05-22,2,506.04,Hibernating,0,2,2,2,,,,False,Không đủ điều kiện chấm điểm
16032,United Kingdom,2010-07-04,2010-09-09,6,1965.72,At Risk,2,1,4,4,,,,False,Không đủ điều kiện chấm điểm
13029,United Kingdom,2010-07-04,2011-11-09,5,1927.3,Champions,3,4,4,4,0.618,346.036,619.0,False,Đã chấm điểm
17376,United Kingdom,2010-07-05,2011-09-30,4,453.64,Loyal,3,3,3,2,0.776,75.58,3144.0,False,Đã chấm điểm
15627,United Kingdom,2010-07-05,2010-09-08,2,566.9,Hibernating,0,1,2,2,,,,False,Không đủ điều kiện chấm điểm
15678,United Kingdom,2010-07-05,2011-10-18,3,1825.94,Champions,2,4,3,4,0.74,261.154,1087.0,False,Đã chấm điểm
16110,United Kingdom,2010-07-05,2011-10-25,4,1781.59,Champions,2,4,3,4,0.57,178.813,1893.0,False,Đã chấm điểm
15969,United Kingdom,2010-07-05,2011-12-07,5,1043.85,Champions,3,5,4,3,0.55,155.234,2156.0,False,Đã chấm điểm
12953,United Kingdom,2010-07-05,2011-11-30,2,828.81,Potential Loyalist,3,5,2,3,0.663,218.798,1465.0,False,Đã chấm điểm
12693,Germany,2010-07-05,2011-08-04,7,1377.37,Loyal,2,3,4,4,0.585,116.305,2668.0,False,Đã chấm điểm
15076,United Kingdom,2010-07-05,2011-06-20,3,1436.79,Loyal,2,3,3,4,0.701,321.36,725.0,False,Đã chấm điểm
14900,United Kingdom,2010-07-05,2010-07-05,1,13.92,Hibernating,0,1,1,1,,,,False,Không đủ điều kiện chấm điểm
16576,United Kingdom,2010-07-06,2010-10-15,2,540.87,Hibernating,0,1,2,2,,,,False,Không đủ điều kiện chấm điểm
17901,United Kingdom,2010-07-06,2011-11-10,3,260.08,Potential Loyalist,3,4,3,1,0.751,82.922,3059.0,False,Đã chấm điểm
12403,Denmark,2010-07-06,2011-10-21,2,947.36,Potential Loyalist,3,4,2,3,0.729,285.672,925.0,False,Đã chấm điểm
12730,Germany,2010-07-06,2010-07-06,1,703.25,Hibernating,0,1,1,3,,,,False,Không đủ điều kiện chấm điểm
14452,United Kingdom,2010-07-06,2011-11-29,4,658.95,Potential Loyalist,3,5,3,3,0.564,139.962,2344.0,False,Đã chấm điểm
12749,United Kingdom,2010-07-06,2011-12-06,9,6748.36,Champions,1,5,5,5,0.297,504.84,268.0,True,Đã chấm điểm
13909,United Kingdom,2010-07-06,2010-10-12,2,282.85,Hibernating,0,1,2,2,,,,False,Không đủ điều kiện chấm điểm
16443,United Kingdom,2010-07-07,2010-07-07,1,162.24,Hibernating,0,1,1,1,,,,False,Không đủ điều kiện chấm điểm
15133,United Kingdom,2010-07-07,2011-08-04,5,1806.9,Loyal,2,3,4,4,0.569,128.775,2514.0,False,Đã chấm điểm
17129,United Kingdom,2010-07-07,2010-07-07,1,31.85,Hibernating,0,1,1,1,,,,False,Không đủ điều kiện chấm điểm
13534,United Kingdom,2010-07-07,2011-12-07,35,7581.75,Champions,1,5,5,5,0.03,48.847,3341.0,False,Đã chấm điểm
16649,United Kingdom,2010-07-07,2010-07-07,1,306.58,Hibernating,0,1,1,2,,,,False,Không đủ điều kiện chấm điểm
15056,United Kingdom,2010-07-07,2010-07-07,1,113.65,Hibernating,0,1,1,1,,,,False,Không đủ điều kiện chấm điểm
13677,United Kingdom,2010-07-07,2010-10-31,2,551.24,Hibernating,0,2,2,2,,,,False,Không đủ điều kiện chấm điểm
15127,United Kingdom,2010-07-08,2011-10-05,2,711.5,Loyal,3,3,2,3,0.761,309.168,786.0,False,Đã chấm điểm
12782,Portugal,2010-07-08,2011-12-05,11,3772.24,Champions,1,5,5,5,0.559,195.73,1682.0,False,Đã chấm điểm
12592,Germany,2010-07-08,2011-09-08,4,1723.64,Loyal,2,3,3,4,0.622,105.093,2829.0,False,Đã chấm điểm
16650,United Kingdom,2010-07-08,2011-09-29,7,1916.11,Loyal,2,3,4,4,0.768,398.032,462.0,True,Đã chấm điểm
12963,United Kingdom,2010-07-08,2011-12-01,12,3182.69,Champions,1,5,5,5,0.275,410.597,423.0,True,Đã chấm điểm
18279,United Kingdom,2010-07-08,2010-07-08,1,231.34,Hibernating,0,1,1,1,,,,False,Không đủ điều kiện chấm điểm
12841,United Kingdom,2010-07-08,2011-12-05,40,6892.82,Champions,1,5,5,5,0.074,63.958,3249.0,False,Đã chấm điểm
13399,United Kingdom,2010-07-08,2010-09-01,3,275.4,Hibernating,0,1,3,1,,,,False,Không đủ điều kiện chấm điểm
17492,United Kingdom,2010-07-09,2011-04-05,3,1122.42,At Risk,2,2,3,3,,,,False,Không đủ điều kiện chấm điểm
13734,United Kingdom,2010-07-09,2010-07-19,2,474.59,Hibernating,0,1,2,2,,,,False,Không đủ điều kiện chấm điểm
14580,United Kingdom,2010-07-09,2010-07-09,1,14.85,Hibernating,0,1,1,1,,,,False,Không đủ điều kiện chấm điểm
15283,United Kingdom,2010-07-09,2010-11-14,3,148.33,Hibernating,0,2,3,1,,,,False,Không đủ điều kiện chấm điểm
16049,United Kingdom,2010-07-11,2011-10-30,6,1852.15,Champions,2,4,4,4,0.414,445.288,357.0,True,Đã chấm điểm
14516,United Kingdom,2010-07-11,2010-07-11,1,151.17,Hibernating,0,1,1,1,,,,False,Không đủ điều kiện chấm điểm
13779,United Kingdom,2010-07-12,2010-07-12,1,161.13,Hibernating,0,1,1,1,,,,False,Không đủ điều kiện chấm điểm
18238,United Kingdom,2010-07-12,2010-07-12,1,270.92,Hibernating,0,1,1,1,,,,False,Không đủ điều kiện chấm điểm
17143,United Kingdom,2010-07-12,2010-10-18,2,880.97,At Risk,0,1,2,3,,,,False,Không đủ điều kiện chấm điểm
14248,United Kingdom,2010-07-12,2011-01-25,3,1032.95,At Risk,2,2,3,3,,,,False,Không đủ điều kiện chấm điểm
16469,United Kingdom,2010-07-13,2011-11-16,5,803.9,Champions,3,4,4,3,0.591,134.569,2417.0,False,Đã chấm điểm
13428,United Kingdom,2010-07-13,2011-11-29,3,478.54,Potential Loyalist,3,5,3,2,0.691,139.437,2349.0,False,Đã chấm điểm
16435,United Kingdom,2010-07-13,2010-07-15,3,1003.07,At Risk,2,1,3,3,,,,False,Không đủ điều kiện chấm điểm
17408,United Kingdom,2010-07-13,2011-06-29,3,164.89,Need Attention,0,3,3,1,0.817,14.643,3451.0,False,Đã chấm điểm
14610,United Kingdom,2010-07-13,2010-11-09,2,24.35,Hibernating,0,2,2,1,,,,False,Không đủ điều kiện chấm điểm
17714,United Kingdom,2010-07-14,2011-01-23,5,1390.38,At Risk,2,2,4,4,,,,False,Không đủ điều kiện chấm điểm
18123,United Kingdom,2010-07-14,2011-11-15,3,666.64,Potential Loyalist,3,4,3,3,0.598,343.662,626.0,False,Đã chấm điểm
17034,United Kingdom,2010-07-14,2011-11-23,5,1261.42,Champions,3,5,4,4,0.531,320.861,727.0,False,Đã chấm điểm
15332,Lithuania,2010-07-14,2010-12-08,6,4892.68,At Risk,2,2,4,5,,,,False,Không đủ điều kiện chấm điểm
18096,United Kingdom,2010-07-14,2011-11-28,6,1638.16,Champions,3,5,4,4,0.374,317.683,738.0,False,Đã chấm điểm
16172,United Kingdom,2010-07-14,2011-09-05,8,1884.55,Loyal,2,3,4,4,0.421,178.341,1898.0,False,Đã chấm điểm
14007,United Kingdom,2010-07-15,2010-07-15,1,79.48,Hibernating,0,1,1,1,,,,False,Không đủ điều kiện chấm điểm
15530,United Kingdom,2010-07-15,2011-11-18,5,1808.68,Champions,3,4,4,4,0.381,207.949,1565.0,False,Đã chấm điểm
17559,United Kingdom,2010-07-15,2010-07-15,1,167.62,Hibernating,0,1,1,1,,,,False,Không đủ điều kiện chấm điểm
17783,United Kingdom,2010-07-15,2011-09-28,3,376.96,Loyal,3,3,3,2,0.76,78.159,3111.0,False,Đã chấm điểm
13255,United Kingdom,2010-07-15,2011-11-30,3,678.76,Potential Loyalist,3,5,3,3,0.727,126.282,2537.0,False,Đã chấm điểm
14084,United Kingdom,2010-07-15,2010-07-15,1,150.5,Hibernating,0,1,1,1,,,,False,Không đủ điều kiện chấm điểm
16251,United Kingdom,2010-07-15,2010-07-15,1,128.31,Hibernating,0,1,1,1,,,,False,Không đủ điều kiện chấm điểm
17968,United Kingdom,2010-07-15,2010-12-01,4,590.44,At Risk,2,2,3,2,,,,False,Không đủ điều kiện chấm điểm
18021,United Kingdom,2010-07-15,2010-07-18,2,216.41,Hibernating,0,1,2,1,,,,False,Không đủ điều kiện chấm điểm
15908,United Kingdom,2010-07-15,2010-08-06,2,758.62,At Risk,0,1,2,3,,,,False,Không đủ điều kiện chấm điểm
17921,United Kingdom,2010-07-15,2011-10-06,10,2354.21,Loyal,2,3,5,4,0.474,131.034,2478.0,False,Đã chấm điểm
15452,United Kingdom,2010-07-16,2011-11-10,6,1785.11,Champions,3,4,4,4,0.554,99.451,2884.0,False,Đã chấm điểm
13959,United Kingdom,2010-07-16,2011-09-21,6,1064.77,Loyal,2,3,4,3,0.753,193.108,1712.0,False,Đã chấm điểm
17680,United Kingdom,2010-07-16,2011-11-16,3,497.45,Potential Loyalist,3,4,3,2,0.714,131.675,2460.0,False,Đã chấm điểm
12977,United Kingdom,2010-07-16,2011-07-06,4,513.88,Loyal,2,3,3,2,0.8,18.002,3446.0,False,Đã chấm điểm
16128,United Kingdom,2010-07-16,2011-11-22,11,3801.05,Champions,1,5,5,5,0.303,282.977,943.0,False,Đã chấm điểm
17541,United Kingdom,2010-07-18,2010-07-18,1,119.86,Hibernating,0,1,1,1,,,,False,Không đủ điều kiện chấm điểm
17261,United Kingdom,2010-07-18,2010-07-18,1,221.59,Hibernating,0,1,1,1,,,,False,Không đủ điều kiện chấm điểm
14553,United Kingdom,2010-07-18,2011-11-20,9,1818.6,Champions,1,4,5,4,0.565,152.733,2190.0,False,Đã chấm điểm
15151,United Kingdom,2010-07-18,2010-10-12,2,2085.61,At Risk,2,1,2,4,,,,False,Không đủ điều kiện chấm điểm
15189,United Kingdom,2010-07-18,2011-12-08,46,17498.88,Champions,1,5,5,5,0.013,62.773,3258.0,False,Đã chấm điểm
16496,United Kingdom,2010-07-18,2011-12-01,6,2293.47,Champions,1,5,4,4,0.696,248.631,1180.0,False,Đã chấm điểm
14674,United Kingdom,2010-07-18,2010-07-18,1,173.66,Hibernating,0,1,1,1,,,,False,Không đủ điều kiện chấm điểm
16089,United Kingdom,2010-07-18,2010-11-18,2,263.49,Hibernating,0,2,2,1,,,,False,Không đủ điều kiện chấm điểm
14599,United Kingdom,2010-07-18,2010-11-14,2,457.89,Hibernating,0,2,2,2,,,,False,Không đủ điều kiện chấm điểm
12696,Finland,2010-07-19,2010-10-01,2,731.91,At Risk,0,1,2,3,,,,False,Không đủ điều kiện chấm điểm
16861,United Kingdom,2010-07-19,2011-10-11,5,928.89,Loyal,2,3,4,3,0.754,74.118,3156.0,False,Đã chấm điểm
15788,United Kingdom,2010-07-19,2010-07-19,1,221.83,Hibernating,0,1,1,1,,,,False,Không đủ điều kiện chấm điểm
17395,United Kingdom,2010-07-19,2010-07-19,1,97.5,Hibernating,0,1,1,1,,,,False,Không đủ điều kiện chấm điểm
17090,United Kingdom,2010-07-19,2011-12-05,13,2988.74,Champions,1,5,5,5,0.283,168.715,1991.0,False,Đã chấm điểm
17470,United Kingdom,2010-07-19,2011-10-26,11,2626.47,Champions,1,4,5,4,0.449,153.649,2176.0,False,Đã chấm điểm
12864,United Kingdom,2010-07-19,2011-07-24,2,299.57,Need Attention,0,3,2,2,0.844,80.427,3097.0,False,Đã chấm điểm
14922,United Kingdom,2010-07-20,2010-11-11,2,843.74,At Risk,0,2,2,3,,,,False,Không đủ điều kiện chấm điểm
13509,United Kingdom,2010-07-20,2011-12-01,7,1099.72,Champions,3,5,4,3,0.539,119.426,2626.0,False,Đã chấm điểm
16129,United Kingdom,2010-07-20,2010-10-28,3,1396.05,At Risk,2,2,3,4,,,,False,Không đủ điều kiện chấm điểm
15617,United Kingdom,2010-07-20,2010-11-08,3,828.55,At Risk,2,2,3,3,,,,False,Không đủ điều kiện chấm điểm
12480,Germany,2010-07-20,2011-11-11,7,4820.0,Champions,1,4,4,5,0.44,316.295,748.0,False,Đã chấm điểm
14797,United Kingdom,2010-07-20,2010-07-20,1,300.31,Hibernating,0,1,1,2,,,,False,Không đủ điều kiện chấm điểm
12720,Germany,2010-07-21,2011-12-07,29,6887.43,Champions,1,5,5,5,0.017,24.584,3435.0,False,Đã chấm điểm
13913,United Kingdom,2010-07-21,2010-07-21,1,42.22,Hibernating,0,1,1,1,,,,False,Không đủ điều kiện chấm điểm
13444,United Kingdom,2010-07-21,2010-11-30,2,619.08,At Risk,0,2,2,3,,,,False,Không đủ điều kiện chấm điểm
18074,United Kingdom,2010-07-22,2010-12-01,2,1019.44,At Risk,2,2,2,3,,,,False,Không đủ điều kiện chấm điểm
14858,United Kingdom,2010-07-22,2010-07-22,1,180.75,Hibernating,0,1,1,1,,,,False,Không đủ điều kiện chấm điểm
16975,United Kingdom,2010-07-22,2010-10-12,3,911.27,At Risk,2,1,3,3,,,,False,Không đủ điều kiện chấm điểm
17643,United Kingdom,2010-07-22,2010-12-01,2,439.7,Hibernating,0,2,2,2,,,,False,Không đủ điều kiện chấm điểm
12421,Spain,2010-07-22,2011-11-24,6,874.6,Champions,3,5,4,3,0.56,147.664,2257.0,False,Đã chấm điểm
16165,United Kingdom,2010-07-22,2010-07-22,1,79.9,Hibernating,0,1,1,1,,,,False,Không đủ điều kiện chấm điểm
17918,United Kingdom,2010-07-22,2010-07-27,3,388.44,At Risk,0,1,3,2,,,,False,Không đủ điều kiện chấm điểm
14236,United Kingdom,2010-07-22,2011-09-20,5,1555.34,Loyal,2,3,4,4,0.762,229.822,1356.0,False,Đã chấm điểm
17177,United Kingdom,2010-07-22,2010-07-22,1,119.5,Hibernating,0,1,1,1,,,,False,Không đủ điều kiện chấm điểm
13788,United Kingdom,2010-07-22,2010-07-22,1,3.75,Hibernating,0,1,1,1,,,,False,Không đủ điều kiện chấm điểm
18026,United Kingdom,2010-07-22,2010-07-27,2,2074.07,At Risk,2,1,2,4,,,,False,Không đủ điều kiện chấm điểm
12595,Germany,2010-07-23,2010-07-23,1,281.02,Hibernating,0,1,1,2,,,,False,Không đủ điều kiện chấm điểm
12755,Japan,2010-07-23,2011-03-04,3,4429.45,At Risk,2,2,3,5,,,,False,Không đủ điều kiện chấm điểm
16203,United Kingdom,2010-07-23,2011-10-12,6,943.84,Champions,2,4,4,3,0.518,86.392,3014.0,False,Đã chấm điểm
13665,United Kingdom,2010-07-23,2010-11-18,3,1711.66,At Risk,2,2,3,4,,,,False,Không đủ điều kiện chấm điểm
14312,United Kingdom,2010-07-23,2011-10-24,11,3090.29,Champions,1,4,5,5,0.439,215.03,1502.0,False,Đã chấm điểm
18132,United Kingdom,2010-07-23,2010-07-23,1,220.13,Hibernating,0,1,1,1,,,,False,Không đủ điều kiện chấm điểm
18244,United Kingdom,2010-07-25,2010-10-05,2,568.64,Hibernating,0,1,2,2,,,,False,Không đủ điều kiện chấm điểm
17112,United Kingdom,2010-07-25,2010-07-25,1,197.57,Hibernating,0,1,1,1,,,,False,Không đủ điều kiện chấm điểm
12866,Belgium,2010-07-25,2011-03-01,3,1092.35,At Risk,2,2,3,3,,,,False,Không đủ điều kiện chấm điểm
15431,United Kingdom,2010-07-25,2010-07-25,1,153.24,Hibernating,0,1,1,1,,,,False,Không đủ điều kiện chấm điểm
12410,Switzerland,2010-07-25,2011-02-04,3,773.71,At Risk,2,2,3,3,,,,False,Không đủ điều kiện chấm điểm
13239,United Kingdom,2010-07-25,2011-03-23,5,1594.69,At Risk,2,2,4,4,,,,False,Không đủ điều kiện chấm điểm
13250,United Kingdom,2010-07-25,2010-09-05,2,253.09,Hibernating,0,1,2,1,,,,False,Không đủ điều kiện chấm điểm
12889,United Kingdom,2010-07-25,2010-11-23,4,370.61,At Risk,0,2,3,2,,,,False,Không đủ điều kiện chấm điểm
13137,United Kingdom,2010-07-25,2011-11-29,16,7586.94,Champions,1,5,5,5,0.161,194.612,1698.0,False,Đã chấm điểm
15378,United Kingdom,2010-07-26,2010-09-03,2,246.5,Hibernating,0,1,2,1,,,,False,Không đủ điều kiện chấm điểm
12476,Germany,2010-07-26,2011-11-24,18,12165.81,Champions,1,5,5,5,0.157,311.202,772.0,False,Đã chấm điểm
15080,United Kingdom,2010-07-26,2010-10-08,2,546.25,Hibernating,0,1,2,2,,,,False,Không đủ điều kiện chấm điểm
17494,United Kingdom,2010-07-26,2010-07-26,1,54.7,Hibernating,0,1,1,1,,,,False,Không đủ điều kiện chấm điểm
14435,United Kingdom,2010-07-26,2010-07-26,1,90.42,Hibernating,0,1,1,1,,,,False,Không đủ điều kiện chấm điểm
17224,United Kingdom,2010-07-26,2010-07-26,1,100.86,Hibernating,0,1,1,1,,,,False,Không đủ điều kiện chấm điểm
15142,United Kingdom,2010-07-27,2011-10-24,6,2619.92,Champions,2,4,4,4,0.727,362.671,574.0,False,Đã chấm điểm
12801,Sweden,2010-07-27,2010-07-27,1,871.82,Hibernating,0,1,1,3,,,,False,Không đủ điều kiện chấm điểm
14384,United Kingdom,2010-07-27,2010-07-27,1,58.5,Hibernating,0,1,1,1,,,,False,Không đủ điều kiện chấm điểm
16219,United Kingdom,2010-07-27,2010-07-27,1,40.8,Hibernating,0,1,1,1,,,,False,Không đủ điều kiện chấm điểm
15873,United Kingdom,2010-07-27,2010-07-28,3,138.24,Hibernating,0,1,3,1,,,,False,Không đủ điều kiện chấm điểm
13384,United Kingdom,2010-07-27,2011-11-09,11,6668.08,Champions,1,4,5,5,0.191,398.195,460.0,True,Đã chấm điểm
13161,United Kingdom,2010-07-27,2011-01-30,2,472.13,Hibernating,0,2,2,2,,,,False,Không đủ điều kiện chấm điểm
15284,United Kingdom,2010-07-27,2010-07-27,1,24.75,Hibernating,0,1,1,1,,,,False,Không đủ điều kiện chấm điểm
12804,Netherlands,2010-07-27,2010-08-31,2,325.37,Hibernating,0,1,2,2,,,,False,Không đủ điều kiện chấm điểm
12547,Spain,2010-07-27,2011-05-26,3,299.58,At Risk,0,2,3,2,,,,False,Không đủ điều kiện chấm điểm
13435,United Kingdom,2010-07-27,2011-12-04,9,4447.33,Champions,1,5,5,5,0.165,297.362,851.0,False,Đã chấm điểm
17122,United Kingdom,2010-07-28,2011-08-12,4,570.5,Loyal,2,3,3,2,0.824,85.503,3023.0,False,Đã chấm điểm
15228,United Kingdom,2010-07-28,2011-10-04,6,5580.27,Loyal,2,3,4,5,0.405,532.304,240.0,True,Đã chấm điểm
14463,United Kingdom,2010-07-28,2011-09-02,4,786.57,Loyal,2,3,3,3,0.639,147.95,2255.0,False,Đã chấm điểm
15596,United Kingdom,2010-07-28,2011-08-31,9,2647.82,Loyal,2,3,5,4,0.656,89.556,2987.0,False,Đã chấm điểm
18207,United Kingdom,2010-07-28,2010-07-28,1,515.32,Hibernating,0,1,1,2,,,,False,Không đủ điều kiện chấm điểm
13796,United Kingdom,2010-07-28,2010-07-28,1,289.7,Hibernating,0,1,1,2,,,,False,Không đủ điều kiện chấm điểm
16278,United Kingdom,2010-07-28,2011-08-31,3,1066.54,Loyal,2,3,3,3,0.758,363.348,571.0,False,Đã chấm điểm
16937,United Kingdom,2010-07-28,2010-07-28,1,196.25,Hibernating,0,1,1,1,,,,False,Không đủ điều kiện chấm điểm
18264,United Kingdom,2010-07-29,2010-07-29,1,603.25,Hibernating,0,1,1,3,,,,False,Không đủ điều kiện chấm điểm
14833,United Kingdom,2010-07-29,2010-07-29,1,94.8,Hibernating,0,1,1,1,,,,False,Không đủ điều kiện chấm điểm
14901,United Kingdom,2010-07-29,2011-11-28,12,1916.45,Champions,1,5,5,4,0.294,199.139,1644.0,False,Đã chấm điểm
18075,United Kingdom,2010-07-29,2011-11-16,20,5709.74,Champions,1,4,5,5,0.198,117.14,2655.0,False,Đã chấm điểm
17168,United Kingdom,2010-07-29,2010-07-29,1,400.2,Hibernating,0,1,1,2,,,,False,Không đủ điều kiện chấm điểm
16045,United Kingdom,2010-07-29,2011-08-12,7,3187.03,Loyal,2,3,4,5,0.619,153.14,2186.0,False,Đã chấm điểm
12408,Belgium,2010-07-29,2011-11-07,8,3893.17,Champions,1,4,4,5,0.277,250.085,1172.0,False,Đã chấm điểm
13584,United Kingdom,2010-07-29,2011-02-06,2,361.4,Hibernating,0,2,2,2,,,,False,Không đủ điều kiện chấm điểm
15021,United Kingdom,2010-07-29,2011-12-01,12,2471.55,Champions,1,5,5,4,0.206,116.981,2660.0,False,Đã chấm điểm
14346,United Kingdom,2010-07-30,2011-08-11,5,2315.75,Loyal,2,3,4,4,0.657,370.953,544.0,False,Đã chấm điểm
16428,United Kingdom,2010-07-30,2010-10-22,3,638.49,At Risk,2,1,3,3,,,,False,Không đủ điều kiện chấm điểm
17109,United Kingdom,2010-07-30,2011-11-10,8,1291.71,Champions,3,4,4,4,0.451,153.376,2182.0,False,Đã chấm điểm
17735,United Kingdom,2010-07-30,2011-12-07,26,16740.33,Champions,1,5,5,5,0.049,193.281,1709.0,False,Đã chấm điểm
15459,United Kingdom,2010-07-30,2010-10-18,2,202.83,Hibernating,0,1,2,1,,,,False,Không đủ điều kiện chấm điểm
14455,United Kingdom,2010-08-01,2010-10-03,4,587.12,At Risk,2,1,3,2,,,,False,Không đủ điều kiện chấm điểm
13766,United Kingdom,2010-08-01,2010-08-01,1,190.35,Hibernating,0,1,1,1,,,,False,Không đủ điều kiện chấm điểm
13474,United Kingdom,2010-08-01,2011-04-17,3,646.59,At Risk,2,2,3,3,,,,False,Không đủ điều kiện chấm điểm
12862,United Kingdom,2010-08-01,2010-10-10,2,984.62,At Risk,2,1,2,3,,,,False,Không đủ điều kiện chấm điểm
13617,United Kingdom,2010-08-01,2011-10-30,8,1263.8,Champions,2,4,4,4,0.52,140.774,2336.0,False,Đã chấm điểm
15666,United Kingdom,2010-08-01,2010-08-24,2,632.94,At Risk,0,1,2,3,,,,False,Không đủ điều kiện chấm điểm
15200,United Kingdom,2010-08-02,2010-08-02,1,549.05,Hibernating,0,1,1,2,,,,False,Không đủ điều kiện chấm điểm
18277,United Kingdom,2010-08-02,2011-10-12,5,1167.3,Champions,2,4,4,3,0.733,80.935,3091.0,False,Đã chấm điểm
13090,United Kingdom,2010-08-02,2011-12-01,23,13076.74,Champions,1,5,5,5,0.11,264.568,1061.0,False,Đã chấm điểm
12907,United Kingdom,2010-08-02,2010-11-09,2,508.91,Hibernating,0,2,2,2,,,,False,Không đủ điều kiện chấm điểm
16060,United Kingdom,2010-08-02,2010-11-04,3,541.95,At Risk,0,2,3,2,,,,False,Không đủ điều kiện chấm điểm
16440,United Kingdom,2010-08-03,2011-12-02,6,3856.97,Champions,1,5,4,5,0.236,360.018,577.0,False,Đã chấm điểm
14001,United Kingdom,2010-08-03,2011-10-25,9,4228.85,Champions,1,4,5,5,0.595,400.025,456.0,True,Đã chấm điểm
18048,United Kingdom,2010-08-03,2011-05-20,3,394.93,At Risk,0,2,3,2,,,,False,Không đủ điều kiện chấm điểm
17665,United Kingdom,2010-08-03,2010-08-03,1,563.1,Hibernating,0,1,1,2,,,,False,Không đủ điều kiện chấm điểm
16880,United Kingdom,2010-08-03,2011-11-09,8,1813.21,Champions,1,4,4,4,0.271,191.537,1733.0,False,Đã chấm điểm
16316,United Kingdom,2010-08-03,2011-10-06,13,5650.66,Loyal,1,3,5,5,0.278,216.258,1488.0,False,Đã chấm điểm
14219,United Kingdom,2010-08-03,2011-12-05,3,633.83,Potential Loyalist,3,5,3,3,0.831,74.768,3152.0,False,Đã chấm điểm
15363,United Kingdom,2010-08-04,2010-12-02,2,678.11,At Risk,0,2,2,3,,,,False,Không đủ điều kiện chấm điểm
16417,United Kingdom,2010-08-04,2010-08-04,1,35.7,Hibernating,0,1,1,1,,,,False,Không đủ điều kiện chấm điểm
15387,United Kingdom,2010-08-04,2010-08-04,1,468.65,Hibernating,0,1,1,2,,,,False,Không đủ điều kiện chấm điểm
16334,United Kingdom,2010-08-04,2010-08-04,1,263.73,Hibernating,0,1,1,1,,,,False,Không đủ điều kiện chấm điểm
15587,United Kingdom,2010-08-05,2011-10-20,7,1522.08,Champions,2,4,4,4,0.491,175.865,1927.0,False,Đã chấm điểm
13084,United Kingdom,2010-08-05,2010-08-05,1,122.4,Hibernating,0,1,1,1,,,,False,Không đủ điều kiện chấm điểm
13155,United Kingdom,2010-08-05,2011-11-06,6,1370.48,Champions,3,4,4,4,0.52,209.257,1558.0,False,Đã chấm điểm
17156,United Kingdom,2010-08-05,2010-08-05,1,577.02,Hibernating,0,1,1,2,,,,False,Không đủ điều kiện chấm điểm
18079,United Kingdom,2010-08-05,2011-10-25,5,4203.93,Champions,2,4,4,5,0.323,438.946,372.0,True,Đã chấm điểm
15271,United Kingdom,2010-08-05,2011-12-02,24,4419.54,Champions,1,5,5,5,0.115,91.889,2967.0,False,Đã chấm điểm
14521,United Kingdom,2010-08-05,2010-08-05,1,199.45,Hibernating,0,1,1,1,,,,False,Không đủ điều kiện chấm điểm
13135,United Kingdom,2010-08-05,2011-05-27,2,3371.45,At Risk,2,2,2,5,,,,False,Không đủ điều kiện chấm điểm
13140,United Kingdom,2010-08-05,2011-08-23,5,1054.92,Loyal,2,3,4,3,0.769,157.546,2131.0,False,Đã chấm điểm
18154,United Kingdom,2010-08-06,2011-12-06,5,932.6,Champions,3,5,4,3,0.508,202.781,1616.0,False,Đã chấm điểm
17975,United Kingdom,2010-08-06,2011-11-24,24,6265.03,Champions,1,5,5,5,0.113,112.613,2738.0,False,Đã chấm điểm
16196,United Kingdom,2010-08-08,2010-08-08,1,93.3,Hibernating,0,1,1,1,,,,False,Không đủ điều kiện chấm điểm
17132,United Kingdom,2010-08-08,2010-09-13,2,1220.91,At Risk,2,1,2,4,,,,False,Không đủ điều kiện chấm điểm
14575,United Kingdom,2010-08-08,2010-08-08,1,420.22,Hibernating,0,1,1,2,,,,False,Không đủ điều kiện chấm điểm
17393,United Kingdom,2010-08-08,2010-10-25,2,381.15,Hibernating,0,1,2,2,,,,False,Không đủ điều kiện chấm điểm
15262,United Kingdom,2010-08-08,2011-01-20,3,418.82,At Risk,0,2,3,2,,,,False,Không đủ điều kiện chấm điểm
13653,United Kingdom,2010-08-09,2010-08-09,1,152.2,Hibernating,0,1,1,1,,,,False,Không đủ điều kiện chấm điểm
17732,United Kingdom,2010-08-09,2010-12-02,8,2166.42,At Risk,2,2,4,4,,,,False,Không đủ điều kiện chấm điểm
12458,Switzerland,2010-08-09,2011-09-29,4,1502.49,Loyal,2,3,3,4,0.731,311.151,773.0,False,Đã chấm điểm
15595,United Kingdom,2010-08-09,2010-08-09,1,357.6,Hibernating,0,1,1,2,,,,False,Không đủ điều kiện chấm điểm
14631,United Kingdom,2010-08-09,2011-10-20,6,2025.69,Champions,2,4,4,4,0.681,181.206,1856.0,False,Đã chấm điểm
14794,United Kingdom,2010-08-09,2011-12-07,10,1936.95,Champions,1,5,5,4,0.363,142.164,2318.0,False,Đã chấm điểm
17212,United Kingdom,2010-08-10,2011-03-31,3,794.41,At Risk,2,2,3,3,,,,False,Không đủ điều kiện chấm điểm
14022,United Kingdom,2010-08-10,2011-04-28,2,792.15,At Risk,2,2,2,3,,,,False,Không đủ điều kiện chấm điểm
14053,United Kingdom,2010-08-10,2011-08-07,4,572.3,Loyal,2,3,3,2,0.76,111.272,2756.0,False,Đã chấm điểm
13045,United Kingdom,2010-08-10,2011-09-01,3,808.92,Loyal,2,3,3,3,0.748,205.597,1589.0,False,Đã chấm điểm
14722,United Kingdom,2010-08-10,2011-07-15,3,489.52,Loyal,2,3,3,2,0.812,89.074,2989.0,False,Đã chấm điểm
16221,United Kingdom,2010-08-10,2011-11-03,9,2011.97,Champions,1,4,5,4,0.672,366.621,561.0,False,Đã chấm điểm
13839,United Kingdom,2010-08-10,2010-08-10,1,139.95,Hibernating,0,1,1,1,,,,False,Không đủ điều kiện chấm điểm
14144,United Kingdom,2010-08-10,2010-08-10,1,30.6,Hibernating,0,1,1,1,,,,False,Không đủ điều kiện chấm điểm
14913,United Kingdom,2010-08-11,2011-11-04,8,4073.13,Champions,1,4,4,5,0.663,198.279,1651.0,False,Đã chấm điểm
13717,United Kingdom,2010-08-11,2011-11-07,8,1750.55,Champions,2,4,4,4,0.364,154.258,2167.0,False,Đã chấm điểm
15837,United Kingdom,2010-08-11,2011-10-06,2,777.01,Loyal,3,3,2,3,0.745,291.986,886.0,False,Đã chấm điểm
13594,United Kingdom,2010-08-11,2011-10-18,2,533.32,Potential Loyalist,3,4,2,2,0.727,288.621,902.0,False,Đã chấm điểm
12771,Portugal,2010-08-11,2010-08-11,1,206.5,Hibernating,0,1,1,1,,,,False,Không đủ điều kiện chấm điểm
14700,United Kingdom,2010-08-11,2011-11-07,5,3076.06,Champions,2,4,4,5,0.46,380.353,513.0,False,Đã chấm điểm
14822,United Kingdom,2010-08-11,2010-08-11,1,157.7,Hibernating,0,1,1,1,,,,False,Không đủ điều kiện chấm điểm
17615,United Kingdom,2010-08-11,2011-08-01,6,721.8,Loyal,2,3,4,3,0.697,92.665,2957.0,False,Đã chấm điểm
14736,United Kingdom,2010-08-11,2010-08-11,2,374.05,Hibernating,0,1,2,2,,,,False,Không đủ điều kiện chấm điểm
15110,United Kingdom,2010-08-11,2011-11-16,6,1505.85,Champions,3,4,4,4,0.492,288.028,908.0,False,Đã chấm điểm
16033,United Kingdom,2010-08-11,2011-12-04,27,10515.81,Champions,1,5,5,5,0.022,57.339,3304.0,False,Đã chấm điểm
15652,United Kingdom,2010-08-11,2011-09-09,5,1397.44,Loyal,2,3,4,4,0.701,231.718,1343.0,False,Đã chấm điểm
16477,United Kingdom,2010-08-12,2011-10-07,11,4094.37,Loyal,1,3,5,5,0.442,243.673,1240.0,False,Đã chấm điểm
14630,United Kingdom,2010-08-12,2010-08-12,1,338.65,Hibernating,0,1,1,2,,,,False,Không đủ điều kiện chấm điểm
12959,United Kingdom,2010-08-12,2010-08-12,1,150.95,Hibernating,0,1,1,1,,,,False,Không đủ điều kiện chấm điểm
17639,United Kingdom,2010-08-13,2011-03-08,6,615.17,At Risk,2,2,4,3,,,,False,Không đủ điều kiện chấm điểm
14550,United Kingdom,2010-08-13,2011-11-29,4,1345.06,Champions,3,5,3,4,0.426,322.82,717.0,False,Đã chấm điểm
12676,Sweden,2010-08-13,2011-11-15,10,2333.09,Champions,1,4,5,4,0.459,98.343,2896.0,False,Đã chấm điểm
14153,United Kingdom,2010-08-13,2010-08-13,1,233.4,Hibernating,0,1,1,1,,,,False,Không đủ điều kiện chấm điểm
16345,United Kingdom,2010-08-13,2011-10-26,2,1178.79,Potential Loyalist,3,4,2,3,0.719,406.652,432.0,True,Đã chấm điểm
17300,United Kingdom,2010-08-15,2010-11-14,2,393.64,Hibernating,0,2,2,2,,,,False,Không đủ điều kiện chấm điểm
15893,United Kingdom,2010-08-15,2010-08-15,1,305.28,Hibernating,0,1,1,2,,,,False,Không đủ điều kiện chấm điểm
16043,United Kingdom,2010-08-15,2011-11-02,8,1856.59,Champions,2,4,4,4,0.577,98.019,2900.0,False,Đã chấm điểm
17248,United Kingdom,2010-08-15,2011-08-11,2,500.54,Need Attention,0,3,2,2,0.726,172.134,1965.0,False,Đã chấm điểm
16468,United Kingdom,2010-08-15,2011-09-26,3,787.52,Loyal,2,3,3,3,0.79,59.182,3287.0,False,Đã chấm điểm
14996,United Kingdom,2010-08-15,2010-08-15,2,442.29,Hibernating,0,1,2,2,,,,False,Không đủ điều kiện chấm điểm
14183,United Kingdom,2010-08-15,2010-10-24,2,278.34,Hibernating,0,1,2,1,,,,False,Không đủ điều kiện chấm điểm
17299,United Kingdom,2010-08-15,2011-11-28,6,993.23,Champions,3,5,4,3,0.489,166.191,2017.0,False,Đã chấm điểm
15050,United Kingdom,2010-08-16,2011-11-14,5,4032.27,Champions,1,4,4,5,0.376,631.956,165.0,True,Đã chấm điểm
12687,Sweden,2010-08-16,2010-08-16,1,1858.91,At Risk,2,1,1,4,,,,False,Không đủ điều kiện chấm điểm
13063,United Kingdom,2010-08-16,2010-08-16,1,188.4,Hibernating,0,1,1,1,,,,False,Không đủ điều kiện chấm điểm
14379,United Kingdom,2010-08-16,2011-10-26,4,1265.16,Champions,3,4,3,4,0.755,179.119,1889.0,False,Đã chấm điểm
13945,United Kingdom,2010-08-17,2010-11-10,2,854.15,At Risk,0,2,2,3,,,,False,Không đủ điều kiện chấm điểm
14531,United Kingdom,2010-08-17,2010-08-17,1,376.34,Hibernating,0,1,1,2,,,,False,Không đủ điều kiện chấm điểm
17430,United Kingdom,2010-08-17,2011-11-07,4,622.57,Potential Loyalist,3,4,3,3,0.759,116.228,2671.0,False,Đã chấm điểm
14749,United Kingdom,2010-08-17,2010-08-17,1,310.15,Hibernating,0,1,1,2,,,,False,Không đủ điều kiện chấm điểm
17513,United Kingdom,2010-08-17,2011-09-28,3,1158.8,Loyal,2,3,3,3,0.77,394.98,468.0,True,Đã chấm điểm
15072,United Kingdom,2010-08-17,2010-08-17,1,187.52,Hibernating,0,1,1,1,,,,False,Không đủ điều kiện chấm điểm
13320,United Kingdom,2010-08-18,2011-09-22,6,2160.45,Loyal,2,3,4,4,0.367,228.881,1367.0,False,Đã chấm điểm
17627,United Kingdom,2010-08-18,2010-08-18,1,296.36,Hibernating,0,1,1,2,,,,False,Không đủ điều kiện chấm điểm
15310,United Kingdom,2010-08-18,2010-08-18,1,1634.64,At Risk,0,1,1,4,,,,False,Không đủ điều kiện chấm điểm
17792,United Kingdom,2010-08-18,2010-08-29,2,368.35,Hibernating,0,1,2,2,,,,False,Không đủ điều kiện chấm điểm
16675,United Kingdom,2010-08-18,2010-09-24,2,608.86,At Risk,0,1,2,3,,,,False,Không đủ điều kiện chấm điểm
16638,United Kingdom,2010-08-18,2011-11-17,15,2380.13,Champions,1,4,5,4,0.449,113.35,2728.0,False,Đã chấm điểm
15764,United Kingdom,2010-08-18,2011-09-12,8,4503.08,Loyal,2,3,4,5,0.36,378.073,522.0,False,Đã chấm điểm
17585,United Kingdom,2010-08-18,2011-08-22,7,2064.71,Loyal,2,3,4,4,0.595,141.673,2323.0,False,Đã chấm điểm
15154,United Kingdom,2010-08-18,2011-09-25,3,1314.17,Loyal,2,3,3,4,0.72,161.793,2076.0,False,Đã chấm điểm
15506,United Kingdom,2010-08-19,2011-11-17,6,2030.33,Champions,3,4,4,4,0.481,302.534,824.0,False,Đã chấm điểm
17599,United Kingdom,2010-08-19,2010-08-19,1,52.05,Hibernating,0,1,1,1,,,,False,Không đủ điều kiện chấm điểm
12851,United Kingdom,2010-08-19,2011-09-04,2,280.76,Need Attention,0,3,2,2,0.766,93.685,2945.0,False,Đã chấm điểm
16919,United Kingdom,2010-08-19,2011-07-06,24,4840.71,Loyal,1,3,5,5,0.594,440.247,367.0,True,Đã chấm điểm
13479,United Kingdom,2010-08-19,2011-05-23,4,814.42,At Risk,2,2,3,3,,,,False,Không đủ điều kiện chấm điểm
18191,United Kingdom,2010-08-19,2011-03-23,2,529.4,Hibernating,0,2,2,2,,,,False,Không đủ điều kiện chấm điểm
16299,United Kingdom,2010-08-19,2010-08-19,1,178.65,Hibernating,0,1,1,1,,,,False,Không đủ điều kiện chấm điểm
12519,Germany,2010-08-20,2011-10-07,2,596.84,Loyal,3,3,2,3,0.747,206.907,1577.0,False,Đã chấm điểm
12433,Norway,2010-08-20,2011-12-09,10,16794.14,Champions,1,5,5,5,0.233,2187.17,12.0,True,Đã chấm điểm
16562,United Kingdom,2010-08-20,2010-08-20,1,223.86,Hibernating,0,1,1,1,,,,False,Không đủ điều kiện chấm điểm
16294,United Kingdom,2010-08-20,2010-08-20,1,126.05,Hibernating,0,1,1,1,,,,False,Không đủ điều kiện chấm điểm
12865,Austria,2010-08-20,2011-11-13,4,3303.31,Champions,3,4,3,5,0.488,555.148,225.0,True,Đã chấm điểm
15322,United Kingdom,2010-08-20,2011-09-15,2,1323.3,Loyal,2,3,2,4,0.775,474.381,310.0,True,Đã chấm điểm
14243,United Kingdom,2010-08-20,2011-12-01,17,7191.25,Champions,1,5,5,5,0.264,138.802,2364.0,False,Đã chấm điểm
16396,United Kingdom,2010-08-20,2010-08-20,1,130.0,Hibernating,0,1,1,1,,,,False,Không đủ điều kiện chấm điểm
15702,Nigeria,2010-08-20,2010-08-20,1,112.57,Hibernating,0,1,1,1,,,,False,Không đủ điều kiện chấm điểm
15855,United Kingdom,2010-08-20,2011-07-26,6,1052.72,Loyal,2,3,4,3,0.616,149.625,2231.0,False,Đã chấm điểm
17471,United Kingdom,2010-08-22,2010-08-22,1,321.65,Hibernating,0,1,1,2,,,,False,Không đủ điều kiện chấm điểm
12450,Spain,2010-08-22,2011-07-06,5,673.35,Loyal,2,3,4,3,0.763,78.076,3113.0,False,Đã chấm điểm
17689,United Kingdom,2010-08-22,2010-11-16,2,317.08,Hibernating,0,2,2,2,,,,False,Không đủ điều kiện chấm điểm
14767,United Kingdom,2010-08-22,2010-08-22,1,382.81,Hibernating,0,1,1,2,,,,False,Không đủ điều kiện chấm điểm
16770,United Kingdom,2010-08-22,2011-10-13,9,1728.53,Champions,2,4,5,4,0.753,65.598,3229.0,False,Đã chấm điểm
14565,United Kingdom,2010-08-23,2011-09-05,5,3694.37,Loyal,2,3,4,5,0.458,353.844,595.0,False,Đã chấm điểm
18140,West Indies,2010-08-23,2010-08-23,1,536.41,Hibernating,0,1,1,2,,,,False,Không đủ điều kiện chấm điểm
15683,United Kingdom,2010-08-23,2011-08-14,2,524.54,Need Attention,0,3,2,2,0.788,116.414,2665.0,False,Đã chấm điểm
14187,United Kingdom,2010-08-23,2010-08-23,1,123.5,Hibernating,0,1,1,1,,,,False,Không đủ điều kiện chấm điểm
14321,United Kingdom,2010-08-23,2011-11-29,7,2207.08,Champions,1,5,4,4,0.421,257.608,1119.0,False,Đã chấm điểm
13452,United Kingdom,2010-08-24,2011-03-25,3,729.8,At Risk,2,2,3,3,,,,False,Không đủ điều kiện chấm điểm
16314,United Kingdom,2010-08-24,2010-11-15,3,1491.4,At Risk,2,2,3,4,,,,False,Không đủ điều kiện chấm điểm
17649,United Kingdom,2010-08-24,2011-07-24,3,1549.19,Loyal,2,3,3,4,0.712,400.321,455.0,True,Đã chấm điểm
14342,United Kingdom,2010-08-24,2011-11-18,6,903.59,Champions,3,4,4,3,0.492,140.3,2342.0,False,Đã chấm điểm
17336,United Kingdom,2010-08-24,2010-08-24,1,81.12,Hibernating,0,1,1,1,,,,False,Không đủ điều kiện chấm điểm
18124,United Kingdom,2010-08-24,2010-08-24,1,102.65,Hibernating,0,1,1,1,,,,False,Không đủ điều kiện chấm điểm
12721,France,2010-08-25,2011-11-08,8,3595.28,Champions,1,4,4,5,0.336,210.059,1548.0,False,Đã chấm điểm
14229,United Kingdom,2010-08-25,2011-10-19,7,2564.04,Champions,2,4,4,4,0.713,559.941,220.0,True,Đã chấm điểm
13548,United Kingdom,2010-08-25,2011-09-04,3,901.44,Loyal,2,3,3,3,0.634,158.709,2116.0,False,Đã chấm điểm
14787,United Kingdom,2010-08-25,2010-08-25,1,110.65,Hibernating,0,1,1,1,,,,False,Không đủ điều kiện chấm điểm
16448,United Kingdom,2010-08-25,2011-05-25,2,361.12,Hibernating,0,2,2,2,,,,False,Không đủ điều kiện chấm điểm
14268,United Kingdom,2010-08-26,2010-08-26,1,354.85,Hibernating,0,1,1,2,,,,False,Không đủ điều kiện chấm điểm
16235,United Kingdom,2010-08-26,2011-10-30,8,2026.71,Champions,2,4,4,4,0.661,163.187,2056.0,False,Đã chấm điểm
14075,United Kingdom,2010-08-26,2011-12-05,5,1724.87,Champions,3,5,4,4,0.553,178.974,1891.0,False,Đã chấm điểm
16375,United Kingdom,2010-08-26,2010-08-26,2,104.0,Hibernating,0,1,2,1,,,,False,Không đủ điều kiện chấm điểm
14482,United Kingdom,2010-08-26,2011-11-21,12,4179.22,Champions,1,5,5,5,0.261,197.849,1655.0,False,Đã chấm điểm
16288,United Kingdom,2010-08-26,2010-08-26,1,129.85,Hibernating,0,1,1,1,,,,False,Không đủ điều kiện chấm điểm
14544,United Kingdom,2010-08-26,2011-11-15,3,2938.53,Champions,3,4,3,5,0.708,638.795,164.0,True,Đã chấm điểm
13884,United Kingdom,2010-08-26,2011-12-02,10,1795.23,Champions,1,5,5,4,0.541,319.628,730.0,False,Đã chấm điểm
14499,United Kingdom,2010-08-27,2011-11-13,7,2090.09,Champions,1,4,4,4,0.585,269.238,1024.0,False,Đã chấm điểm
16421,United Kingdom,2010-08-27,2010-11-28,3,526.27,At Risk,0,2,3,2,,,,False,Không đủ điều kiện chấm điểm
16870,United Kingdom,2010-08-27,2010-08-27,1,450.16,Hibernating,0,1,1,2,,,,False,Không đủ điều kiện chấm điểm
17894,United Kingdom,2010-08-27,2011-09-29,18,2258.4,Loyal,1,3,5,4,0.675,157.844,2126.0,False,Đã chấm điểm
15936,United Kingdom,2010-08-29,2010-11-25,2,282.79,Hibernating,0,2,2,2,,,,False,Không đủ điều kiện chấm điểm
15074,United Kingdom,2010-08-29,2011-08-26,3,1553.13,Loyal,2,3,3,4,0.71,443.347,363.0,True,Đã chấm điểm
15166,United Kingdom,2010-08-29,2010-08-29,1,167.16,Hibernating,0,1,1,1,,,,False,Không đủ điều kiện chấm điểm
13922,United Kingdom,2010-08-29,2010-12-23,3,834.6,At Risk,2,2,3,3,,,,False,Không đủ điều kiện chấm điểm
17384,United Kingdom,2010-08-29,2011-11-20,3,507.55,Potential Loyalist,3,4,3,2,0.672,92.487,2959.0,False,Đã chấm điểm
12423,Belgium,2010-08-31,2011-12-09,10,2291.19,Champions,1,5,5,4,0.391,167.203,2002.0,False,Đã chấm điểm
14885,United Kingdom,2010-08-31,2011-07-31,3,1496.12,Loyal,2,3,3,4,0.687,358.281,580.0,False,Đã chấm điểm
14433,United Kingdom,2010-08-31,2010-08-31,1,280.7,Hibernating,0,1,1,2,,,,False,Không đủ điều kiện chấm điểm
17126,United Kingdom,2010-08-31,2011-07-10,9,1996.03,Loyal,2,3,5,4,0.737,211.381,1531.0,False,Đã chấm điểm
13714,United Kingdom,2010-08-31,2010-08-31,1,161.35,Hibernating,0,1,1,1,,,,False,Không đủ điều kiện chấm điểm
12651,France,2010-08-31,2011-01-09,4,377.75,At Risk,0,2,3,2,,,,False,Không đủ điều kiện chấm điểm
12573,France,2010-08-31,2011-04-26,5,717.41,At Risk,2,2,4,3,,,,False,Không đủ điều kiện chấm điểm
16819,United Kingdom,2010-08-31,2010-08-31,2,182.59,Hibernating,0,1,2,1,,,,False,Không đủ điều kiện chấm điểm
12761,Netherlands,2010-09-01,2010-09-01,1,712.95,Hibernating,0,1,1,3,,,,False,Không đủ điều kiện chấm điểm
17215,United Kingdom,2010-09-01,2010-09-01,1,186.15,Hibernating,0,1,1,1,,,,False,Không đủ điều kiện chấm điểm
15574,United Kingdom,2010-09-01,2011-06-15,6,1101.44,Loyal,2,3,4,3,0.822,46.582,3362.0,False,Đã chấm điểm
15677,United Kingdom,2010-09-02,2011-10-21,3,1305.63,Champions,3,4,3,4,0.711,467.253,322.0,True,Đã chấm điểm
16065,United Kingdom,2010-09-02,2010-12-09,8,1966.63,At Risk,2,2,4,4,,,,False,Không đủ điều kiện chấm điểm
18182,United Kingdom,2010-09-02,2010-09-02,1,291.13,Hibernating,0,1,1,2,,,,False,Không đủ điều kiện chấm điểm
12831,United Kingdom,2010-09-02,2011-03-22,3,451.11,At Risk,0,2,3,2,,,,False,Không đủ điều kiện chấm điểm
14908,United Kingdom,2010-09-02,2011-09-26,2,381.9,Need Attention,3,3,2,2,0.764,212.328,1526.0,False,Đã chấm điểm
13992,United Kingdom,2010-09-02,2011-11-09,3,219.5,Potential Loyalist,3,4,3,1,0.798,61.277,3268.0,False,Đã chấm điểm
15424,United Kingdom,2010-09-02,2011-03-30,3,597.78,At Risk,2,2,3,3,,,,False,Không đủ điều kiện chấm điểm
16872,United Kingdom,2010-09-02,2011-09-23,6,1213.13,Loyal,2,3,4,4,0.567,187.519,1773.0,False,Đã chấm điểm
16239,United Kingdom,2010-09-02,2011-10-14,6,1452.6,Champions,2,4,4,4,0.648,115.023,2695.0,False,Đã chấm điểm
12808,Portugal,2010-09-03,2011-11-03,5,748.7,Champions,3,4,4,3,0.634,109.335,2772.0,False,Đã chấm điểm
14086,United Kingdom,2010-09-03,2010-09-03,1,39.95,Hibernating,0,1,1,1,,,,False,Không đủ điều kiện chấm điểm
16100,United Kingdom,2010-09-03,2010-09-03,1,582.64,Hibernating,0,1,1,2,,,,False,Không đủ điều kiện chấm điểm
14009,United Kingdom,2010-09-03,2011-05-25,3,1099.91,At Risk,2,2,3,3,,,,False,Không đủ điều kiện chấm điểm
15092,United Kingdom,2010-09-03,2011-05-08,3,776.46,At Risk,2,2,3,3,,,,False,Không đủ điều kiện chấm điểm
16289,United Kingdom,2010-09-03,2010-09-03,1,136.31,Hibernating,0,1,1,1,,,,False,Không đủ điều kiện chấm điểm
14163,United Kingdom,2010-09-03,2011-09-13,5,2594.62,Loyal,2,3,4,4,0.303,277.786,984.0,False,Đã chấm điểm
14753,United Kingdom,2010-09-05,2011-09-13,2,869.51,Loyal,2,3,2,3,0.739,416.196,411.0,True,Đã chấm điểm
13809,Cyprus,2010-09-05,2011-02-07,3,679.7,At Risk,2,2,3,3,,,,False,Không đủ điều kiện chấm điểm
13506,United Kingdom,2010-09-05,2011-01-27,5,1320.18,At Risk,2,2,4,4,,,,False,Không đủ điều kiện chấm điểm
13032,United Kingdom,2010-09-05,2011-10-18,9,2815.96,Champions,1,4,5,4,0.488,492.781,284.0,True,Đã chấm điểm
14318,United Kingdom,2010-09-05,2010-09-05,1,158.02,Hibernating,0,1,1,1,,,,False,Không đủ điều kiện chấm điểm
13785,United Kingdom,2010-09-05,2010-10-07,4,542.49,At Risk,2,1,3,2,,,,False,Không đủ điều kiện chấm điểm
15543,United Kingdom,2010-09-06,2011-02-24,2,242.26,Hibernating,0,2,2,1,,,,False,Không đủ điều kiện chấm điểm
13133,United Kingdom,2010-09-06,2011-03-11,3,200.45,Hibernating,0,2,3,1,,,,False,Không đủ điều kiện chấm điểm
12859,United Kingdom,2010-09-07,2010-09-07,1,575.1,Hibernating,0,1,1,2,,,,False,Không đủ điều kiện chấm điểm
16832,United Kingdom,2010-09-07,2011-06-08,5,417.61,Loyal,2,3,4,2,,,,False,Không đủ điều kiện chấm điểm
14968,United Kingdom,2010-09-07,2011-11-09,2,497.49,Potential Loyalist,3,4,2,2,0.762,112.501,2740.0,False,Đã chấm điểm
12605,Germany,2010-09-07,2010-11-28,3,1124.95,At Risk,2,2,3,3,,,,False,Không đủ điều kiện chấm điểm
12819,United Kingdom,2010-09-07,2010-09-07,1,540.52,Hibernating,0,1,1,2,,,,False,Không đủ điều kiện chấm điểm
13683,United Kingdom,2010-09-08,2010-09-08,1,258.6,Hibernating,0,1,1,1,,,,False,Không đủ điều kiện chấm điểm
13076,United Kingdom,2010-09-08,2010-09-08,1,135.4,Hibernating,0,1,1,1,,,,False,Không đủ điều kiện chấm điểm
12777,United Kingdom,2010-09-08,2010-09-08,1,519.45,Hibernating,0,1,1,2,,,,False,Không đủ điều kiện chấm điểm
15752,United Kingdom,2010-09-08,2011-10-31,9,3924.91,Champions,1,4,5,5,0.268,191.903,1728.0,False,Đã chấm điểm
13005,United Kingdom,2010-09-08,2011-06-19,4,920.08,Loyal,2,3,3,3,0.634,109.461,2769.0,False,Đã chấm điểm
12635,Germany,2010-09-09,2011-09-11,4,2624.41,Loyal,2,3,3,4,0.49,429.481,394.0,True,Đã chấm điểm
16972,United Kingdom,2010-09-09,2010-11-22,2,749.0,At Risk,0,2,2,3,,,,False,Không đủ điều kiện chấm điểm
12770,Japan,2010-09-09,2011-05-13,2,3042.45,At Risk,2,2,2,5,,,,False,Không đủ điều kiện chấm điểm
14688,United Kingdom,2010-09-09,2011-12-02,28,7068.17,Champions,1,5,5,5,0.032,41.22,3387.0,False,Đã chấm điểm
13046,United Kingdom,2010-09-09,2011-11-09,3,949.25,Potential Loyalist,3,4,3,3,0.613,130.071,2494.0,False,Đã chấm điểm
12460,Belgium,2010-09-09,2010-09-09,1,296.65,Hibernating,0,1,1,2,,,,False,Không đủ điều kiện chấm điểm
17456,United Kingdom,2010-09-09,2010-12-09,2,975.56,At Risk,2,2,2,3,,,,False,Không đủ điều kiện chấm điểm
18255,United Kingdom,2010-09-09,2011-09-11,2,303.15,Need Attention,0,3,2,2,0.756,78.121,3112.0,False,Đã chấm điểm
16095,United Kingdom,2010-09-09,2010-09-09,1,447.05,Hibernating,0,1,1,2,,,,False,Không đủ điều kiện chấm điểm
17762,United Kingdom,2010-09-09,2010-09-09,1,129.75,Hibernating,0,1,1,1,,,,False,Không đủ điều kiện chấm điểm
14444,United Kingdom,2010-09-09,2010-09-09,1,120.44,Hibernating,0,1,1,1,,,,False,Không đủ điều kiện chấm điểm
17473,United Kingdom,2010-09-09,2010-10-27,2,592.15,Hibernating,0,2,2,2,,,,False,Không đủ điều kiện chấm điểm
17366,United Kingdom,2010-09-09,2010-10-03,2,1075.59,At Risk,2,1,2,3,,,,False,Không đủ điều kiện chấm điểm
12760,Netherlands,2010-09-10,2010-09-10,1,317.8,Hibernating,0,1,1,2,,,,False,Không đủ điều kiện chấm điểm
17369,United Kingdom,2010-09-10,2010-09-10,1,979.2,Hibernating,0,1,1,3,,,,False,Không đủ điều kiện chấm điểm
14708,United Kingdom,2010-09-10,2011-12-07,5,1763.52,Champions,3,5,4,4,0.644,264.635,1060.0,False,Đã chấm điểm
14445,United Kingdom,2010-09-10,2010-09-10,1,221.65,Hibernating,0,1,1,1,,,,False,Không đủ điều kiện chấm điểm
14635,United Kingdom,2010-09-12,2010-09-12,1,215.22,Hibernating,0,1,1,1,,,,False,Không đủ điều kiện chấm điểm
15992,United Kingdom,2010-09-12,2011-12-06,3,896.6,Potential Loyalist,3,5,3,3,0.829,34.814,3405.0,False,Đã chấm điểm
16042,United Kingdom,2010-09-12,2011-11-17,8,2228.32,Champions,1,4,4,4,0.369,353.964,594.0,False,Đã chấm điểm
16799,United Kingdom,2010-09-12,2010-10-03,2,452.78,Hibernating,0,1,2,2,,,,False,Không đủ điều kiện chấm điểm
15006,United Kingdom,2010-09-12,2011-10-19,2,752.83,Potential Loyalist,3,4,2,3,0.702,333.899,672.0,False,Đã chấm điểm
15406,United Kingdom,2010-09-12,2011-11-08,4,955.97,Potential Loyalist,3,4,3,3,0.743,192.097,1721.0,False,Đã chấm điểm
17383,United Kingdom,2010-09-12,2011-12-05,2,304.09,Potential Loyalist,3,5,2,2,0.682,131.901,2455.0,False,Đã chấm điểm
17728,United Kingdom,2010-09-12,2011-12-06,5,4238.76,Champions,1,5,4,5,0.343,987.043,67.0,True,Đã chấm điểm
17308,United Kingdom,2010-09-13,2010-11-11,2,4511.76,At Risk,2,2,2,5,,,,False,Không đủ điều kiện chấm điểm
13440,United Kingdom,2010-09-14,2010-10-12,7,1280.4,At Risk,2,1,4,4,,,,False,Không đủ điều kiện chấm điểm
13537,United Kingdom,2010-09-14,2010-10-10,2,717.85,At Risk,0,1,2,3,,,,False,Không đủ điều kiện chấm điểm
17616,United Kingdom,2010-09-14,2011-06-19,4,734.4,Loyal,2,3,3,3,0.714,61.68,3266.0,False,Đã chấm điểm
15107,United Kingdom,2010-09-14,2011-02-01,9,773.35,At Risk,2,2,5,3,,,,False,Không đủ điều kiện chấm điểm
13312,United Kingdom,2010-09-14,2010-09-14,1,124.75,Hibernating,0,1,1,1,,,,False,Không đủ điều kiện chấm điểm
14363,United Kingdom,2010-09-14,2010-11-02,2,227.47,Hibernating,0,2,2,1,,,,False,Không đủ điều kiện chấm điểm
17149,United Kingdom,2010-09-14,2010-09-14,1,143.1,Hibernating,0,1,1,1,,,,False,Không đủ điều kiện chấm điểm
16690,United Kingdom,2010-09-14,2011-09-28,4,336.08,Loyal,3,3,3,2,0.699,64.966,3239.0,False,Đã chấm điểm
18136,United Kingdom,2010-09-14,2011-10-07,5,1541.66,Loyal,2,3,4,4,0.655,131.456,2470.0,False,Đã chấm điểm
14381,United Kingdom,2010-09-14,2011-10-18,2,625.94,Potential Loyalist,3,4,2,3,0.723,146.542,2272.0,False,Đã chấm điểm
14231,United Kingdom,2010-09-15,2011-06-09,4,1137.87,Loyal,2,3,3,3,,,,False,Không đủ điều kiện chấm điểm
15966,United Kingdom,2010-09-15,2010-09-15,1,411.68,Hibernating,0,1,1,2,,,,False,Không đủ điều kiện chấm điểm
15906,United Kingdom,2010-09-15,2011-11-20,10,2474.34,Champions,1,4,5,4,0.338,186.171,1786.0,False,Đã chấm điểm
13784,United Kingdom,2010-09-15,2011-11-30,14,2910.23,Champions,1,5,5,5,0.2,167.401,2000.0,False,Đã chấm điểm
17403,United Kingdom,2010-09-15,2011-11-03,2,382.87,Potential Loyalist,3,4,2,2,0.735,194.073,1700.0,False,Đã chấm điểm
16005,United Kingdom,2010-09-15,2011-11-27,10,2365.07,Champions,1,5,5,4,0.648,135.034,2409.0,False,Đã chấm điểm
16522,United Kingdom,2010-09-15,2010-09-30,2,433.36,Hibernating,0,1,2,2,,,,False,Không đủ điều kiện chấm điểm
15685,United Kingdom,2010-09-15,2010-09-15,1,55.98,Hibernating,0,1,1,1,,,,False,Không đủ điều kiện chấm điểm
16080,United Kingdom,2010-09-15,2011-09-19,4,517.45,Loyal,2,3,3,2,0.772,67.119,3216.0,False,Đã chấm điểm
16979,United Kingdom,2010-09-15,2011-12-06,9,2787.09,Champions,1,5,5,4,0.269,240.921,1263.0,False,Đã chấm điểm
16589,United Kingdom,2010-09-15,2011-09-29,4,612.36,Loyal,2,3,3,3,0.571,145.612,2283.0,False,Đã chấm điểm
15301,United Kingdom,2010-09-15,2011-10-20,17,6824.87,Champions,1,4,5,5,0.093,134.409,2419.0,False,Đã chấm điểm
17392,United Kingdom,2010-09-15,2011-02-06,3,579.92,At Risk,2,2,3,2,,,,False,Không đủ điều kiện chấm điểm
13374,United Kingdom,2010-09-16,2010-10-21,2,372.8,Hibernating,0,1,2,2,,,,False,Không đủ điều kiện chấm điểm
13424,United Kingdom,2010-09-16,2010-09-16,1,557.92,Hibernating,0,1,1,2,,,,False,Không đủ điều kiện chấm điểm
16646,United Kingdom,2010-09-16,2010-09-16,1,678.8,Hibernating,0,1,1,3,,,,False,Không đủ điều kiện chấm điểm
15962,United Kingdom,2010-09-16,2010-09-16,1,289.48,Hibernating,0,1,1,2,,,,False,Không đủ điều kiện chấm điểm
15341,United Kingdom,2010-09-16,2011-09-20,2,2402.72,Loyal,2,3,2,4,0.742,1498.95,22.0,True,Đã chấm điểm
15748,United Kingdom,2010-09-16,2011-10-30,3,609.81,Potential Loyalist,3,4,3,3,0.766,110.553,2762.0,False,Đã chấm điểm
15535,United Kingdom,2010-09-16,2011-06-19,6,1031.62,Loyal,2,3,4,3,0.711,65.885,3227.0,False,Đã chấm điểm
13398,United Kingdom,2010-09-17,2011-05-31,2,670.34,At Risk,0,2,2,3,,,,False,Không đủ điều kiện chấm điểm
16146,United Kingdom,2010-09-17,2011-07-05,4,946.38,Loyal,2,3,3,3,0.647,183.413,1824.0,False,Đã chấm điểm
16371,United Kingdom,2010-09-17,2010-09-17,1,157.2,Hibernating,0,1,1,1,,,,False,Không đủ điều kiện chấm điểm
12554,Spain,2010-09-17,2010-09-17,1,384.5,Hibernating,0,1,1,2,,,,False,Không đủ điều kiện chấm điểm
17765,United Kingdom,2010-09-17,2011-07-04,4,524.0,Loyal,2,3,3,2,0.666,85.681,3022.0,False,Đã chấm điểm
15026,United Kingdom,2010-09-17,2011-09-20,5,1044.09,Loyal,2,3,4,3,0.692,91.833,2968.0,False,Đã chấm điểm
12425,Portugal,2010-09-17,2011-09-22,2,1680.81,Loyal,2,3,2,4,0.751,583.459,201.0,True,Đã chấm điểm
17743,United Kingdom,2010-09-17,2010-09-17,1,229.2,Hibernating,0,1,1,1,,,,False,Không đủ điều kiện chấm điểm
15876,United Kingdom,2010-09-17,2010-10-26,2,1449.14,At Risk,2,1,2,4,,,,False,Không đủ điều kiện chấm điểm
12543,Spain,2010-09-17,2010-09-17,1,840.25,Hibernating,0,1,1,3,,,,False,Không đủ điều kiện chấm điểm
18089,United Kingdom,2010-09-19,2010-09-19,1,428.45,Hibernating,0,1,1,2,,,,False,Không đủ điều kiện chấm điểm
16983,United Kingdom,2010-09-19,2011-11-27,11,3490.53,Champions,1,5,5,5,0.355,226.328,1389.0,False,Đã chấm điểm
13701,United Kingdom,2010-09-19,2010-09-19,1,161.0,Hibernating,0,1,1,1,,,,False,Không đủ điều kiện chấm điểm
13554,United Kingdom,2010-09-19,2010-11-24,7,1562.61,At Risk,2,2,4,4,,,,False,Không đủ điều kiện chấm điểm
13067,United Kingdom,2010-09-19,2011-09-18,3,508.51,Loyal,3,3,3,2,0.729,84.196,3043.0,False,Đã chấm điểm
15519,United Kingdom,2010-09-19,2010-11-21,2,344.61,Hibernating,0,2,2,2,,,,False,Không đủ điều kiện chấm điểm
14776,United Kingdom,2010-09-19,2011-10-19,13,2838.48,Champions,1,4,5,4,0.193,96.878,2911.0,False,Đã chấm điểm
17255,United Kingdom,2010-09-19,2011-10-30,4,781.7,Potential Loyalist,3,4,3,3,0.742,135.871,2400.0,False,Đã chấm điểm
16264,United Kingdom,2010-09-19,2010-09-27,2,823.53,At Risk,0,1,2,3,,,,False,Không đủ điều kiện chấm điểm
15870,United Kingdom,2010-09-19,2011-11-07,4,857.46,Potential Loyalist,3,4,3,3,0.727,255.67,1136.0,False,Đã chấm điểm
15599,United Kingdom,2010-09-20,2011-11-13,3,1250.06,Champions,3,4,3,4,0.688,230.077,1353.0,False,Đã chấm điểm
15462,United Kingdom,2010-09-20,2011-09-06,4,737.05,Loyal,2,3,3,3,0.709,79.653,3106.0,False,Đã chấm điểm
17811,United Kingdom,2010-09-20,2011-12-05,47,9152.55,Champions,1,5,5,5,0.022,32.96,3412.0,False,Đã chấm điểm
13702,United Kingdom,2010-09-20,2010-09-20,1,135.18,Hibernating,0,1,1,1,,,,False,Không đủ điều kiện chấm điểm
14212,United Kingdom,2010-09-20,2011-09-11,2,2190.14,Loyal,2,3,2,4,0.753,805.848,98.0,True,Đã chấm điểm
17055,United Kingdom,2010-09-20,2010-09-20,1,232.85,Hibernating,0,1,1,1,,,,False,Không đủ điều kiện chấm điểm
12850,United Kingdom,2010-09-20,2010-09-20,1,330.0,Hibernating,0,1,1,2,,,,False,Không đủ điều kiện chấm điểm
17167,United Kingdom,2010-09-20,2010-11-25,3,867.11,At Risk,2,2,3,3,,,,False,Không đủ điều kiện chấm điểm
14668,United Kingdom,2010-09-20,2010-09-20,1,111.63,Hibernating,0,1,1,1,,,,False,Không đủ điều kiện chấm điểm
17834,United Kingdom,2010-09-20,2010-10-21,2,689.67,At Risk,0,1,2,3,,,,False,Không đủ điều kiện chấm điểm
13375,United Kingdom,2010-09-21,2011-09-12,2,1792.23,Loyal,2,3,2,4,0.75,584.225,199.0,True,Đã chấm điểm
15473,United Kingdom,2010-09-21,2011-11-25,4,1434.0,Champions,3,5,3,4,0.379,478.261,300.0,True,Đã chấm điểm
13689,United Kingdom,2010-09-21,2011-10-07,2,1259.5,Loyal,3,3,2,4,0.751,683.288,138.0,True,Đã chấm điểm
16465,United Kingdom,2010-09-21,2010-10-15,2,746.24,At Risk,0,1,2,3,,,,False,Không đủ điều kiện chấm điểm
14716,United Kingdom,2010-09-21,2011-10-27,3,543.28,Potential Loyalist,3,4,3,2,0.62,115.141,2693.0,False,Đã chấm điểm
17480,United Kingdom,2010-09-21,2011-09-23,2,882.23,Loyal,3,3,2,3,0.755,386.374,496.0,True,Đã chấm điểm
12751,Brazil,2010-09-21,2010-09-21,1,268.27,Hibernating,0,1,1,1,,,,False,Không đủ điều kiện chấm điểm
15041,United Kingdom,2010-09-21,2011-06-22,2,288.98,Need Attention,0,3,2,2,0.716,67.852,3206.0,False,Đã chấm điểm
14169,United Kingdom,2010-09-21,2010-10-05,2,613.11,At Risk,0,1,2,3,,,,False,Không đủ điều kiện chấm điểm
14761,United Kingdom,2010-09-21,2011-10-12,3,447.92,Potential Loyalist,3,4,3,2,0.759,120.273,2612.0,False,Đã chấm điểm
16998,United Kingdom,2010-09-21,2011-07-13,4,394.5,Loyal,2,3,3,2,0.728,63.091,3256.0,False,Đã chấm điểm
15728,United Kingdom,2010-09-21,2010-11-25,2,544.6,Hibernating,0,2,2,2,,,,False,Không đủ điều kiện chấm điểm
14126,United Kingdom,2010-09-21,2011-11-29,3,1047.46,Potential Loyalist,3,5,3,3,0.624,362.905,573.0,False,Đã chấm điểm
14866,United Kingdom,2010-09-21,2011-11-29,17,20521.48,Champions,1,5,5,5,0.111,992.028,65.0,True,Đã chấm điểm
17161,United Kingdom,2010-09-21,2010-09-21,1,856.01,Hibernating,0,1,1,3,,,,False,Không đủ điều kiện chấm điểm
14933,Channel Islands,2010-09-22,2010-09-22,3,885.0,At Risk,2,1,3,3,,,,False,Không đủ điều kiện chấm điểm
12578,Italy,2010-09-22,2011-11-18,4,4026.45,Champions,3,4,3,5,0.695,687.712,134.0,True,Đã chấm điểm
17840,United Kingdom,2010-09-22,2010-09-22,1,175.9,Hibernating,0,1,1,1,,,,False,Không đủ điều kiện chấm điểm
14570,United Kingdom,2010-09-22,2011-03-04,3,512.4,At Risk,0,2,3,2,,,,False,Không đủ điều kiện chấm điểm
13205,United Kingdom,2010-09-22,2010-09-22,1,2803.2,At Risk,2,1,1,4,,,,False,Không đủ điều kiện chấm điểm
15761,United Kingdom,2010-09-23,2010-09-23,1,143.05,Hibernating,0,1,1,1,,,,False,Không đủ điều kiện chấm điểm
16857,United Kingdom,2010-09-23,2010-09-23,1,352.8,Hibernating,0,1,1,2,,,,False,Không đủ điều kiện chấm điểm
13519,United Kingdom,2010-09-23,2011-09-22,2,343.21,Need Attention,0,3,2,2,0.766,94.085,2938.0,False,Đã chấm điểm
13264,United Kingdom,2010-09-23,2010-09-23,1,722.56,Hibernating,0,1,1,3,,,,False,Không đủ điều kiện chấm điểm
18107,United Kingdom,2010-09-23,2010-09-23,1,165.88,Hibernating,0,1,1,1,,,,False,Không đủ điều kiện chấm điểm
15140,United Kingdom,2010-09-23,2011-10-18,8,3243.69,Champions,2,4,4,5,0.194,155.496,2152.0,False,Đã chấm điểm
16856,United Kingdom,2010-09-23,2011-11-25,3,358.49,Potential Loyalist,3,5,3,2,0.831,29.421,3423.0,False,Đã chấm điểm
18193,United Kingdom,2010-09-23,2011-06-27,3,1207.35,Loyal,2,3,3,4,0.781,103.162,2850.0,False,Đã chấm điểm
15476,United Kingdom,2010-09-23,2010-11-24,4,2180.28,At Risk,2,2,3,4,,,,False,Không đủ điều kiện chấm điểm
16298,United Kingdom,2010-09-23,2011-11-17,7,1085.7,Champions,3,4,4,3,0.546,157.064,2138.0,False,Đã chấm điểm
16546,United Kingdom,2010-09-23,2011-02-22,5,4857.79,At Risk,2,2,4,5,,,,False,Không đủ điều kiện chấm điểm
16261,United Kingdom,2010-09-23,2011-11-22,6,1041.16,Champions,3,5,4,3,0.534,141.688,2322.0,False,Đã chấm điểm
16775,United Kingdom,2010-09-23,2011-11-29,16,2739.24,Champions,1,5,5,4,0.172,83.721,3048.0,False,Đã chấm điểm
14992,United Kingdom,2010-09-23,2010-09-23,1,210.5,Hibernating,0,1,1,1,,,,False,Không đủ điều kiện chấm điểm
17134,United Kingdom,2010-09-23,2011-08-25,3,625.3,Loyal,2,3,3,3,0.654,91.731,2970.0,False,Đã chấm điểm
16531,United Kingdom,2010-09-24,2011-11-17,11,2263.58,Champions,1,4,5,4,0.387,206.533,1584.0,False,Đã chấm điểm
14875,United Kingdom,2010-09-24,2011-08-24,3,2862.4,Loyal,2,3,3,5,0.592,296.801,856.0,False,Đã chấm điểm
17567,United Kingdom,2010-09-24,2011-12-02,9,4838.08,Champions,1,5,5,5,0.256,280.41,965.0,False,Đã chấm điểm
16692,United Kingdom,2010-09-24,2011-03-28,4,1764.7,At Risk,2,2,3,4,,,,False,Không đủ điều kiện chấm điểm
16140,United Kingdom,2010-09-24,2011-10-05,3,1416.46,Loyal,2,3,3,4,0.749,437.304,376.0,True,Đã chấm điểm
17396,United Kingdom,2010-09-24,2011-10-31,13,7964.1,Champions,1,4,5,5,0.274,1144.435,43.0,True,Đã chấm điểm
14226,United Kingdom,2010-09-24,2011-11-11,6,2985.13,Champions,1,4,4,5,0.326,240.502,1269.0,False,Đã chấm điểm
12871,United Kingdom,2010-09-26,2011-09-16,3,744.02,Loyal,2,3,3,3,0.625,102.887,2854.0,False,Đã chấm điểm
17062,United Kingdom,2010-09-26,2011-01-30,6,884.71,At Risk,2,2,4,3,,,,False,Không đủ điều kiện chấm điểm
14094,United Kingdom,2010-09-26,2010-09-26,1,311.77,Hibernating,0,1,1,2,,,,False,Không đủ điều kiện chấm điểm
14269,United Kingdom,2010-09-26,2010-09-26,1,295.73,Hibernating,0,1,1,2,,,,False,Không đủ điều kiện chấm điểm
13118,United Kingdom,2010-09-26,2011-11-20,9,2356.01,Champions,1,4,5,4,0.569,191.106,1741.0,False,Đã chấm điểm
14806,United Kingdom,2010-09-26,2011-09-25,2,303.43,Need Attention,0,3,2,2,0.762,147.293,2264.0,False,Đã chấm điểm
13281,United Kingdom,2010-09-26,2010-09-26,1,350.85,Hibernating,0,1,1,2,,,,False,Không đủ điều kiện chấm điểm
12449,Belgium,2010-09-27,2011-11-17,5,4274.89,Champions,1,4,4,5,0.254,436.518,379.0,True,Đã chấm điểm
15469,United Kingdom,2010-09-27,2011-10-20,3,874.25,Potential Loyalist,3,4,3,3,0.562,225.061,1397.0,False,Đã chấm điểm
17919,United Kingdom,2010-09-27,2011-09-12,2,1840.32,Loyal,2,3,2,4,0.734,957.218,70.0,True,Đã chấm điểm
17315,United Kingdom,2010-09-27,2011-12-08,41,9518.4,Champions,1,5,5,5,0.011,19.409,3445.0,False,Đã chấm điểm
15616,United Kingdom,2010-09-27,2010-09-27,1,317.11,Hibernating,0,1,1,2,,,,False,Không đủ điều kiện chấm điểm
12348,Finland,2010-09-27,2011-09-25,5,1658.4,Loyal,2,3,4,4,0.686,148.043,2252.0,False,Đã chấm điểm
16211,United Kingdom,2010-09-27,2011-09-12,3,1090.59,Loyal,2,3,3,3,0.737,402.908,446.0,True,Đã chấm điểm
17524,United Kingdom,2010-09-27,2010-12-13,3,508.9,At Risk,0,2,3,2,,,,False,Không đủ điều kiện chấm điểm
13687,United Kingdom,2010-09-27,2010-09-27,1,11880.84,At Risk,2,1,1,5,,,,False,Không đủ điều kiện chấm điểm
17280,United Kingdom,2010-09-27,2010-09-27,1,118.86,Hibernating,0,1,1,1,,,,False,Không đủ điều kiện chấm điểm
17450,United Kingdom,2010-09-27,2011-12-01,49,233675.91,Champions,1,5,5,5,0.043,2470.722,10.0,True,Đã chấm điểm
13139,United Kingdom,2010-09-28,2011-11-23,8,8202.98,Champions,1,5,4,5,0.201,351.856,603.0,False,Đã chấm điểm
16362,United Kingdom,2010-09-28,2011-11-07,6,884.81,Champions,3,4,4,3,0.377,256.522,1129.0,False,Đã chấm điểm
13073,United Kingdom,2010-09-28,2010-10-24,2,418.08,Hibernating,0,1,2,2,,,,False,Không đủ điều kiện chấm điểm
16269,United Kingdom,2010-09-28,2010-09-28,1,717.57,Hibernating,0,1,1,3,,,,False,Không đủ điều kiện chấm điểm
13970,United Kingdom,2010-09-28,2010-11-18,2,846.55,At Risk,0,2,2,3,,,,False,Không đủ điều kiện chấm điểm
15347,United Kingdom,2010-09-28,2010-12-08,3,1147.15,At Risk,2,2,3,3,,,,False,Không đủ điều kiện chấm điểm
13386,United Kingdom,2010-09-28,2010-10-21,2,835.46,At Risk,0,1,2,3,,,,False,Không đủ điều kiện chấm điểm
14597,United Kingdom,2010-09-28,2011-11-28,6,2184.63,Champions,3,5,4,4,0.656,266.399,1048.0,False,Đã chấm điểm
17007,United Kingdom,2010-09-28,2011-10-20,7,1120.1,Champions,2,4,4,3,0.457,130.727,2485.0,False,Đã chấm điểm
16198,United Kingdom,2010-09-28,2011-09-25,2,1030.04,Loyal,3,3,2,3,0.763,305.716,805.0,False,Đã chấm điểm
15871,United Kingdom,2010-09-28,2010-09-28,1,33.1,Hibernating,0,1,1,1,,,,False,Không đủ điều kiện chấm điểm
13754,United Kingdom,2010-09-28,2011-07-11,3,447.05,Loyal,0,3,3,2,0.833,62.426,3261.0,False,Đã chấm điểm
14410,United Kingdom,2010-09-28,2011-09-08,11,2367.96,Loyal,2,3,5,4,0.496,145.003,2289.0,False,Đã chấm điểm
13927,United Kingdom,2010-09-28,2011-09-26,2,708.26,Loyal,3,3,2,3,0.77,268.562,1026.0,False,Đã chấm điểm
16237,United Kingdom,2010-09-28,2010-09-28,1,136.65,Hibernating,0,1,1,1,,,,False,Không đủ điều kiện chấm điểm
12964,United Kingdom,2010-09-28,2010-09-28,1,132.24,Hibernating,0,1,1,1,,,,False,Không đủ điều kiện chấm điểm
13639,United Kingdom,2010-09-29,2011-09-26,2,1346.27,Loyal,2,3,2,4,0.775,800.852,101.0,True,Đã chấm điểm
16148,United Kingdom,2010-09-29,2011-02-16,2,386.62,Hibernating,0,2,2,2,,,,False,Không đủ điều kiện chấm điểm
12946,United Kingdom,2010-09-29,2010-09-29,1,324.45,Hibernating,0,1,1,2,,,,False,Không đủ điều kiện chấm điểm
13804,United Kingdom,2010-09-29,2011-11-09,9,3161.12,Champions,1,4,5,5,0.201,215.057,1501.0,False,Đã chấm điểm
16783,United Kingdom,2010-09-29,2010-09-29,1,391.95,Hibernating,0,1,1,2,,,,False,Không đủ điều kiện chấm điểm
14843,United Kingdom,2010-09-29,2010-09-29,1,211.8,Hibernating,0,1,1,1,,,,False,Không đủ điều kiện chấm điểm
14891,United Kingdom,2010-09-29,2011-07-14,4,1106.73,Loyal,2,3,3,3,0.656,174.116,1942.0,False,Đã chấm điểm
17257,United Kingdom,2010-09-29,2010-09-29,2,189.78,Hibernating,0,1,2,1,,,,False,Không đủ điều kiện chấm điểm
14829,United Kingdom,2010-09-29,2011-11-10,7,1440.87,Champions,3,4,4,4,0.663,100.677,2875.0,False,Đã chấm điểm
14449,United Kingdom,2010-09-29,2011-11-21,8,2230.96,Champions,1,5,4,4,0.624,153.518,2177.0,False,Đã chấm điểm
14510,United Kingdom,2010-09-29,2010-11-29,3,979.85,At Risk,2,2,3,3,,,,False,Không đủ điều kiện chấm điểm
13105,United Kingdom,2010-09-29,2010-09-29,1,72.0,Hibernating,0,1,1,1,,,,False,Không đủ điều kiện chấm điểm
13257,United Kingdom,2010-09-29,2010-09-29,1,134.9,Hibernating,0,1,1,1,,,,False,Không đủ điều kiện chấm điểm
16489,United Kingdom,2010-09-29,2010-11-24,2,303.7,Hibernating,0,2,2,2,,,,False,Không đủ điều kiện chấm điểm
16490,United Kingdom,2010-09-29,2010-09-29,1,190.41,Hibernating,0,1,1,1,,,,False,Không đủ điều kiện chấm điểm
12661,Sweden,2010-09-29,2010-09-29,1,162.0,Hibernating,0,1,1,1,,,,False,Không đủ điều kiện chấm điểm
13556,United Kingdom,2010-09-30,2010-10-06,2,200.82,Hibernating,0,1,2,1,,,,False,Không đủ điều kiện chấm điểm
14004,United Kingdom,2010-09-30,2011-10-27,11,6258.45,Champions,1,4,5,5,0.201,383.13,502.0,False,Đã chấm điểm
13962,United Kingdom,2010-09-30,2011-11-18,3,362.8,Potential Loyalist,3,4,3,2,0.729,45.218,3372.0,False,Đã chấm điểm
16368,United Kingdom,2010-09-30,2011-12-07,3,621.44,Potential Loyalist,3,5,3,3,0.507,243.243,1247.0,False,Đã chấm điểm
14953,United Kingdom,2010-09-30,2011-11-14,4,968.82,Potential Loyalist,3,4,3,3,0.705,201.483,1628.0,False,Đã chấm điểm
13966,United Kingdom,2010-09-30,2010-09-30,1,384.26,Hibernating,0,1,1,2,,,,False,Không đủ điều kiện chấm điểm
12562,France,2010-09-30,2011-12-01,9,4426.92,Champions,1,5,5,5,0.164,251.773,1163.0,False,Đã chấm điểm
16214,United Kingdom,2010-09-30,2011-06-22,4,2038.25,Loyal,2,3,3,4,0.47,166.367,2011.0,False,Đã chấm điểm
14742,United Kingdom,2010-09-30,2010-09-30,1,579.85,Hibernating,0,1,1,2,,,,False,Không đủ điều kiện chấm điểm
15736,United Kingdom,2010-09-30,2010-09-30,2,1750.12,At Risk,2,1,2,4,,,,False,Không đủ điều kiện chấm điểm
16958,United Kingdom,2010-09-30,2010-09-30,1,778.49,Hibernating,0,1,1,3,,,,False,Không đủ điều kiện chấm điểm
14800,United Kingdom,2010-09-30,2011-10-23,17,6986.23,Champions,1,4,5,5,0.19,149.081,2237.0,False,Đã chấm điểm
15960,United Kingdom,2010-09-30,2010-11-30,4,410.95,At Risk,0,2,3,2,,,,False,Không đủ điều kiện chấm điểm
13108,United Kingdom,2010-09-30,2010-12-02,2,748.46,At Risk,0,2,2,3,,,,False,Không đủ điều kiện chấm điểm
14568,Channel Islands,2010-09-30,2010-09-30,1,909.5,Hibernating,0,1,1,3,,,,False,Không đủ điều kiện chấm điểm
15243,United Kingdom,2010-09-30,2011-09-26,2,927.28,Loyal,3,3,2,3,0.759,240.337,1270.0,False,Đã chấm điểm
13763,United Kingdom,2010-09-30,2011-10-07,3,5217.44,Loyal,2,3,3,5,0.761,1305.706,34.0,True,Đã chấm điểm
12457,Switzerland,2010-09-30,2011-09-14,3,1805.21,Loyal,2,3,3,4,0.511,247.66,1187.0,False,Đã chấm điểm
16044,United Kingdom,2010-09-30,2010-09-30,1,340.84,Hibernating,0,1,1,2,,,,False,Không đủ điều kiện chấm điểm
14657,United Kingdom,2010-09-30,2011-11-22,6,1430.29,Champions,3,5,4,4,0.643,120.043,2617.0,False,Đã chấm điểm
12817,Austria,2010-10-01,2011-03-03,3,570.98,At Risk,2,2,3,2,,,,False,Không đủ điều kiện chấm điểm
17533,United Kingdom,2010-10-01,2010-10-01,1,34.8,Hibernating,0,1,1,1,,,,False,Không đủ điều kiện chấm điểm
16306,United Kingdom,2010-10-01,2011-05-10,6,1080.02,At Risk,2,2,4,3,,,,False,Không đủ điều kiện chấm điểm
14303,United Kingdom,2010-10-01,2010-10-28,2,277.94,Hibernating,0,2,2,1,,,,False,Không đủ điều kiện chấm điểm
17521,United Kingdom,2010-10-01,2011-11-10,5,1278.06,Champions,3,4,4,4,0.49,159.542,2104.0,False,Đã chấm điểm
13002,United Kingdom,2010-10-01,2011-01-25,3,414.13,At Risk,0,2,3,2,,,,False,Không đủ điều kiện chấm điểm
15261,United Kingdom,2010-10-01,2011-07-27,4,1508.0,Loyal,2,3,3,4,0.808,136.25,2397.0,False,Đã chấm điểm
17360,United Kingdom,2010-10-01,2011-11-22,6,1170.56,Champions,3,5,4,3,0.686,189.599,1756.0,False,Đã chấm điểm
15276,United Kingdom,2010-10-01,2011-10-04,3,601.3,Loyal,3,3,3,3,0.763,98.104,2899.0,False,Đã chấm điểm
15190,United Kingdom,2010-10-01,2010-10-01,1,834.44,Hibernating,0,1,1,3,,,,False,Không đủ điều kiện chấm điểm
16606,United Kingdom,2010-10-01,2010-10-31,2,357.66,Hibernating,0,2,2,2,,,,False,Không đủ điều kiện chấm điểm
13198,United Kingdom,2010-10-01,2011-11-29,8,4929.33,Champions,1,5,4,5,0.389,310.75,780.0,False,Đã chấm điểm
12652,France,2010-10-01,2011-01-12,2,891.03,At Risk,2,2,2,3,,,,False,Không đủ điều kiện chấm điểm
18266,United Kingdom,2010-10-01,2010-10-01,1,251.1,Hibernating,0,1,1,1,,,,False,Không đủ điều kiện chấm điểm
13380,United Kingdom,2010-10-03,2010-10-03,1,62.4,Hibernating,0,1,1,1,,,,False,Không đủ điều kiện chấm điểm
17022,United Kingdom,2010-10-03,2011-11-08,2,260.0,Potential Loyalist,3,4,2,1,0.796,56.527,3309.0,False,Đã chấm điểm
13674,United Kingdom,2010-10-03,2010-10-03,1,225.83,Hibernating,0,1,1,1,,,,False,Không đủ điều kiện chấm điểm
18270,United Kingdom,2010-10-03,2011-11-01,3,406.3,Potential Loyalist,3,4,3,2,0.704,58.086,3297.0,False,Đã chấm điểm
16848,United Kingdom,2010-10-03,2011-10-18,4,1411.62,Champions,2,4,3,4,0.718,201.982,1620.0,False,Đã chấm điểm
13014,United Kingdom,2010-10-03,2011-11-29,11,5295.98,Champions,1,5,5,5,0.125,126.194,2538.0,False,Đã chấm điểm
14254,United Kingdom,2010-10-03,2010-10-03,1,601.03,Hibernating,0,1,1,3,,,,False,Không đủ điều kiện chấm điểm
15351,United Kingdom,2010-10-03,2011-11-27,10,3385.67,Champions,1,5,5,5,0.268,438.069,375.0,True,Đã chấm điểm
13642,United Kingdom,2010-10-03,2011-05-08,4,459.45,At Risk,2,2,3,2,,,,False,Không đủ điều kiện chấm điểm
14310,United Kingdom,2010-10-03,2010-10-03,1,492.1,Hibernating,0,1,1,2,,,,False,Không đủ điều kiện chấm điểm
15859,United Kingdom,2010-10-03,2010-10-03,1,438.46,Hibernating,0,1,1,2,,,,False,Không đủ điều kiện chấm điểm
14392,United Kingdom,2010-10-03,2010-10-03,1,266.4,Hibernating,0,1,1,1,,,,False,Không đủ điều kiện chấm điểm
14008,United Kingdom,2010-10-03,2010-10-03,1,493.74,Hibernating,0,1,1,2,,,,False,Không đủ điều kiện chấm điểm
16407,United Kingdom,2010-10-03,2011-11-27,14,2761.65,Champions,1,5,5,4,0.219,125.258,2549.0,False,Đã chấm điểm
15143,United Kingdom,2010-10-03,2011-04-28,2,563.63,Hibernating,0,2,2,2,,,,False,Không đủ điều kiện chấm điểm
13245,United Kingdom,2010-10-03,2011-10-20,2,989.22,Potential Loyalist,3,4,2,3,0.696,299.431,844.0,False,Đã chấm điểm
14462,United Kingdom,2010-10-03,2011-10-04,12,2237.81,Loyal,1,3,5,4,0.226,116.004,2675.0,False,Đã chấm điểm
16312,United Kingdom,2010-10-03,2010-10-03,1,171.15,Hibernating,0,1,1,1,,,,False,Không đủ điều kiện chấm điểm
14579,United Kingdom,2010-10-03,2010-10-03,1,105.56,Hibernating,0,1,1,1,,,,False,Không đủ điều kiện chấm điểm
15579,United Kingdom,2010-10-03,2011-10-02,5,1215.38,Loyal,2,3,4,4,0.786,103.998,2840.0,False,Đã chấm điểm
13326,United Kingdom,2010-10-03,2010-10-03,1,281.76,Hibernating,0,1,1,2,,,,False,Không đủ điều kiện chấm điểm
16817,United Kingdom,2010-10-04,2011-12-07,13,2438.9,Champions,1,5,5,4,0.369,128.332,2520.0,False,Đã chấm điểm
17375,United Kingdom,2010-10-04,2011-05-24,4,632.95,At Risk,2,2,3,3,,,,False,Không đủ điều kiện chấm điểm
15159,United Kingdom,2010-10-04,2011-12-08,34,22077.37,Champions,1,5,5,5,0.018,105.27,2826.0,False,Đã chấm điểm
17621,United Kingdom,2010-10-04,2011-11-18,6,3073.12,Champions,1,4,4,5,0.695,332.522,680.0,False,Đã chấm điểm
13367,United Kingdom,2010-10-04,2010-10-04,1,460.2,Hibernating,0,1,1,2,,,,False,Không đủ điều kiện chấm điểm
16476,United Kingdom,2010-10-04,2010-10-04,1,350.35,Hibernating,0,1,1,2,,,,False,Không đủ điều kiện chấm điểm
13441,United Kingdom,2010-10-04,2011-09-09,2,720.9,Loyal,3,3,2,3,0.704,204.225,1597.0,False,Đã chấm điểm
18284,United Kingdom,2010-10-04,2010-10-04,1,411.68,Hibernating,0,1,1,2,,,,False,Không đủ điều kiện chấm điểm
14065,United Kingdom,2010-10-04,2010-11-15,3,891.02,At Risk,2,2,3,3,,,,False,Không đủ điều kiện chấm điểm
12486,Sweden,2010-10-04,2010-10-04,1,917.28,Hibernating,0,1,1,3,,,,False,Không đủ điều kiện chấm điểm
14353,United Kingdom,2010-10-04,2011-05-08,3,376.5,At Risk,0,2,3,2,,,,False,Không đủ điều kiện chấm điểm
15392,United Kingdom,2010-10-04,2011-12-05,7,2891.82,Champions,1,5,4,5,0.405,485.015,292.0,True,Đã chấm điểm
13144,United Kingdom,2010-10-04,2011-01-11,2,135.35,Hibernating,0,2,2,1,,,,False,Không đủ điều kiện chấm điểm
15730,United Kingdom,2010-10-04,2011-10-05,5,1726.58,Loyal,2,3,4,4,0.454,221.164,1443.0,False,Đã chấm điểm
15778,United Kingdom,2010-10-04,2010-10-04,1,307.95,Hibernating,0,1,1,2,,,,False,Không đủ điều kiện chấm điểm
18017,United Kingdom,2010-10-04,2011-09-19,4,688.0,Loyal,2,3,3,3,0.601,113.959,2720.0,False,Đã chấm điểm
15346,United Kingdom,2010-10-04,2011-01-11,3,596.12,At Risk,2,2,3,3,,,,False,Không đủ điều kiện chấm điểm
16061,United Kingdom,2010-10-04,2010-10-04,1,74.9,Hibernating,0,1,1,1,,,,False,Không đủ điều kiện chấm điểm
13035,United Kingdom,2010-10-04,2011-09-27,3,1339.0,Loyal,2,3,3,4,0.646,199.667,1640.0,False,Đã chấm điểm
14314,United Kingdom,2010-10-05,2011-08-25,2,229.8,Need Attention,0,3,2,1,0.817,82.463,3070.0,False,Đã chấm điểm
13177,United Kingdom,2010-10-05,2011-10-06,2,512.2,Need Attention,3,3,2,2,0.73,206.23,1586.0,False,Đã chấm điểm
13964,United Kingdom,2010-10-05,2010-11-17,2,421.9,Hibernating,0,2,2,2,,,,False,Không đủ điều kiện chấm điểm
14470,United Kingdom,2010-10-05,2011-11-28,3,712.04,Potential Loyalist,3,5,3,3,0.729,119.255,2628.0,False,Đã chấm điểm
14991,United Kingdom,2010-10-05,2010-10-05,1,314.67,Hibernating,0,1,1,2,,,,False,Không đủ điều kiện chấm điểm
15490,United Kingdom,2010-10-05,2010-10-05,1,210.85,Hibernating,0,1,1,1,,,,False,Không đủ điều kiện chấm điểm
14663,United Kingdom,2010-10-05,2010-10-05,2,490.6,Hibernating,0,1,2,2,,,,False,Không đủ điều kiện chấm điểm
16348,United Kingdom,2010-10-05,2011-11-07,8,1742.08,Champions,2,4,4,4,0.25,131.686,2459.0,False,Đã chấm điểm
17097,Spain,2010-10-05,2011-12-07,9,1123.11,Champions,1,5,5,3,0.353,177.924,1904.0,False,Đã chấm điểm
17657,United Kingdom,2010-10-05,2010-10-05,1,126.0,Hibernating,0,1,1,1,,,,False,Không đủ điều kiện chấm điểm
13306,United Kingdom,2010-10-05,2010-10-05,1,53.65,Hibernating,0,1,1,1,,,,False,Không đủ điều kiện chấm điểm
15782,United Kingdom,2010-10-05,2011-11-30,4,4014.1,Champions,3,5,3,5,0.386,1009.208,58.0,True,Đã chấm điểm
14350,United Kingdom,2010-10-05,2011-03-10,3,954.15,At Risk,2,2,3,3,,,,False,Không đủ điều kiện chấm điểm
16760,United Kingdom,2010-10-05,2010-10-05,1,228.0,Hibernating,0,1,1,1,,,,False,Không đủ điều kiện chấm điểm
15857,United Kingdom,2010-10-05,2011-11-21,2,570.48,Potential Loyalist,3,5,2,2,0.7,207.922,1566.0,False,Đã chấm điểm
15128,United Kingdom,2010-10-05,2011-10-10,5,1746.48,Loyal,2,3,4,4,0.343,203.89,1603.0,False,Đã chấm điểm
13055,United Kingdom,2010-10-06,2011-09-22,4,2310.91,Loyal,2,3,3,4,0.515,263.115,1072.0,False,Đã chấm điểm
13033,United Kingdom,2010-10-06,2010-12-17,2,220.55,Hibernating,0,2,2,1,,,,False,Không đủ điều kiện chấm điểm
13022,Belgium,2010-10-06,2010-10-06,1,50.3,Hibernating,0,1,1,1,,,,False,Không đủ điều kiện chấm điểm
15934,United Kingdom,2010-10-06,2010-10-18,2,2190.66,At Risk,2,1,2,4,,,,False,Không đủ điều kiện chấm điểm
17429,United Kingdom,2010-10-06,2011-08-03,5,1357.46,Loyal,2,3,4,4,0.629,135.723,2402.0,False,Đã chấm điểm
16437,United Kingdom,2010-10-06,2010-11-23,2,301.25,Hibernating,0,2,2,2,,,,False,Không đủ điều kiện chấm điểm
13818,United Kingdom,2010-10-06,2010-10-06,1,61.28,Hibernating,0,1,1,1,,,,False,Không đủ điều kiện chấm điểm
14810,United Kingdom,2010-10-06,2011-10-30,13,2354.03,Champions,1,4,5,4,0.279,129.301,2502.0,False,Đã chấm điểm
17045,United Kingdom,2010-10-06,2011-08-18,5,827.68,Loyal,2,3,4,3,0.673,82.901,3060.0,False,Đã chấm điểm
17008,United Kingdom,2010-10-06,2010-10-06,1,81.36,Hibernating,0,1,1,1,,,,False,Không đủ điều kiện chấm điểm
16149,United Kingdom,2010-10-06,2011-12-05,3,422.22,Potential Loyalist,3,5,3,2,0.662,116.854,2661.0,False,Đã chấm điểm
15973,United Kingdom,2010-10-07,2010-12-08,2,271.42,Hibernating,0,2,2,1,,,,False,Không đủ điều kiện chấm điểm
14339,United Kingdom,2010-10-07,2011-04-11,2,610.31,At Risk,0,2,2,3,,,,False,Không đủ điều kiện chấm điểm
13423,United Kingdom,2010-10-07,2010-10-07,1,217.03,Hibernating,0,1,1,1,,,,False,Không đủ điều kiện chấm điểm
17525,United Kingdom,2010-10-07,2010-12-15,3,1161.9,At Risk,2,2,3,3,,,,False,Không đủ điều kiện chấm điểm
12511,Greece,2010-10-07,2010-10-07,1,3074.07,At Risk,2,1,1,5,,,,False,Không đủ điều kiện chấm điểm
17249,United Kingdom,2010-10-07,2010-10-07,1,68.03,Hibernating,0,1,1,1,,,,False,Không đủ điều kiện chấm điểm
14490,United Kingdom,2010-10-07,2010-10-29,2,1273.47,At Risk,2,2,2,4,,,,False,Không đủ điều kiện chấm điểm
14118,United Kingdom,2010-10-07,2010-10-07,1,458.45,Hibernating,0,1,1,2,,,,False,Không đủ điều kiện chấm điểm
12903,United Kingdom,2010-10-07,2010-10-07,1,833.53,Hibernating,0,1,1,3,,,,False,Không đủ điều kiện chấm điểm
13569,United Kingdom,2010-10-07,2011-11-22,4,725.04,Potential Loyalist,3,5,3,3,0.706,160.528,2097.0,False,Đã chấm điểm
17354,United Kingdom,2010-10-07,2011-10-20,4,3133.96,Champions,2,4,3,5,0.715,995.506,64.0,True,Đã chấm điểm
14266,United Kingdom,2010-10-07,2010-10-07,1,40.56,Hibernating,0,1,1,1,,,,False,Không đủ điều kiện chấm điểm
12393,Australia,2010-10-07,2011-09-28,6,2399.45,Loyal,2,3,4,4,0.666,229.785,1357.0,False,Đã chấm điểm
16980,United Kingdom,2010-10-07,2011-03-29,3,1422.83,At Risk,2,2,3,4,,,,False,Không đủ điều kiện chấm điểm
16411,United Kingdom,2010-10-07,2011-11-20,4,756.39,Potential Loyalist,3,4,3,3,0.796,66.169,3225.0,False,Đã chấm điểm
15314,United Kingdom,2010-10-07,2011-05-24,2,780.85,At Risk,2,2,2,3,,,,False,Không đủ điều kiện chấm điểm
16350,United Kingdom,2010-10-07,2011-11-18,9,2253.89,Champions,1,4,5,4,0.417,308.388,789.0,False,Đã chấm điểm
15931,United Kingdom,2010-10-07,2010-10-07,1,239.9,Hibernating,0,1,1,1,,,,False,Không đủ điều kiện chấm điểm
14358,United Kingdom,2010-10-07,2010-11-15,2,400.06,Hibernating,0,2,2,2,,,,False,Không đủ điều kiện chấm điểm
16111,United Kingdom,2010-10-07,2010-10-07,1,549.33,Hibernating,0,1,1,2,,,,False,Không đủ điều kiện chấm điểm
15598,United Kingdom,2010-10-08,2011-10-17,2,548.02,Potential Loyalist,3,4,2,2,0.747,179.746,1880.0,False,Đã chấm điểm
17196,United Kingdom,2010-10-08,2010-10-08,1,327.75,Hibernating,0,1,1,2,,,,False,Không đủ điều kiện chấm điểm
17864,United Kingdom,2010-10-08,2011-11-27,5,876.57,Champions,3,5,4,3,0.516,182.56,1842.0,False,Đã chấm điểm
15281,United Kingdom,2010-10-08,2011-10-12,16,8419.27,Champions,1,4,5,5,0.294,139.04,2357.0,False,Đã chấm điểm
12811,Portugal,2010-10-08,2011-03-23,4,893.9,At Risk,2,2,3,3,,,,False,Không đủ điều kiện chấm điểm
14904,United Kingdom,2010-10-08,2011-12-07,4,1630.49,Champions,3,5,3,4,0.405,415.132,413.0,True,Đã chấm điểm
14846,United Kingdom,2010-10-08,2010-10-08,1,437.4,Hibernating,0,1,1,2,,,,False,Không đủ điều kiện chấm điểm
15708,United Kingdom,2010-10-10,2011-10-30,9,3836.65,Champions,1,4,5,5,0.367,253.223,1150.0,False,Đã chấm điểm
14127,United Kingdom,2010-10-10,2011-08-09,6,1900.08,Loyal,2,3,4,4,0.62,85.846,3019.0,False,Đã chấm điểm
16579,United Kingdom,2010-10-10,2010-10-10,1,264.45,Hibernating,0,1,1,1,,,,False,Không đủ điều kiện chấm điểm
17152,United Kingdom,2010-10-10,2011-05-29,4,2016.5,At Risk,2,2,3,4,,,,False,Không đủ điều kiện chấm điểm
15177,United Kingdom,2010-10-10,2010-10-10,1,948.93,Hibernating,0,1,1,3,,,,False,Không đủ điều kiện chấm điểm
15645,United Kingdom,2010-10-10,2011-11-21,3,1042.15,Potential Loyalist,3,5,3,3,0.694,424.653,397.0,True,Đã chấm điểm
13083,United Kingdom,2010-10-10,2011-12-05,3,395.43,Potential Loyalist,3,5,3,2,0.546,165.696,2021.0,False,Đã chấm điểm
14390,United Kingdom,2010-10-10,2011-11-29,13,6103.33,Champions,1,5,5,5,0.151,247.472,1188.0,False,Đã chấm điểm
15038,United Kingdom,2010-10-10,2011-10-12,9,1129.13,Champions,2,4,5,3,0.399,80.914,3093.0,False,Đã chấm điểm
14571,United Kingdom,2010-10-10,2010-10-10,1,160.0,Hibernating,0,1,1,1,,,,False,Không đủ điều kiện chấm điểm
17111,United Kingdom,2010-10-10,2011-10-23,2,459.58,Potential Loyalist,3,4,2,2,0.749,173.428,1949.0,False,Đã chấm điểm
16122,United Kingdom,2010-10-10,2011-09-27,6,895.62,Loyal,2,3,4,3,0.642,222.108,1431.0,False,Đã chấm điểm
13362,United Kingdom,2010-10-10,2011-11-30,7,5381.47,Champions,1,5,4,5,0.471,392.471,475.0,True,Đã chấm điểm
15277,United Kingdom,2010-10-10,2011-10-24,2,476.34,Potential Loyalist,3,4,2,2,0.748,191.331,1737.0,False,Đã chấm điểm
13747,United Kingdom,2010-10-11,2010-12-01,2,169.8,Hibernating,0,2,2,1,,,,False,Không đủ điều kiện chấm điểm
12356,Portugal,2010-10-11,2011-11-17,6,5611.73,Champions,1,4,4,5,0.685,135.364,2408.0,False,Đã chấm điểm
14756,United Kingdom,2010-10-11,2011-11-24,3,2583.86,Champions,3,5,3,4,0.672,496.747,276.0,True,Đã chấm điểm
15948,United Kingdom,2010-10-11,2011-12-01,3,1509.09,Champions,3,5,3,4,0.42,401.138,452.0,True,Đã chấm điểm
14412,United Kingdom,2010-10-11,2011-10-28,3,1426.19,Champions,3,4,3,4,0.465,357.788,584.0,False,Đã chấm điểm
17264,United Kingdom,2010-10-11,2010-10-11,1,268.28,Hibernating,0,1,1,1,,,,False,Không đủ điều kiện chấm điểm
12797,Portugal,2010-10-11,2010-12-09,2,393.38,Hibernating,0,2,2,2,,,,False,Không đủ điều kiện chấm điểm
16527,United Kingdom,2010-10-11,2011-09-19,2,1232.94,Loyal,2,3,2,4,0.76,173.262,1951.0,False,Đã chấm điểm
14319,United Kingdom,2010-10-11,2010-10-11,1,494.85,Hibernating,0,1,1,2,,,,False,Không đủ điều kiện chấm điểm
15834,United Kingdom,2010-10-11,2011-09-30,7,3616.99,Loyal,2,3,4,5,0.556,287.084,917.0,False,Đã chấm điểm
17004,United Kingdom,2010-10-11,2011-10-24,4,2324.36,Champions,2,4,3,4,0.529,671.964,141.0,True,Đã chấm điểm
17273,United Kingdom,2010-10-11,2010-10-11,1,141.12,Hibernating,0,1,1,1,,,,False,Không đủ điều kiện chấm điểm
15024,United Kingdom,2010-10-11,2011-11-30,16,3559.39,Champions,1,5,5,5,0.247,163.225,2054.0,False,Đã chấm điểm
13546,United Kingdom,2010-10-11,2011-11-27,5,1086.24,Champions,3,5,4,3,0.512,142.33,2314.0,False,Đã chấm điểm
17710,United Kingdom,2010-10-12,2010-10-12,1,293.5,Hibernating,0,1,1,2,,,,False,Không đủ điều kiện chấm điểm
13912,United Kingdom,2010-10-12,2010-10-12,1,124.95,Hibernating,0,1,1,1,,,,False,Không đủ điều kiện chấm điểm
12655,France,2010-10-12,2010-10-12,1,243.35,Hibernating,0,1,1,1,,,,False,Không đủ điều kiện chấm điểm
13368,United Kingdom,2010-10-12,2011-03-28,4,986.1,At Risk,2,2,3,3,,,,False,Không đủ điều kiện chấm điểm
17094,United Kingdom,2010-10-12,2011-01-21,2,402.2,Hibernating,0,2,2,2,,,,False,Không đủ điều kiện chấm điểm
14981,United Kingdom,2010-10-12,2011-04-07,2,313.52,Hibernating,0,2,2,2,,,,False,Không đủ điều kiện chấm điểm
14746,United Kingdom,2010-10-12,2010-10-29,4,593.5,At Risk,2,2,3,2,,,,False,Không đủ điều kiện chấm điểm
17708,United Kingdom,2010-10-12,2011-06-05,4,884.18,At Risk,2,2,3,3,,,,False,Không đủ điều kiện chấm điểm
15208,United Kingdom,2010-10-12,2011-12-08,6,970.52,Champions,3,5,4,3,0.529,233.646,1329.0,False,Đã chấm điểm
17104,United Kingdom,2010-10-12,2010-10-12,1,474.03,Hibernating,0,1,1,2,,,,False,Không đủ điều kiện chấm điểm
14240,United Kingdom,2010-10-12,2011-11-09,3,1247.49,Champions,3,4,3,4,0.669,237.287,1297.0,False,Đã chấm điểm
13968,United Kingdom,2010-10-12,2010-10-12,1,123.66,Hibernating,0,1,1,1,,,,False,Không đủ điều kiện chấm điểm
12553,France,2010-10-12,2011-12-01,12,4048.55,Champions,1,5,5,5,0.167,138.971,2359.0,False,Đã chấm điểm
14263,United Kingdom,2010-10-12,2010-10-12,1,322.93,Hibernating,0,1,1,2,,,,False,Không đủ điều kiện chấm điểm
16263,United Kingdom,2010-10-12,2010-10-12,1,348.16,Hibernating,0,1,1,2,,,,False,Không đủ điều kiện chấm điểm
17944,United Kingdom,2010-10-12,2010-10-12,1,74.99,Hibernating,0,1,1,1,,,,False,Không đủ điều kiện chấm điểm
12629,Sweden,2010-10-12,2010-11-19,2,1198.22,At Risk,2,2,2,4,,,,False,Không đủ điều kiện chấm điểm
16643,United Kingdom,2010-10-13,2011-04-08,2,923.11,At Risk,2,2,2,3,,,,False,Không đủ điều kiện chấm điểm
18239,United Kingdom,2010-10-13,2011-05-05,6,1712.26,At Risk,2,2,4,4,,,,False,Không đủ điều kiện chấm điểm
13792,United Kingdom,2010-10-13,2011-10-04,3,383.95,Loyal,3,3,3,2,0.763,92.275,2961.0,False,Đã chấm điểm
16990,United Kingdom,2010-10-13,2011-05-05,2,344.0,Hibernating,0,2,2,2,,,,False,Không đủ điều kiện chấm điểm
16418,United Kingdom,2010-10-13,2011-10-26,5,1028.74,Champions,3,4,4,3,0.488,122.087,2587.0,False,Đã chấm điểm
16238,United Kingdom,2010-10-13,2010-10-13,1,63.66,Hibernating,0,1,1,1,,,,False,Không đủ điều kiện chấm điểm
15134,United Kingdom,2010-10-13,2011-11-25,10,1596.29,Champions,1,5,5,4,0.159,82.443,3071.0,False,Đã chấm điểm
15356,United Kingdom,2010-10-13,2011-11-08,13,3239.57,Champions,1,4,5,5,0.196,148.425,2248.0,False,Đã chấm điểm
17814,United Kingdom,2010-10-13,2010-11-29,2,1609.37,At Risk,2,2,2,4,,,,False,Không đủ điều kiện chấm điểm
17580,United Kingdom,2010-10-13,2011-04-01,5,538.07,At Risk,2,2,4,2,,,,False,Không đủ điều kiện chấm điểm
13832,United Kingdom,2010-10-13,2011-11-20,2,609.89,Potential Loyalist,3,4,2,3,0.822,42.898,3382.0,False,Đã chấm điểm
16120,United Kingdom,2010-10-13,2011-10-11,6,2967.51,Loyal,2,3,4,5,0.558,730.619,118.0,True,Đã chấm điểm
17817,United Kingdom,2010-10-13,2011-12-05,6,781.45,Champions,3,5,4,3,0.74,87.334,3004.0,False,Đã chấm điểm
12900,United Kingdom,2010-10-13,2010-10-13,1,340.33,Hibernating,0,1,1,2,,,,False,Không đủ điều kiện chấm điểm
15242,United Kingdom,2010-10-13,2010-10-13,1,302.04,Hibernating,0,1,1,2,,,,False,Không đủ điều kiện chấm điểm
15304,United Kingdom,2010-10-14,2011-10-10,9,796.4,Loyal,2,3,5,3,0.415,66.641,3221.0,False,Đã chấm điểm
14696,United Kingdom,2010-10-14,2011-12-05,8,2473.28,Champions,1,5,4,4,0.335,185.16,1801.0,False,Đã chấm điểm
13194,United Kingdom,2010-10-14,2011-07-27,2,472.78,Need Attention,0,3,2,2,0.856,34.371,3406.0,False,Đã chấm điểm
14929,United Kingdom,2010-10-14,2011-11-07,2,836.69,Potential Loyalist,3,4,2,3,0.722,161.713,2078.0,False,Đã chấm điểm
12798,Japan,2010-10-14,2011-11-29,4,8510.93,Champions,1,5,3,5,0.339,1246.021,37.0,True,Đã chấm điểm
18090,United Kingdom,2010-10-14,2010-10-14,1,321.9,Hibernating,0,1,1,2,,,,False,Không đủ điều kiện chấm điểm
17717,United Kingdom,2010-10-14,2010-10-14,1,376.92,Hibernating,0,1,1,2,,,,False,Không đủ điều kiện chấm điểm
13395,United Kingdom,2010-10-14,2011-06-07,3,1180.23,Loyal,2,3,3,3,,,,False,Không đủ điều kiện chấm điểm
16935,United Kingdom,2010-10-14,2010-11-23,3,530.86,At Risk,0,2,3,2,,,,False,Không đủ điều kiện chấm điểm
17629,United Kingdom,2010-10-14,2011-12-04,10,2425.52,Champions,1,5,5,4,0.222,125.662,2546.0,False,Đã chấm điểm
17796,United Kingdom,2010-10-14,2011-10-30,7,1236.39,Champions,2,4,4,4,0.768,58.264,3294.0,False,Đã chấm điểm
15735,United Kingdom,2010-10-14,2010-10-14,1,327.68,Hibernating,0,1,1,2,,,,False,Không đủ điều kiện chấm điểm
17751,United Kingdom,2010-10-14,2010-10-14,1,157.86,Hibernating,0,1,1,1,,,,False,Không đủ điều kiện chấm điểm
16991,United Kingdom,2010-10-14,2010-10-14,1,1041.21,Hibernating,0,1,1,3,,,,False,Không đủ điều kiện chấm điểm
14975,United Kingdom,2010-10-14,2011-10-13,2,472.39,Potential Loyalist,3,4,2,2,0.72,201.654,1625.0,False,Đã chấm điểm
15160,United Kingdom,2010-10-14,2010-12-17,4,589.27,At Risk,2,2,3,2,,,,False,Không đủ điều kiện chấm điểm
17823,United Kingdom,2010-10-14,2010-10-14,2,449.25,Hibernating,0,1,2,2,,,,False,Không đủ điều kiện chấm điểm
14956,United Kingdom,2010-10-14,2010-10-14,1,1325.0,At Risk,0,1,1,4,,,,False,Không đủ điều kiện chấm điểm
15114,United Kingdom,2010-10-14,2011-11-09,12,3400.12,Champions,1,4,5,5,0.114,104.741,2831.0,False,Đã chấm điểm
15626,United Kingdom,2010-10-14,2011-09-26,3,1052.67,Loyal,2,3,3,3,0.746,293.88,878.0,False,Đã chấm điểm
12694,France,2010-10-14,2011-09-30,3,1663.35,Loyal,2,3,3,4,0.565,210.586,1539.0,False,Đã chấm điểm
14088,United Kingdom,2010-10-14,2011-11-29,15,63731.63,Champions,1,5,5,5,0.069,1398.015,27.0,True,Đã chấm điểm
17510,United Kingdom,2010-10-15,2011-11-15,2,514.56,Potential Loyalist,3,4,2,2,0.71,219.115,1463.0,False,Đã chấm điểm
17202,United Kingdom,2010-10-15,2010-10-15,1,160.65,Hibernating,0,1,1,1,,,,False,Không đủ điều kiện chấm điểm
17390,United Kingdom,2010-10-15,2010-10-15,1,149.3,Hibernating,0,1,1,1,,,,False,Không đủ điều kiện chấm điểm
12691,France,2010-10-15,2011-11-11,6,1044.4,Champions,3,4,4,3,0.5,177.447,1907.0,False,Đã chấm điểm
15957,United Kingdom,2010-10-15,2011-11-08,3,921.25,Potential Loyalist,3,4,3,3,0.684,293.542,879.0,False,Đã chấm điểm
12445,Spain,2010-10-15,2011-11-17,2,378.98,Potential Loyalist,3,4,2,2,0.745,57.652,3302.0,False,Đã chấm điểm
17687,United Kingdom,2010-10-15,2010-10-15,1,432.68,Hibernating,0,1,1,2,,,,False,Không đủ điều kiện chấm điểm
13692,United Kingdom,2010-10-15,2011-11-15,5,3099.45,Champions,3,4,4,5,0.479,267.753,1033.0,False,Đã chấm điểm
15686,United Kingdom,2010-10-15,2010-10-15,1,90.0,Hibernating,0,1,1,1,,,,False,Không đủ điều kiện chấm điểm
17938,United Kingdom,2010-10-15,2010-10-15,1,144.29,Hibernating,0,1,1,1,,,,False,Không đủ điều kiện chấm điểm
17316,United Kingdom,2010-10-15,2010-10-15,1,124.45,Hibernating,0,1,1,1,,,,False,Không đủ điều kiện chấm điểm
14868,United Kingdom,2010-10-15,2011-12-06,12,4184.01,Champions,1,5,5,5,0.129,146.628,2271.0,False,Đã chấm điểm
16810,United Kingdom,2010-10-15,2011-05-31,2,808.14,At Risk,2,2,2,3,,,,False,Không đủ điều kiện chấm điểm
15688,United Kingdom,2010-10-17,2010-10-17,1,190.57,Hibernating,0,1,1,1,,,,False,Không đủ điều kiện chấm điểm
16381,United Kingdom,2010-10-17,2010-11-09,2,247.85,Hibernating,0,2,2,1,,,,False,Không đủ điều kiện chấm điểm
16676,United Kingdom,2010-10-17,2011-11-06,6,2344.9,Champions,2,4,4,4,0.49,209.192,1559.0,False,Đã chấm điểm
15772,United Kingdom,2010-10-17,2010-10-17,1,280.88,Hibernating,0,1,1,2,,,,False,Không đủ điều kiện chấm điểm
15799,United Kingdom,2010-10-17,2011-09-25,4,1421.34,Loyal,2,3,3,4,0.577,157.337,2134.0,False,Đã chấm điểm
14712,United Kingdom,2010-10-17,2011-11-10,4,1328.07,Champions,3,4,3,4,0.448,327.433,700.0,False,Đã chấm điểm
17703,United Kingdom,2010-10-17,2011-11-04,4,1094.84,Potential Loyalist,3,4,3,3,0.476,246.052,1205.0,False,Đã chấm điểm
12376,Switzerland,2010-10-18,2010-11-15,2,383.15,Hibernating,0,2,2,2,,,,False,Không đủ điều kiện chấm điểm
13516,United Kingdom,2010-10-18,2011-11-18,4,1685.26,Champions,3,4,3,4,0.53,277.176,987.0,False,Đã chấm điểm
14741,United Kingdom,2010-10-18,2011-11-28,7,1713.09,Champions,3,5,4,4,0.5,247.053,1193.0,False,Đã chấm điểm
16069,United Kingdom,2010-10-18,2010-10-18,1,457.7,Hibernating,0,1,1,2,,,,False,Không đủ điều kiện chấm điểm
12699,Germany,2010-10-18,2010-10-18,1,566.11,Hibernating,0,1,1,2,,,,False,Không đủ điều kiện chấm điểm
16996,United Kingdom,2010-10-18,2011-11-09,9,2078.01,Champions,1,4,5,4,0.405,179.353,1883.0,False,Đã chấm điểm
13387,United Kingdom,2010-10-18,2010-10-18,1,181.84,Hibernating,0,1,1,1,,,,False,Không đủ điều kiện chấm điểm
16141,United Kingdom,2010-10-18,2011-09-12,2,955.94,Loyal,2,3,2,3,0.745,461.999,327.0,True,Đã chấm điểm
13079,United Kingdom,2010-10-18,2011-12-05,6,419.18,Potential Loyalist,3,5,4,2,0.5,70.274,3190.0,False,Đã chấm điểm
17026,United Kingdom,2010-10-18,2011-06-07,3,175.83,Need Attention,0,3,3,1,,,,False,Không đủ điều kiện chấm điểm
13088,United Kingdom,2010-10-18,2010-10-18,1,236.11,Hibernating,0,1,1,1,,,,False,Không đủ điều kiện chấm điểm
15710,United Kingdom,2010-10-18,2010-10-18,1,898.87,Hibernating,0,1,1,3,,,,False,Không đủ điều kiện chấm điểm
17655,United Kingdom,2010-10-19,2011-11-29,9,2909.18,Champions,1,5,5,5,0.408,233.688,1328.0,False,Đã chấm điểm
17219,United Kingdom,2010-10-19,2011-11-08,2,259.13,Potential Loyalist,3,4,2,1,0.739,84.429,3039.0,False,Đã chấm điểm
14524,United Kingdom,2010-10-19,2011-11-08,13,2909.86,Champions,1,4,5,5,0.371,193.633,1705.0,False,Đã chấm điểm
15011,United Kingdom,2010-10-19,2010-11-09,2,416.6,Hibernating,0,2,2,2,,,,False,Không đủ điều kiện chấm điểm
14585,United Kingdom,2010-10-19,2011-10-20,5,1143.27,Champions,2,4,4,3,0.762,119.74,2623.0,False,Đã chấm điểm
14332,United Kingdom,2010-10-19,2011-11-17,5,1917.41,Champions,3,4,4,4,0.512,261.411,1083.0,False,Đã chấm điểm
17967,United Kingdom,2010-10-19,2010-12-03,2,223.42,Hibernating,0,2,2,1,,,,False,Không đủ điều kiện chấm điểm
17397,United Kingdom,2010-10-19,2011-11-17,3,1198.28,Champions,3,4,3,4,0.654,445.921,356.0,True,Đã chấm điểm
13134,United Kingdom,2010-10-19,2011-09-15,6,2449.73,Loyal,2,3,4,4,0.313,206.89,1578.0,False,Đã chấm điểm
13840,United Kingdom,2010-10-19,2010-10-19,1,651.4,Hibernating,0,1,1,3,,,,False,Không đủ điều kiện chấm điểm
13981,United Kingdom,2010-10-20,2010-10-20,1,331.14,Hibernating,0,1,1,2,,,,False,Không đủ điều kiện chấm điểm
15608,United Kingdom,2010-10-20,2011-11-11,5,1785.98,Champions,3,4,4,4,0.416,338.715,651.0,False,Đã chấm điểm
14617,United Kingdom,2010-10-20,2010-11-02,2,190.47,Hibernating,0,2,2,1,,,,False,Không đủ điều kiện chấm điểm
18066,United Kingdom,2010-10-20,2011-09-25,3,1440.4,Loyal,2,3,3,4,0.761,242.144,1254.0,False,Đã chấm điểm
15377,United Kingdom,2010-10-20,2010-11-22,4,1211.75,At Risk,2,2,3,4,,,,False,Không đủ điều kiện chấm điểm
16201,United Kingdom,2010-10-20,2011-12-06,5,2086.92,Champions,3,5,4,4,0.309,464.308,325.0,True,Đã chấm điểm
16776,United Kingdom,2010-10-20,2011-10-10,2,592.51,Need Attention,3,3,2,2,0.713,265.083,1056.0,False,Đã chấm điểm
15501,United Kingdom,2010-10-20,2010-10-31,2,399.95,Hibernating,0,2,2,2,,,,False,Không đủ điều kiện chấm điểm
16916,United Kingdom,2010-10-20,2011-11-16,4,896.12,Potential Loyalist,3,4,3,3,0.731,267.532,1039.0,False,Đã chấm điểm
16642,United Kingdom,2010-10-20,2011-12-05,3,1077.45,Potential Loyalist,3,5,3,3,0.718,213.705,1514.0,False,Đã chấm điểm
16903,United Kingdom,2010-10-20,2011-11-10,3,1021.35,Potential Loyalist,3,4,3,3,0.727,264.067,1065.0,False,Đã chấm điểm
15647,United Kingdom,2010-10-20,2010-10-20,1,169.0,Hibernating,0,1,1,1,,,,False,Không đủ điều kiện chấm điểm
14612,United Kingdom,2010-10-20,2010-10-20,1,877.7,Hibernating,0,1,1,3,,,,False,Không đủ điều kiện chấm điểm
17038,United Kingdom,2010-10-20,2011-11-09,2,743.17,Potential Loyalist,3,4,2,3,0.753,84.586,3035.0,False,Đã chấm điểm
12387,Australia,2010-10-20,2010-10-20,1,143.94,Hibernating,0,1,1,1,,,,False,Không đủ điều kiện chấm điểm
16590,United Kingdom,2010-10-21,2010-11-04,2,572.0,Hibernating,0,2,2,2,,,,False,Không đủ điều kiện chấm điểm
17924,United Kingdom,2010-10-21,2011-11-28,8,3257.7,Champions,1,5,4,5,0.287,706.232,124.0,True,Đã chấm điểm
17483,United Kingdom,2010-10-21,2011-10-05,4,591.73,Loyal,3,3,3,2,0.56,113.41,2726.0,False,Đã chấm điểm
13195,United Kingdom,2010-10-21,2010-10-21,1,136.73,Hibernating,0,1,1,1,,,,False,Không đủ điều kiện chấm điểm
13836,United Kingdom,2010-10-21,2010-11-05,2,620.37,At Risk,0,2,2,3,,,,False,Không đủ điều kiện chấm điểm
12400,Australia,2010-10-21,2010-10-21,1,205.25,Hibernating,0,1,1,1,,,,False,Không đủ điều kiện chấm điểm
15995,United Kingdom,2010-10-21,2010-10-21,1,694.54,Hibernating,0,1,1,3,,,,False,Không đủ điều kiện chấm điểm
15257,United Kingdom,2010-10-21,2011-03-01,2,520.9,Hibernating,0,2,2,2,,,,False,Không đủ điều kiện chấm điểm
14148,United Kingdom,2010-10-21,2011-04-20,2,466.29,Hibernating,0,2,2,2,,,,False,Không đủ điều kiện chấm điểm
13936,United Kingdom,2010-10-21,2011-06-13,3,924.36,Loyal,2,3,3,3,0.759,137.191,2385.0,False,Đã chấm điểm
18243,United Kingdom,2010-10-21,2010-10-21,1,515.78,Hibernating,0,1,1,2,,,,False,Không đủ điều kiện chấm điểm
13166,United Kingdom,2010-10-21,2011-03-01,2,875.93,At Risk,2,2,2,3,,,,False,Không đủ điều kiện chấm điểm
14216,United Kingdom,2010-10-21,2011-12-06,5,2150.04,Champions,3,5,4,4,0.238,438.57,373.0,True,Đã chấm điểm
13581,United Kingdom,2010-10-21,2011-02-03,2,280.53,Hibernating,0,2,2,1,,,,False,Không đủ điều kiện chấm điểm
16540,United Kingdom,2010-10-21,2010-10-21,1,205.75,Hibernating,0,1,1,1,,,,False,Không đủ điều kiện chấm điểm
12899,United Kingdom,2010-10-22,2010-10-22,1,366.4,Hibernating,0,1,1,2,,,,False,Không đủ điều kiện chấm điểm
12973,United Kingdom,2010-10-22,2010-10-22,1,385.55,Hibernating,0,1,1,2,,,,False,Không đủ điều kiện chấm điểm
12419,Spain,2010-10-22,2010-11-19,2,391.01,Hibernating,0,2,2,2,,,,False,Không đủ điều kiện chấm điểm
16226,United Kingdom,2010-10-22,2011-05-20,5,672.17,At Risk,2,2,4,3,,,,False,Không đủ điều kiện chấm điểm
14945,United Kingdom,2010-10-22,2010-10-22,1,179.4,Hibernating,0,1,1,1,,,,False,Không đủ điều kiện chấm điểm
13746,United Kingdom,2010-10-22,2010-10-22,1,176.69,Hibernating,0,1,1,1,,,,False,Không đủ điều kiện chấm điểm
13106,United Kingdom,2010-10-22,2011-07-29,2,603.46,Loyal,0,3,2,3,0.896,46.034,3365.0,False,Đã chấm điểm
18055,United Kingdom,2010-10-22,2011-12-02,14,10124.79,Champions,1,5,5,5,0.206,396.464,465.0,True,Đã chấm điểm
12787,Netherlands,2010-10-22,2011-11-30,4,799.18,Potential Loyalist,3,5,3,3,0.551,107.48,2795.0,False,Đã chấm điểm
16491,United Kingdom,2010-10-22,2011-10-24,2,1533.16,Potential Loyalist,3,4,2,4,0.709,518.544,254.0,True,Đã chấm điểm
14728,United Kingdom,2010-10-22,2010-10-22,1,190.58,Hibernating,0,1,1,1,,,,False,Không đủ điều kiện chấm điểm
13165,United Kingdom,2010-10-22,2011-10-24,3,1451.16,Champions,3,4,3,4,0.709,472.795,312.0,True,Đã chấm điểm
13263,United Kingdom,2010-10-22,2011-12-08,38,8650.98,Champions,1,5,5,5,0.011,25.458,3433.0,False,Đã chấm điểm
16010,United Kingdom,2010-10-24,2011-04-08,11,1692.91,At Risk,2,2,5,4,,,,False,Không đủ điều kiện chấm điểm
17843,United Kingdom,2010-10-24,2011-02-09,2,312.65,Hibernating,0,2,2,2,,,,False,Không đủ điều kiện chấm điểm
13241,United Kingdom,2010-10-24,2010-10-24,1,112.53,Hibernating,0,1,1,1,,,,False,Không đủ điều kiện chấm điểm
16024,United Kingdom,2010-10-24,2011-11-27,3,478.71,Potential Loyalist,3,5,3,2,0.729,179.064,1890.0,False,Đã chấm điểm
17407,United Kingdom,2010-10-24,2010-10-24,1,552.9,Hibernating,0,1,1,2,,,,False,Không đủ điều kiện chấm điểm
16445,United Kingdom,2010-10-24,2011-11-06,4,583.16,Potential Loyalist,3,4,3,2,0.721,166.201,2016.0,False,Đã chấm điểm
16373,United Kingdom,2010-10-24,2010-11-22,2,309.49,Hibernating,0,2,2,2,,,,False,Không đủ điều kiện chấm điểm
17260,United Kingdom,2010-10-24,2010-10-24,1,120.95,Hibernating,0,1,1,1,,,,False,Không đủ điều kiện chấm điểm
13574,United Kingdom,2010-10-24,2010-10-24,1,404.45,Hibernating,0,1,1,2,,,,False,Không đủ điều kiện chấm điểm
17435,United Kingdom,2010-10-24,2010-10-24,1,331.35,Hibernating,0,1,1,2,,,,False,Không đủ điều kiện chấm điểm
16920,United Kingdom,2010-10-24,2010-10-24,1,355.45,Hibernating,0,1,1,2,,,,False,Không đủ điều kiện chấm điểm
13977,United Kingdom,2010-10-24,2010-10-24,1,519.81,Hibernating,0,1,1,2,,,,False,Không đủ điều kiện chấm điểm
18110,United Kingdom,2010-10-24,2011-11-20,2,364.98,Potential Loyalist,3,4,2,2,0.737,126.373,2534.0,False,Đã chấm điểm
18116,United Kingdom,2010-10-24,2011-10-03,13,2130.89,Loyal,1,3,5,4,0.499,103.832,2844.0,False,Đã chấm điểm
15337,United Kingdom,2010-10-24,2010-10-24,1,373.02,Hibernating,0,1,1,2,,,,False,Không đủ điều kiện chấm điểm
13898,United Kingdom,2010-10-24,2011-01-18,2,686.4,At Risk,0,2,2,3,,,,False,Không đủ điều kiện chấm điểm
13565,United Kingdom,2010-10-24,2011-11-20,3,414.8,Potential Loyalist,3,4,3,2,0.747,97.192,2906.0,False,Đã chấm điểm
16904,United Kingdom,2010-10-24,2011-12-05,20,4656.56,Champions,1,5,5,5,0.068,70.812,3187.0,False,Đã chấm điểm
16726,United Kingdom,2010-10-24,2011-11-13,7,2063.88,Champions,1,4,4,4,0.648,228.88,1368.0,False,Đã chấm điểm
15065,United Kingdom,2010-10-25,2011-11-02,5,3316.36,Champions,2,4,4,5,0.379,356.779,586.0,False,Đã chấm điểm
15174,United Kingdom,2010-10-25,2011-01-21,2,481.46,Hibernating,0,2,2,2,,,,False,Không đủ điều kiện chấm điểm
14197,United Kingdom,2010-10-25,2010-10-25,1,390.05,Hibernating,0,1,1,2,,,,False,Không đủ điều kiện chấm điểm
16193,United Kingdom,2010-10-25,2011-04-17,2,630.43,At Risk,0,2,2,3,,,,False,Không đủ điều kiện chấm điểm
17981,United Kingdom,2010-10-25,2010-10-25,1,239.12,Hibernating,0,1,1,1,,,,False,Không đủ điều kiện chấm điểm
15294,United Kingdom,2010-10-25,2010-10-25,1,233.35,Hibernating,0,1,1,1,,,,False,Không đủ điều kiện chấm điểm
15370,United Kingdom,2010-10-25,2011-10-30,8,3739.01,Champions,1,4,4,5,0.245,176.678,1917.0,False,Đã chấm điểm
14690,United Kingdom,2010-10-25,2011-10-26,4,768.83,Potential Loyalist,3,4,3,3,0.613,128.928,2510.0,False,Đã chấm điểm
12790,Netherlands,2010-10-25,2011-05-31,2,526.95,Hibernating,0,2,2,2,,,,False,Không đủ điều kiện chấm điểm
15646,United Kingdom,2010-10-25,2011-07-05,5,762.31,Loyal,2,3,4,3,0.723,62.002,3263.0,False,Đã chấm điểm
14718,United Kingdom,2010-10-25,2010-10-25,1,226.42,Hibernating,0,1,1,1,,,,False,Không đủ điều kiện chấm điểm
16241,United Kingdom,2010-10-25,2011-11-30,16,3989.81,Champions,1,5,5,5,0.089,69.408,3196.0,False,Đã chấm điểm
17070,United Kingdom,2010-10-25,2011-08-17,2,437.42,Need Attention,0,3,2,2,0.711,169.401,1986.0,False,Đã chấm điểm
17767,United Kingdom,2010-10-25,2011-11-24,2,413.05,Potential Loyalist,3,5,2,2,0.709,192.379,1717.0,False,Đã chấm điểm
12475,Germany,2010-10-26,2011-10-17,2,1065.64,Potential Loyalist,3,4,2,3,0.705,471.754,314.0,True,Đã chấm điểm
12411,Australia,2010-10-26,2010-10-26,1,346.9,Hibernating,0,1,1,2,,,,False,Không đủ điều kiện chấm điểm
16863,United Kingdom,2010-10-26,2011-11-08,3,834.27,Potential Loyalist,3,4,3,3,0.719,243.445,1242.0,False,Đã chấm điểm
14673,United Kingdom,2010-10-26,2011-12-06,7,3037.32,Champions,1,5,4,5,0.279,379.728,517.0,False,Đã chấm điểm
16785,United Kingdom,2010-10-26,2010-10-26,1,533.78,Hibernating,0,1,1,2,,,,False,Không đủ điều kiện chấm điểm
13363,United Kingdom,2010-10-26,2011-11-22,3,1623.86,Champions,3,5,3,4,0.42,374.782,530.0,False,Đã chấm điểm
15620,United Kingdom,2010-10-26,2011-10-14,4,1927.36,Champions,2,4,3,4,0.629,285.392,927.0,False,Đã chấm điểm
16962,United Kingdom,2010-10-26,2010-10-26,1,251.04,Hibernating,0,1,1,1,,,,False,Không đủ điều kiện chấm điểm
14278,United Kingdom,2010-10-26,2010-10-26,1,205.83,Hibernating,0,1,1,1,,,,False,Không đủ điều kiện chấm điểm
16034,United Kingdom,2010-10-26,2011-05-27,6,911.32,At Risk,2,2,4,3,,,,False,Không đủ điều kiện chấm điểm
13578,United Kingdom,2010-10-26,2010-10-26,1,147.66,Hibernating,0,1,1,1,,,,False,Không đủ điều kiện chấm điểm
13274,United Kingdom,2010-10-26,2010-10-26,1,360.85,Hibernating,0,1,1,2,,,,False,Không đủ điều kiện chấm điểm
12775,Netherlands,2010-10-26,2011-11-22,7,1516.32,Champions,3,5,4,4,0.513,192.55,1716.0,False,Đã chấm điểm
13906,United Kingdom,2010-10-26,2010-10-26,1,42.0,Hibernating,0,1,1,1,,,,False,Không đủ điều kiện chấm điểm
16757,United Kingdom,2010-10-26,2011-01-25,2,270.48,Hibernating,0,2,2,1,,,,False,Không đủ điều kiện chấm điểm
15773,United Kingdom,2010-10-26,2011-12-04,2,774.52,Potential Loyalist,3,5,2,3,0.518,329.536,690.0,False,Đã chấm điểm
15536,United Kingdom,2010-10-26,2010-10-26,1,259.09,Hibernating,0,1,1,1,,,,False,Không đủ điều kiện chấm điểm
14271,United Kingdom,2010-10-26,2011-04-28,2,214.18,Hibernating,0,2,2,1,,,,False,Không đủ điều kiện chấm điểm
15390,Canada,2010-10-26,2010-11-08,2,1216.66,At Risk,2,2,2,4,,,,False,Không đủ điều kiện chấm điểm
16639,United Kingdom,2010-10-26,2011-11-08,4,1660.68,Champions,3,4,3,4,0.468,209.029,1562.0,False,Đã chấm điểm
12537,Sweden,2010-10-27,2010-10-27,1,612.94,Hibernating,0,2,1,3,,,,False,Không đủ điều kiện chấm điểm
12505,Italy,2010-10-27,2010-10-27,1,767.3,Hibernating,0,2,1,3,,,,False,Không đủ điều kiện chấm điểm
14475,United Kingdom,2010-10-27,2011-09-29,4,1151.15,Loyal,2,3,3,3,0.606,180.692,1866.0,False,Đã chấm điểm
12563,Italy,2010-10-27,2010-10-27,1,221.24,Hibernating,0,2,1,1,,,,False,Không đủ điều kiện chấm điểm
12591,Italy,2010-10-27,2011-01-26,3,1114.95,At Risk,2,2,3,3,,,,False,Không đủ điều kiện chấm điểm
16188,United Kingdom,2010-10-27,2011-10-26,5,1077.71,Champions,3,4,4,3,0.44,159.957,2103.0,False,Đã chấm điểm
16433,United Kingdom,2010-10-27,2011-11-11,2,384.52,Potential Loyalist,3,4,2,2,0.71,130.737,2483.0,False,Đã chấm điểm
12353,Bahrain,2010-10-27,2011-05-19,2,406.76,Hibernating,0,2,2,2,,,,False,Không đủ điều kiện chấm điểm
13547,United Kingdom,2010-10-27,2010-10-27,1,164.53,Hibernating,0,2,1,1,,,,False,Không đủ điều kiện chấm điểm
17000,United Kingdom,2010-10-27,2010-11-08,2,406.3,Hibernating,0,2,2,2,,,,False,Không đủ điều kiện chấm điểm
14281,United Kingdom,2010-10-27,2010-10-27,1,245.15,Hibernating,0,2,1,1,,,,False,Không đủ điều kiện chấm điểm
15328,United Kingdom,2010-10-28,2010-10-28,1,107.24,Hibernating,0,2,1,1,,,,False,Không đủ điều kiện chấm điểm
12766,Portugal,2010-10-28,2011-12-06,9,8114.99,Champions,1,5,5,5,0.248,376.644,526.0,False,Đã chấm điểm
15285,United Kingdom,2010-10-28,2010-10-28,1,94.92,Hibernating,0,2,1,1,,,,False,Không đủ điều kiện chấm điểm
16343,United Kingdom,2010-10-28,2011-11-23,3,614.12,Potential Loyalist,3,5,3,3,0.661,217.243,1476.0,False,Đã chấm điểm
16630,United Kingdom,2010-10-28,2010-10-28,1,106.8,Hibernating,0,2,1,1,,,,False,Không đủ điều kiện chấm điểm
16183,United Kingdom,2010-10-28,2011-10-03,4,1077.81,Loyal,2,3,3,3,0.763,258.561,1108.0,False,Đã chấm điểm
13669,United Kingdom,2010-10-28,2011-10-20,3,413.55,Potential Loyalist,3,4,3,2,0.647,84.85,3031.0,False,Đã chấm điểm
16265,United Kingdom,2010-10-28,2011-11-30,12,6657.27,Champions,1,5,5,5,0.287,287.578,912.0,False,Đã chấm điểm
14294,United Kingdom,2010-10-28,2010-10-28,1,375.34,Hibernating,0,2,1,2,,,,False,Không đủ điều kiện chấm điểm
14834,United Kingdom,2010-10-28,2011-11-22,7,2206.16,Champions,1,5,4,4,0.249,159.974,2102.0,False,Đã chấm điểm
16780,United Kingdom,2010-10-28,2011-08-31,3,596.4,Loyal,2,3,3,3,0.694,101.473,2866.0,False,Đã chấm điểm
13780,United Kingdom,2010-10-28,2011-12-02,3,732.07,Potential Loyalist,3,5,3,3,0.676,128.09,2522.0,False,Đã chấm điểm
17974,United Kingdom,2010-10-28,2011-11-15,6,1739.09,Champions,3,4,4,4,0.568,163.57,2048.0,False,Đã chấm điểm
16635,United Kingdom,2010-10-29,2010-10-29,1,473.0,Hibernating,0,2,1,2,,,,False,Không đủ điều kiện chấm điểm
15170,United Kingdom,2010-10-29,2010-10-29,1,81.15,Hibernating,0,2,1,1,,,,False,Không đủ điều kiện chấm điểm
17334,United Kingdom,2010-10-29,2011-02-10,3,635.15,At Risk,2,2,3,3,,,,False,Không đủ điều kiện chấm điểm
17934,United Kingdom,2010-10-29,2011-10-19,3,1049.15,Potential Loyalist,3,4,3,3,0.634,446.532,355.0,True,Đã chấm điểm
17821,United Kingdom,2010-10-29,2010-10-29,1,334.62,Hibernating,0,2,1,2,,,,False,Không đủ điều kiện chấm điểm
13282,United Kingdom,2010-10-29,2011-11-21,4,1313.19,Champions,3,5,3,4,0.53,244.452,1230.0,False,Đã chấm điểm
13580,United Kingdom,2010-10-29,2010-10-29,1,107.75,Hibernating,0,2,1,1,,,,False,Không đủ điều kiện chấm điểm
16058,United Kingdom,2010-10-29,2010-10-29,1,62.7,Hibernating,0,2,1,1,,,,False,Không đủ điều kiện chấm điểm
12608,United Kingdom,2010-10-31,2010-10-31,1,415.79,Hibernating,0,2,1,2,,,,False,Không đủ điều kiện chấm điểm
12601,Germany,2010-10-31,2011-06-03,6,573.26,At Risk,2,2,4,2,,,,False,Không đủ điều kiện chấm điểm
16724,United Kingdom,2010-10-31,2010-10-31,1,147.35,Hibernating,0,2,1,1,,,,False,Không đủ điều kiện chấm điểm
18278,United Kingdom,2010-10-31,2011-09-27,2,414.2,Need Attention,3,3,2,2,0.769,133.732,2434.0,False,Đã chấm điểm
14848,United Kingdom,2010-10-31,2010-10-31,1,310.56,Hibernating,0,2,1,2,,,,False,Không đủ điều kiện chấm điểm
13833,United Kingdom,2010-10-31,2011-07-03,2,700.41,Loyal,0,3,2,3,0.772,166.773,2007.0,False,Đã chấm điểm
15675,United Kingdom,2010-10-31,2011-09-19,4,542.04,Loyal,2,3,3,2,0.677,108.788,2779.0,False,Đã chấm điểm
12347,Iceland,2010-10-31,2011-12-07,8,4921.53,Champions,1,5,4,5,0.264,300.535,839.0,False,Đã chấm điểm
17951,United Kingdom,2010-10-31,2011-10-31,4,1340.58,Champions,3,4,3,4,0.699,418.991,407.0,True,Đã chấm điểm
14429,United Kingdom,2010-11-01,2010-11-01,1,516.28,Hibernating,0,2,1,2,,,,False,Không đủ điều kiện chấm điểm
17306,United Kingdom,2010-11-01,2011-11-29,21,9782.35,Champions,1,5,5,5,0.047,103.055,2852.0,False,Đã chấm điểm
16876,United Kingdom,2010-11-01,2010-11-01,1,136.01,Hibernating,0,2,1,1,,,,False,Không đủ điều kiện chấm điểm
14777,United Kingdom,2010-11-01,2010-11-01,1,273.66,Hibernating,0,2,1,1,,,,False,Không đủ điều kiện chấm điểm
15729,United Kingdom,2010-11-01,2011-05-11,3,154.7,Hibernating,0,2,3,1,,,,False,Không đủ điều kiện chấm điểm
18127,United Kingdom,2010-11-01,2011-11-20,4,556.13,Potential Loyalist,3,4,3,2,0.587,136.848,2391.0,False,Đã chấm điểm
12492,Germany,2010-11-01,2011-10-07,3,607.21,Loyal,3,3,3,3,0.643,124.067,2568.0,False,Đã chấm điểm
13359,United Kingdom,2010-11-01,2011-10-07,2,917.46,Loyal,3,3,2,3,0.745,290.212,893.0,False,Đã chấm điểm
13597,United Kingdom,2010-11-02,2010-11-04,2,377.21,Hibernating,0,2,2,2,,,,False,Không đủ điều kiện chấm điểm
14206,United Kingdom,2010-11-02,2011-04-14,3,1165.11,At Risk,2,2,3,3,,,,False,Không đủ điều kiện chấm điểm
17121,United Kingdom,2010-11-02,2010-11-02,1,314.74,Hibernating,0,2,1,2,,,,False,Không đủ điều kiện chấm điểm
13607,United Kingdom,2010-11-02,2011-10-30,2,1058.11,Potential Loyalist,3,4,2,3,0.678,457.93,335.0,True,Đã chấm điểm
13535,United Kingdom,2010-11-02,2010-11-02,1,89.5,Hibernating,0,2,1,1,,,,False,Không đủ điều kiện chấm điểm
13937,United Kingdom,2010-11-02,2011-06-23,2,867.38,Loyal,2,3,2,3,0.782,65.795,3228.0,False,Đã chấm điểm
13251,United Kingdom,2010-11-02,2010-11-02,1,252.68,Hibernating,0,2,1,1,,,,False,Không đủ điều kiện chấm điểm
13453,United Kingdom,2010-11-02,2011-06-27,3,781.69,Loyal,2,3,3,3,0.786,73.249,3162.0,False,Đã chấm điểm
12413,France,2010-11-02,2011-10-04,4,871.45,Loyal,2,3,3,3,0.72,71.292,3184.0,False,Đã chấm điểm
16016,United Kingdom,2010-11-02,2011-12-06,11,2074.9,Champions,1,5,5,4,0.265,115.625,2687.0,False,Đã chấm điểm
13523,United Kingdom,2010-11-02,2011-11-06,6,4369.57,Champions,1,4,4,5,0.262,380.941,510.0,False,Đã chấm điểm
14733,United Kingdom,2010-11-02,2011-11-23,15,14335.15,Champions,1,5,5,5,0.322,286.449,920.0,False,Đã chấm điểm
17276,United Kingdom,2010-11-02,2010-11-02,1,496.29,Hibernating,0,2,1,2,,,,False,Không đủ điều kiện chấm điểm
13310,United Kingdom,2010-11-02,2011-11-11,5,1511.85,Champions,3,4,4,4,0.705,216.321,1487.0,False,Đã chấm điểm
17363,United Kingdom,2010-11-02,2010-11-09,3,920.46,At Risk,2,2,3,3,,,,False,Không đủ điều kiện chấm điểm
12855,United Kingdom,2010-11-02,2010-12-02,4,612.84,At Risk,2,2,3,3,,,,False,Không đủ điều kiện chấm điểm
13215,United Kingdom,2010-11-02,2010-11-02,1,81.6,Hibernating,0,2,1,1,,,,False,Không đủ điều kiện chấm điểm
15458,United Kingdom,2010-11-02,2011-11-14,2,370.44,Potential Loyalist,3,4,2,2,0.747,120.763,2603.0,False,Đã chấm điểm
13331,United Kingdom,2010-11-03,2010-11-03,1,262.4,Hibernating,0,2,1,1,,,,False,Không đủ điều kiện chấm điểm
12673,Germany,2010-11-03,2011-12-04,3,1140.02,Potential Loyalist,3,5,3,3,0.601,212.636,1524.0,False,Đã chấm điểm
15915,United Kingdom,2010-11-03,2010-11-03,1,364.24,Hibernating,0,2,1,2,,,,False,Không đủ điều kiện chấm điểm
16865,United Kingdom,2010-11-03,2010-11-03,1,130.95,Hibernating,0,2,1,1,,,,False,Không đủ điều kiện chấm điểm
15336,United Kingdom,2010-11-03,2010-11-03,1,240.5,Hibernating,0,2,1,1,,,,False,Không đủ điều kiện chấm điểm
12793,Portugal,2010-11-03,2011-01-09,3,745.53,At Risk,2,2,3,3,,,,False,Không đủ điều kiện chấm điểm
17420,United Kingdom,2010-11-03,2011-10-20,6,953.58,Champions,2,4,4,3,0.603,147.66,2258.0,False,Đã chấm điểm
13500,United Kingdom,2010-11-03,2011-11-16,4,1436.3,Champions,3,4,3,4,0.424,352.684,598.0,False,Đã chấm điểm
15233,United Kingdom,2010-11-03,2010-11-03,1,59.4,Hibernating,0,2,1,1,,,,False,Không đủ điều kiện chấm điểm
13686,United Kingdom,2010-11-03,2011-06-10,3,409.04,Loyal,0,3,3,2,,,,False,Không đủ điều kiện chấm điểm
15158,United Kingdom,2010-11-03,2011-10-25,2,441.02,Potential Loyalist,3,4,2,2,0.74,297.069,853.0,False,Đã chấm điểm
17254,United Kingdom,2010-11-03,2011-12-05,3,469.48,Potential Loyalist,3,5,3,2,0.551,149.501,2232.0,False,Đã chấm điểm
16542,United Kingdom,2010-11-03,2011-10-17,2,257.32,Potential Loyalist,3,4,2,1,0.728,87.047,3007.0,False,Đã chấm điểm
16178,United Kingdom,2010-11-03,2011-07-24,2,612.6,Loyal,0,3,2,3,0.815,104.438,2834.0,False,Đã chấm điểm
15481,Norway,2010-11-03,2010-11-03,1,1993.34,At Risk,2,2,1,4,,,,False,Không đủ điều kiện chấm điểm
13034,United Kingdom,2010-11-03,2011-10-16,3,756.82,Potential Loyalist,3,4,3,3,0.716,341.505,636.0,False,Đã chấm điểm
13049,United Kingdom,2010-11-03,2011-10-06,4,1408.24,Loyal,2,3,3,4,0.752,378.156,521.0,False,Đã chấm điểm
16712,United Kingdom,2010-11-03,2011-11-30,13,4225.22,Champions,1,5,5,5,0.084,95.635,2929.0,False,Đã chấm điểm
16050,United Kingdom,2010-11-03,2011-06-19,3,300.7,Loyal,0,3,3,2,0.814,58.059,3299.0,False,Đã chấm điểm
13987,United Kingdom,2010-11-04,2010-11-25,2,682.54,At Risk,0,2,2,3,,,,False,Không đủ điều kiện chấm điểm
15724,United Kingdom,2010-11-04,2011-05-22,3,310.85,At Risk,0,2,3,2,,,,False,Không đủ điều kiện chấm điểm
14737,United Kingdom,2010-11-04,2011-12-06,4,3554.17,Champions,3,5,3,5,0.623,317.529,739.0,False,Đã chấm điểm
15379,United Kingdom,2010-11-04,2011-06-23,8,4824.14,Loyal,2,3,4,5,0.635,177.44,1908.0,False,Đã chấm điểm
17702,United Kingdom,2010-11-04,2011-11-09,6,3075.69,Champions,1,4,4,5,0.346,271.722,1015.0,False,Đã chấm điểm
12914,United Kingdom,2010-11-04,2010-11-04,1,223.98,Hibernating,0,2,1,1,,,,False,Không đủ điều kiện chấm điểm
13258,United Kingdom,2010-11-04,2011-11-28,5,1009.43,Champions,3,5,4,3,0.532,156.39,2147.0,False,Đã chấm điểm
14447,United Kingdom,2010-11-04,2011-11-21,6,1711.73,Champions,3,5,4,4,0.521,213.955,1510.0,False,Đã chấm điểm
17286,United Kingdom,2010-11-04,2011-11-18,3,389.18,Potential Loyalist,3,4,3,2,0.753,114.007,2718.0,False,Đã chấm điểm
17977,United Kingdom,2010-11-04,2011-11-10,2,1453.55,Potential Loyalist,3,4,2,4,0.704,202.794,1615.0,False,Đã chấm điểm
13303,United Kingdom,2010-11-04,2010-11-04,1,61.72,Hibernating,0,2,1,1,,,,False,Không đủ điều kiện chấm điểm
13172,United Kingdom,2010-11-04,2010-11-04,1,69.6,Hibernating,0,2,1,1,,,,False,Không đủ điều kiện chấm điểm
13660,United Kingdom,2010-11-04,2010-11-04,1,306.64,Hibernating,0,2,1,2,,,,False,Không đủ điều kiện chấm điểm
13903,United Kingdom,2010-11-04,2010-11-04,1,165.45,Hibernating,0,2,1,1,,,,False,Không đủ điều kiện chấm điểm
16228,United Kingdom,2010-11-04,2010-11-19,3,885.71,At Risk,2,2,3,3,,,,False,Không đủ điều kiện chấm điểm
13846,United Kingdom,2010-11-05,2011-11-15,4,1307.79,Champions,3,4,3,4,0.683,114.733,2704.0,False,Đã chấm điểm
13646,United Kingdom,2010-11-05,2010-11-05,2,326.25,Hibernating,0,2,2,2,,,,False,Không đủ điều kiện chấm điểm
13996,United Kingdom,2010-11-05,2010-11-18,2,845.76,At Risk,0,2,2,3,,,,False,Không đủ điều kiện chấm điểm
18018,United Kingdom,2010-11-05,2011-08-23,3,156.69,Need Attention,0,3,3,1,0.744,40.883,3389.0,False,Đã chấm điểm
15560,United Kingdom,2010-11-07,2010-11-07,2,153.52,Hibernating,0,2,2,1,,,,False,Không đủ điều kiện chấm điểm
16640,United Kingdom,2010-11-07,2010-11-07,1,179.4,Hibernating,0,2,1,1,,,,False,Không đủ điều kiện chấm điểm
18083,United Kingdom,2010-11-07,2010-11-07,1,463.53,Hibernating,0,2,1,2,,,,False,Không đủ điều kiện chấm điểm
17033,United Kingdom,2010-11-07,2011-09-14,4,1332.79,Loyal,2,3,3,4,0.618,186.909,1780.0,False,Đã chấm điểm
16931,United Kingdom,2010-11-07,2011-12-04,23,5032.22,Champions,1,5,5,5,0.023,29.191,3426.0,False,Đã chấm điểm
14203,United Kingdom,2010-11-07,2010-11-07,1,339.34,Hibernating,0,2,1,2,,,,False,Không đủ điều kiện chấm điểm
16559,United Kingdom,2010-11-07,2010-11-07,1,175.0,Hibernating,0,2,1,1,,,,False,Không đủ điều kiện chấm điểm
16899,United Kingdom,2010-11-07,2011-12-02,8,1695.77,Champions,1,5,4,4,0.393,187.225,1776.0,False,Đã chấm điểm
15996,United Kingdom,2010-11-07,2011-09-12,7,1370.5,Loyal,2,3,4,4,0.527,97.553,2903.0,False,Đã chấm điểm
12892,United Kingdom,2010-11-08,2010-11-08,1,263.38,Hibernating,0,2,1,1,,,,False,Không đủ điều kiện chấm điểm
13138,United Kingdom,2010-11-08,2011-11-17,7,1261.26,Champions,3,4,4,4,0.463,132.946,2443.0,False,Đã chấm điểm
14927,United Kingdom,2010-11-08,2010-11-08,1,308.2,Hibernating,0,2,1,2,,,,False,Không đủ điều kiện chấm điểm
14193,United Kingdom,2010-11-08,2011-10-03,3,1210.19,Loyal,2,3,3,4,0.652,185.599,1793.0,False,Đã chấm điểm
13967,United Kingdom,2010-11-08,2011-07-17,2,166.3,Need Attention,0,3,2,1,0.865,43.04,3381.0,False,Đã chấm điểm
17084,United Kingdom,2010-11-08,2011-11-04,3,5001.21,Champions,2,4,3,5,0.528,1451.367,25.0,True,Đã chấm điểm
16420,United Kingdom,2010-11-08,2010-11-08,1,75.0,Hibernating,0,2,1,1,,,,False,Không đủ điều kiện chấm điểm
13738,United Kingdom,2010-11-08,2010-11-08,1,434.78,Hibernating,0,2,1,2,,,,False,Không đủ điều kiện chấm điểm
17548,United Kingdom,2010-11-08,2010-11-21,2,384.6,Hibernating,0,2,2,2,,,,False,Không đủ điều kiện chấm điểm
18098,United Kingdom,2010-11-08,2010-11-08,1,527.94,Hibernating,0,2,1,2,,,,False,Không đủ điều kiện chấm điểm
13691,United Kingdom,2010-11-08,2010-11-08,1,210.78,Hibernating,0,2,1,1,,,,False,Không đủ điều kiện chấm điểm
15635,United Kingdom,2010-11-09,2010-11-09,1,100.35,Hibernating,0,2,1,1,,,,False,Không đủ điều kiện chấm điểm
12454,Spain,2010-11-09,2010-11-09,1,4098.96,At Risk,2,2,1,5,,,,False,Không đủ điều kiện chấm điểm
17274,United Kingdom,2010-11-09,2011-11-04,2,573.22,Potential Loyalist,3,4,2,2,0.77,82.974,3057.0,False,Đã chấm điểm
16223,United Kingdom,2010-11-09,2010-11-30,2,1087.05,At Risk,2,2,2,3,,,,False,Không đủ điều kiện chấm điểm
17208,United Kingdom,2010-11-09,2010-11-09,1,111.15,Hibernating,0,2,1,1,,,,False,Không đủ điều kiện chấm điểm
17467,United Kingdom,2010-11-09,2010-11-09,1,102.6,Hibernating,0,2,1,1,,,,False,Không đủ điều kiện chấm điểm
17983,United Kingdom,2010-11-09,2010-11-09,1,171.71,Hibernating,0,2,1,1,,,,False,Không đủ điều kiện chấm điểm
16740,United Kingdom,2010-11-09,2010-11-09,1,226.91,Hibernating,0,2,1,1,,,,False,Không đủ điều kiện chấm điểm
17878,United Kingdom,2010-11-09,2011-10-27,3,1378.93,Champions,3,4,3,4,0.736,279.43,975.0,False,Đã chấm điểm
14170,United Kingdom,2010-11-09,2010-11-29,3,570.18,At Risk,0,2,3,2,,,,False,Không đủ điều kiện chấm điểm
14899,United Kingdom,2010-11-09,2010-11-09,1,1331.38,At Risk,0,2,1,4,,,,False,Không đủ điều kiện chấm điểm
14077,United Kingdom,2010-11-09,2011-10-30,6,615.08,Champions,3,4,4,3,0.469,71.373,3182.0,False,Đã chấm điểm
17374,United Kingdom,2010-11-09,2011-05-05,3,711.21,At Risk,2,2,3,3,,,,False,Không đủ điều kiện chấm điểm
13721,United Kingdom,2010-11-09,2011-11-03,2,741.54,Potential Loyalist,3,4,2,3,0.685,359.1,578.0,False,Đã chấm điểm
12927,United Kingdom,2010-11-10,2010-11-10,1,197.31,Hibernating,0,2,1,1,,,,False,Không đủ điều kiện chấm điểm
13671,United Kingdom,2010-11-10,2010-11-10,1,172.6,Hibernating,0,2,1,1,,,,False,Không đủ điều kiện chấm điểm
16358,United Kingdom,2010-11-10,2011-12-08,5,2919.65,Champions,1,5,4,5,0.407,401.527,451.0,True,Đã chấm điểm
15131,United Kingdom,2010-11-10,2010-11-10,1,80.28,Hibernating,0,2,1,1,,,,False,Không đủ điều kiện chấm điểm
17756,United Kingdom,2010-11-10,2010-11-29,3,728.75,At Risk,2,2,3,3,,,,False,Không đủ điều kiện chấm điểm
15001,United Kingdom,2010-11-10,2010-11-10,2,197.11,Hibernating,0,2,2,1,,,,False,Không đủ điều kiện chấm điểm
13096,United Kingdom,2010-11-10,2010-11-10,1,419.7,Hibernating,0,2,1,2,,,,False,Không đủ điều kiện chấm điểm
15529,United Kingdom,2010-11-10,2011-11-17,12,4756.21,Champions,1,4,5,5,0.155,160.648,2092.0,False,Đã chấm điểm
12739,United Arab Emirates,2010-11-10,2011-09-01,2,2421.23,Loyal,2,3,2,4,0.678,595.475,190.0,True,Đã chấm điểm
15028,United Kingdom,2010-11-10,2011-12-01,6,962.94,Champions,3,5,4,3,0.446,196.953,1664.0,False,Đã chấm điểm
17288,United Kingdom,2010-11-10,2011-11-30,11,2468.43,Champions,1,5,5,4,0.535,214.444,1505.0,False,Đã chấm điểm
13915,United Kingdom,2010-11-10,2010-11-10,1,70.8,Hibernating,0,2,1,1,,,,False,Không đủ điều kiện chấm điểm
17903,United Kingdom,2010-11-10,2010-11-10,1,381.09,Hibernating,0,2,1,2,,,,False,Không đủ điều kiện chấm điểm
18280,United Kingdom,2010-11-10,2011-03-07,2,488.15,Hibernating,0,2,2,2,,,,False,Không đủ điều kiện chấm điểm
15368,United Kingdom,2010-11-10,2011-11-18,2,722.74,Potential Loyalist,3,4,2,3,0.686,306.449,800.0,False,Đã chấm điểm
12666,Israel,2010-11-10,2010-11-10,1,1020.98,Hibernating,0,2,1,3,,,,False,Không đủ điều kiện chấm điểm
16662,United Kingdom,2010-11-10,2010-11-10,1,151.05,Hibernating,0,2,1,1,,,,False,Không đủ điều kiện chấm điểm
16786,United Kingdom,2010-11-11,2010-11-11,1,51.84,Hibernating,0,2,1,1,,,,False,Không đủ điều kiện chấm điểm
15138,United Kingdom,2010-11-11,2010-11-11,1,502.52,Hibernating,0,2,1,2,,,,False,Không đủ điều kiện chấm điểm
17688,United Kingdom,2010-11-11,2010-11-11,1,286.5,Hibernating,0,2,1,2,,,,False,Không đủ điều kiện chấm điểm
16824,United Kingdom,2010-11-11,2011-11-24,3,686.24,Potential Loyalist,3,5,3,3,0.65,163.355,2051.0,False,Đã chấm điểm
17423,United Kingdom,2010-11-11,2011-10-24,3,1118.95,Potential Loyalist,3,4,3,3,0.699,201.619,1627.0,False,Đã chấm điểm
16284,United Kingdom,2010-11-11,2011-11-08,3,1018.48,Potential Loyalist,3,4,3,3,0.509,413.527,416.0,True,Đã chấm điểm
13226,United Kingdom,2010-11-11,2011-03-11,2,312.46,Hibernating,0,2,2,2,,,,False,Không đủ điều kiện chấm điểm
17558,United Kingdom,2010-11-11,2010-11-11,1,259.17,Hibernating,0,2,1,1,,,,False,Không đủ điều kiện chấm điểm
17815,United Kingdom,2010-11-11,2010-11-11,1,591.96,Hibernating,0,2,1,2,,,,False,Không đủ điều kiện chấm điểm
17980,United Kingdom,2010-11-11,2011-06-27,4,1012.72,Loyal,2,3,3,3,0.665,150.815,2218.0,False,Đã chấm điểm
12803,Netherlands,2010-11-11,2010-11-11,1,1017.81,Hibernating,0,2,1,3,,,,False,Không đủ điều kiện chấm điểm
18050,United Kingdom,2010-11-11,2010-12-15,2,412.06,Hibernating,0,2,2,2,,,,False,Không đủ điều kiện chấm điểm
14600,United Kingdom,2010-11-11,2011-02-07,2,865.17,At Risk,2,2,2,3,,,,False,Không đủ điều kiện chấm điểm
18054,United Kingdom,2010-11-12,2010-11-12,1,176.5,Hibernating,0,2,1,1,,,,False,Không đủ điều kiện chấm điểm
15468,United Kingdom,2010-11-12,2011-10-19,3,1430.48,Champions,3,4,3,4,0.704,328.931,692.0,False,Đã chấm điểm
12868,United Kingdom,2010-11-12,2011-06-07,8,2043.76,Loyal,2,3,4,4,,,,False,Không đủ điều kiện chấm điểm
12352,Norway,2010-11-12,2011-11-03,8,1589.41,Champions,2,4,4,4,0.507,149.891,2229.0,False,Đã chấm điểm
18007,United Kingdom,2010-11-12,2010-11-12,1,215.22,Hibernating,0,2,1,1,,,,False,Không đủ điều kiện chấm điểm
17772,United Kingdom,2010-11-12,2011-11-29,3,360.75,Potential Loyalist,3,5,3,2,0.709,122.951,2576.0,False,Đã chấm điểm
14082,United Kingdom,2010-11-12,2010-12-10,2,413.36,Hibernating,0,2,2,2,,,,False,Không đủ điều kiện chấm điểm
13309,United Kingdom,2010-11-12,2011-12-02,6,1706.37,Champions,3,5,4,4,0.531,246.121,1203.0,False,Đã chấm điểm
17210,United Kingdom,2010-11-12,2010-11-12,1,251.72,Hibernating,0,2,1,1,,,,False,Không đủ điều kiện chấm điểm
12734,France,2010-11-12,2010-12-22,3,603.65,At Risk,2,2,3,3,,,,False,Không đủ điều kiện chấm điểm
17803,United Kingdom,2010-11-12,2010-11-12,1,184.66,Hibernating,0,2,1,1,,,,False,Không đủ điều kiện chấm điểm
13961,United Kingdom,2010-11-12,2010-11-12,1,500.15,Hibernating,0,2,1,2,,,,False,Không đủ điều kiện chấm điểm
14024,United Kingdom,2010-11-14,2011-08-10,3,645.74,Loyal,2,3,3,3,0.785,185.177,1800.0,False,Đã chấm điểm
14052,United Kingdom,2010-11-14,2011-11-20,2,466.66,Potential Loyalist,3,4,2,2,0.706,159.059,2110.0,False,Đã chấm điểm
16687,United Kingdom,2010-11-14,2010-11-14,1,157.63,Hibernating,0,2,1,1,,,,False,Không đủ điều kiện chấm điểm
17495,United Kingdom,2010-11-14,2011-12-02,3,790.82,Potential Loyalist,3,5,3,3,0.526,261.741,1081.0,False,Đã chấm điểm
15269,United Kingdom,2010-11-14,2011-11-16,3,1225.36,Champions,3,4,3,4,0.766,313.209,756.0,False,Đã chấm điểm
13167,United Kingdom,2010-11-14,2011-11-21,5,1113.15,Champions,3,5,4,3,0.423,205.989,1587.0,False,Đã chấm điểm
16074,United Kingdom,2010-11-14,2010-11-14,1,252.5,Hibernating,0,2,1,1,,,,False,Không đủ điều kiện chấm điểm
14684,United Kingdom,2010-11-14,2011-11-14,6,1430.03,Champions,3,4,4,4,0.568,244.43,1231.0,False,Đã chấm điểm
17544,United Kingdom,2010-11-14,2010-11-14,3,944.82,At Risk,2,2,3,3,,,,False,Không đủ điều kiện chấm điểm
18221,United Kingdom,2010-11-14,2011-11-17,6,1378.64,Champions,3,4,4,4,0.343,151.729,2205.0,False,Đã chấm điểm
14559,United Kingdom,2010-11-14,2010-11-14,1,75.6,Hibernating,0,2,1,1,,,,False,Không đủ điều kiện chấm điểm
15726,United Kingdom,2010-11-14,2010-11-14,1,321.91,Hibernating,0,2,1,2,,,,False,Không đủ điều kiện chấm điểm
14382,United Kingdom,2010-11-14,2011-11-13,2,1193.63,Potential Loyalist,3,4,2,4,0.714,439.433,371.0,True,Đã chấm điểm
14784,United Kingdom,2010-11-15,2011-11-13,3,449.93,Potential Loyalist,3,4,3,2,0.736,129.094,2505.0,False,Đã chấm điểm
17992,United Kingdom,2010-11-15,2010-11-15,1,252.88,Hibernating,0,2,1,1,,,,False,Không đủ điều kiện chấm điểm
14526,United Kingdom,2010-11-15,2010-11-15,1,258.65,Hibernating,0,2,1,1,,,,False,Không đủ điều kiện chấm điểm
12991,United Kingdom,2010-11-15,2011-11-16,3,764.82,Potential Loyalist,3,4,3,3,0.582,233.327,1330.0,False,Đã chấm điểm
13862,United Kingdom,2010-11-15,2011-11-21,9,2556.09,Champions,1,5,5,4,0.219,129.197,2503.0,False,Đã chấm điểm
17106,United Kingdom,2010-11-15,2010-11-15,1,481.58,Hibernating,0,2,1,2,,,,False,Không đủ điều kiện chấm điểm
13094,United Kingdom,2010-11-15,2011-11-18,6,1111.08,Champions,3,4,4,3,0.489,234.014,1322.0,False,Đã chấm điểm
17633,United Kingdom,2010-11-15,2011-11-08,7,1974.89,Champions,2,4,4,4,0.282,275.165,996.0,False,Đã chấm điểm
16399,United Kingdom,2010-11-15,2011-11-20,3,628.42,Potential Loyalist,3,4,3,3,0.705,109.19,2773.0,False,Đã chấm điểm
17170,United Kingdom,2010-11-15,2010-11-30,2,178.68,Hibernating,0,2,2,1,,,,False,Không đủ điều kiện chấm điểm
17284,United Kingdom,2010-11-15,2011-10-10,7,2553.65,Loyal,2,3,4,4,0.426,150.476,2221.0,False,Đã chấm điểm
16602,United Kingdom,2010-11-16,2011-11-03,2,748.33,Potential Loyalist,3,4,2,3,0.687,352.551,600.0,False,Đã chấm điểm
14189,United Kingdom,2010-11-16,2011-12-07,16,5467.05,Champions,1,5,5,5,0.053,64.597,3243.0,False,Đã chấm điểm
12357,Switzerland,2010-11-16,2011-11-06,2,17437.66,Champions,2,4,2,5,0.667,4143.049,2.0,True,Đã chấm điểm
12616,France,2010-11-16,2011-09-05,3,993.4,Loyal,2,3,3,3,0.689,272.332,1012.0,False,Đã chấm điểm
16083,United Kingdom,2010-11-16,2011-08-31,4,2351.42,Loyal,2,3,3,4,0.703,613.401,178.0,True,Đã chấm điểm
14675,United Kingdom,2010-11-16,2011-11-23,2,1015.58,Potential Loyalist,3,5,2,3,0.677,403.983,442.0,True,Đã chấm điểm
15235,United Kingdom,2010-11-16,2011-05-06,16,2772.76,At Risk,2,2,5,4,,,,False,Không đủ điều kiện chấm điểm
17203,United Kingdom,2010-11-16,2011-11-04,10,5564.09,Champions,1,4,5,5,0.22,783.771,105.0,True,Đã chấm điểm
15968,United Kingdom,2010-11-16,2010-11-16,1,401.8,Hibernating,0,2,1,2,,,,False,Không đủ điều kiện chấm điểm
13624,United Kingdom,2010-11-16,2010-11-16,1,427.18,Hibernating,0,2,1,2,,,,False,Không đủ điều kiện chấm điểm
13458,United Kingdom,2010-11-16,2011-12-02,16,11926.07,Champions,1,5,5,5,0.065,131.774,2456.0,False,Đã chấm điểm
13789,United Kingdom,2010-11-16,2010-11-16,1,239.46,Hibernating,0,2,1,1,,,,False,Không đủ điều kiện chấm điểm
15161,United Kingdom,2010-11-16,2010-11-16,1,119.92,Hibernating,0,2,1,1,,,,False,Không đủ điều kiện chấm điểm
15811,United Kingdom,2010-11-16,2011-11-17,7,3382.05,Champions,1,4,4,5,0.436,251.729,1164.0,False,Đã chấm điểm
13158,United Kingdom,2010-11-16,2011-09-06,5,1508.18,Loyal,2,3,4,4,0.558,304.104,812.0,False,Đã chấm điểm
14192,United Kingdom,2010-11-16,2010-11-16,1,293.74,Hibernating,0,2,1,2,,,,False,Không đủ điều kiện chấm điểm
16829,United Kingdom,2010-11-16,2011-07-06,2,513.32,Need Attention,0,3,2,2,0.769,86.937,3010.0,False,Đã chấm điểm
18256,United Kingdom,2010-11-17,2010-11-17,1,84.9,Hibernating,0,2,1,1,,,,False,Không đủ điều kiện chấm điểm
13237,United Kingdom,2010-11-17,2010-11-17,1,643.0,Hibernating,0,2,1,3,,,,False,Không đủ điều kiện chấm điểm
14417,United Kingdom,2010-11-17,2010-11-17,1,524.65,Hibernating,0,2,1,2,,,,False,Không đủ điều kiện chấm điểm
16386,United Kingdom,2010-11-17,2011-11-11,3,1068.16,Potential Loyalist,3,4,3,3,0.707,75.778,3142.0,False,Đã chấm điểm
16006,United Kingdom,2010-11-17,2011-05-12,2,332.82,Hibernating,0,2,2,2,,,,False,Không đủ điều kiện chấm điểm
13549,United Kingdom,2010-11-17,2011-11-14,8,1005.8,Champions,3,4,4,3,0.318,108.137,2786.0,False,Đã chấm điểm
12847,United Kingdom,2010-11-17,2011-11-17,2,1609.0,Potential Loyalist,3,4,2,4,0.69,581.911,202.0,True,Đã chấm điểm
14811,United Kingdom,2010-11-17,2010-11-17,1,170.5,Hibernating,0,2,1,1,,,,False,Không đủ điều kiện chấm điểm
16224,United Kingdom,2010-11-17,2011-10-13,5,1616.54,Champions,2,4,4,4,0.388,180.936,1859.0,False,Đã chấm điểm
15515,United Kingdom,2010-11-17,2010-11-17,1,171.81,Hibernating,0,2,1,1,,,,False,Không đủ điều kiện chấm điểm
17418,United Kingdom,2010-11-17,2011-10-28,3,670.06,Potential Loyalist,3,4,3,3,0.733,217.039,1478.0,False,Đã chấm điểm
12890,United Kingdom,2010-11-17,2011-11-15,2,706.02,Potential Loyalist,3,4,2,3,0.727,273.962,1001.0,False,Đã chấm điểm
18195,United Kingdom,2010-11-17,2010-11-17,1,101.16,Hibernating,0,2,1,1,,,,False,Không đủ điều kiện chấm điểm
15649,United Kingdom,2010-11-17,2011-01-07,4,1660.35,At Risk,2,2,3,4,,,,False,Không đủ điều kiện chấm điểm
17995,United Kingdom,2010-11-17,2011-03-03,3,495.48,At Risk,0,2,3,2,,,,False,Không đủ điều kiện chấm điểm
16250,United Kingdom,2010-11-18,2011-03-23,3,565.24,At Risk,2,2,3,2,,,,False,Không đủ điều kiện chấm điểm
14405,United Kingdom,2010-11-18,2010-11-18,1,195.0,Hibernating,0,2,1,1,,,,False,Không đủ điều kiện chấm điểm
14446,United Kingdom,2010-11-18,2011-12-09,5,1195.48,Champions,3,5,4,4,0.571,209.281,1557.0,False,Đã chấm điểm
13864,United Kingdom,2010-11-18,2010-11-18,1,662.4,Hibernating,0,2,1,3,,,,False,Không đủ điều kiện chấm điểm
14614,United Kingdom,2010-11-18,2010-11-18,1,295.13,Hibernating,0,2,1,2,,,,False,Không đủ điều kiện chấm điểm
17355,United Kingdom,2010-11-18,2010-11-18,1,273.31,Hibernating,0,2,1,1,,,,False,Không đủ điều kiện chấm điểm
16973,United Kingdom,2010-11-18,2010-11-18,1,127.0,Hibernating,0,2,1,1,,,,False,Không đủ điều kiện chấm điểm
17659,United Kingdom,2010-11-18,2011-11-22,14,3546.44,Champions,1,5,5,5,0.115,128.853,2512.0,False,Đã chấm điểm
17089,United Kingdom,2010-11-18,2010-11-18,1,128.45,Hibernating,0,2,1,1,,,,False,Không đủ điều kiện chấm điểm
18160,United Kingdom,2010-11-18,2011-10-13,3,1003.88,Potential Loyalist,3,4,3,3,0.666,190.261,1750.0,False,Đã chấm điểm
17868,United Kingdom,2010-11-18,2010-11-18,1,227.15,Hibernating,0,2,1,1,,,,False,Không đủ điều kiện chấm điểm
17532,United Kingdom,2010-11-19,2010-11-19,1,65.34,Hibernating,0,2,1,1,,,,False,Không đủ điều kiện chấm điểm
14932,Channel Islands,2010-11-19,2010-12-09,2,566.13,Hibernating,0,2,2,2,,,,False,Không đủ điều kiện chấm điểm
17269,United Kingdom,2010-11-19,2010-11-19,1,491.81,Hibernating,0,2,1,2,,,,False,Không đủ điều kiện chấm điểm
16936,United Kingdom,2010-11-19,2011-11-14,2,548.29,Potential Loyalist,3,4,2,2,0.738,193.253,1710.0,False,Đã chấm điểm
16599,United Kingdom,2010-11-19,2010-11-19,1,172.8,Hibernating,0,2,1,1,,,,False,Không đủ điều kiện chấm điểm
16885,United Kingdom,2010-11-19,2011-11-24,4,683.35,Potential Loyalist,3,5,3,3,0.511,139.338,2353.0,False,Đã chấm điểm
16535,United Kingdom,2010-11-19,2011-12-04,2,952.04,Potential Loyalist,3,5,2,3,0.492,292.312,883.0,False,Đã chấm điểm
17433,United Kingdom,2010-11-19,2011-09-12,2,569.96,Need Attention,3,3,2,2,0.713,216.002,1493.0,False,Đã chấm điểm
17386,United Kingdom,2010-11-19,2011-12-02,7,2812.77,Champions,1,5,4,4,0.338,492.913,281.0,True,Đã chấm điểm
18035,United Kingdom,2010-11-19,2011-11-04,5,1260.23,Champions,3,4,4,4,0.557,397.776,464.0,True,Đã chấm điểm
15846,United Kingdom,2010-11-19,2010-11-19,1,107.01,Hibernating,0,2,1,1,,,,False,Không đủ điều kiện chấm điểm
13124,United Kingdom,2010-11-19,2011-09-11,4,4641.66,Loyal,2,3,3,5,0.453,402.848,447.0,True,Đã chấm điểm
16346,United Kingdom,2010-11-19,2010-11-19,1,224.51,Hibernating,0,2,1,1,,,,False,Không đủ điều kiện chấm điểm
17648,United Kingdom,2010-11-19,2011-10-10,5,2216.37,Loyal,2,3,4,4,0.362,233.957,1323.0,False,Đã chấm điểm
17493,United Kingdom,2010-11-19,2010-11-19,1,100.91,Hibernating,0,2,1,1,,,,False,Không đủ điều kiện chấm điểm
12967,United Kingdom,2010-11-21,2010-12-16,3,2885.72,At Risk,2,2,3,5,,,,False,Không đủ điều kiện chấm điểm
12887,United Kingdom,2010-11-21,2010-11-21,1,222.4,Hibernating,0,2,1,1,,,,False,Không đủ điều kiện chấm điểm
12728,France,2010-11-21,2011-09-29,5,926.17,Loyal,2,3,4,3,0.67,76.865,3128.0,False,Đã chấm điểm
12858,United Kingdom,2010-11-21,2010-11-21,1,147.27,Hibernating,0,2,1,1,,,,False,Không đủ điều kiện chấm điểm
15155,United Kingdom,2010-11-21,2010-11-21,1,383.97,Hibernating,0,2,1,2,,,,False,Không đủ điều kiện chấm điểm
16367,United Kingdom,2010-11-21,2011-11-02,3,1350.48,Champions,3,4,3,4,0.653,413.625,415.0,True,Đã chấm điểm
17275,United Kingdom,2010-11-21,2010-11-21,1,114.1,Hibernating,0,2,1,1,,,,False,Không đủ điều kiện chấm điểm
16501,United Kingdom,2010-11-21,2010-11-21,1,1191.23,At Risk,0,2,1,4,,,,False,Không đủ điều kiện chấm điểm
12807,Sweden,2010-11-21,2010-11-21,1,250.35,Hibernating,0,2,1,1,,,,False,Không đủ điều kiện chấm điểm
17036,United Kingdom,2010-11-21,2010-11-21,1,176.9,Hibernating,0,2,1,1,,,,False,Không đủ điều kiện chấm điểm
15350,United Kingdom,2010-11-21,2010-12-01,2,547.6,Hibernating,0,2,2,2,,,,False,Không đủ điều kiện chấm điểm
13550,United Kingdom,2010-11-21,2010-11-21,1,342.55,Hibernating,0,2,1,2,,,,False,Không đủ điều kiện chấm điểm
15634,United Kingdom,2010-11-21,2011-11-22,2,554.65,Potential Loyalist,3,5,2,2,0.72,175.382,1932.0,False,Đã chấm điểm
18084,United Kingdom,2010-11-21,2011-11-23,2,178.98,Potential Loyalist,3,5,2,1,0.86,77.776,3118.0,False,Đã chấm điểm
18210,United Kingdom,2010-11-22,2011-12-08,7,2768.83,Champions,1,5,4,4,0.312,274.724,998.0,False,Đã chấm điểm
17782,United Kingdom,2010-11-22,2010-11-22,2,679.02,At Risk,0,2,2,3,,,,False,Không đủ điều kiện chấm điểm
13086,United Kingdom,2010-11-22,2010-11-22,1,439.33,Hibernating,0,2,1,2,,,,False,Không đủ điều kiện chấm điểm
14419,United Kingdom,2010-11-22,2011-11-29,7,1254.64,Champions,3,5,4,4,0.499,164.794,2031.0,False,Đã chấm điểm
16424,United Kingdom,2010-11-22,2011-06-01,2,392.06,Hibernating,0,2,2,2,,,,False,Không đủ điều kiện chấm điểm
15525,United Kingdom,2010-11-22,2011-12-07,4,872.82,Potential Loyalist,3,5,3,3,0.487,215.116,1500.0,False,Đã chấm điểm
16765,United Kingdom,2010-11-22,2011-02-18,2,454.75,Hibernating,0,2,2,2,,,,False,Không đủ điều kiện chấm điểm
14048,United Kingdom,2010-11-22,2011-02-07,3,725.09,At Risk,2,2,3,3,,,,False,Không đủ điều kiện chấm điểm
16812,United Kingdom,2010-11-22,2010-12-14,4,2216.8,At Risk,2,2,3,4,,,,False,Không đủ điều kiện chấm điểm
13651,United Kingdom,2010-11-23,2011-10-31,2,193.95,Potential Loyalist,3,4,2,1,0.769,60.939,3271.0,False,Đã chấm điểm
15986,United Kingdom,2010-11-23,2011-11-09,2,354.42,Potential Loyalist,3,4,2,2,0.73,122.787,2578.0,False,Đã chấm điểm
16821,United Kingdom,2010-11-23,2010-11-23,1,113.35,Hibernating,0,2,1,1,,,,False,Không đủ điều kiện chấm điểm
17870,United Kingdom,2010-11-23,2011-12-07,13,2748.34,Champions,1,5,5,4,0.137,139.21,2354.0,False,Đã chấm điểm
17458,United Kingdom,2010-11-23,2011-11-24,2,529.58,Potential Loyalist,3,5,2,2,0.698,220.878,1451.0,False,Đã chấm điểm
17237,United Kingdom,2010-11-23,2011-11-28,4,994.13,Potential Loyalist,3,5,3,3,0.547,172.154,1964.0,False,Đã chấm điểm
17872,United Kingdom,2010-11-23,2010-11-23,1,235.87,Hibernating,0,2,1,1,,,,False,Không đủ điều kiện chấm điểm
18047,United Kingdom,2010-11-23,2010-11-23,2,326.09,Hibernating,0,2,2,2,,,,False,Không đủ điều kiện chấm điểm
14176,United Kingdom,2010-11-23,2011-02-15,5,756.46,At Risk,2,2,4,3,,,,False,Không đủ điều kiện chấm điểm
14252,United Kingdom,2010-11-23,2010-11-23,1,350.99,Hibernating,0,2,1,2,,,,False,Không đủ điều kiện chấm điểm
18118,United Kingdom,2010-11-23,2011-11-29,29,6161.67,Champions,1,5,5,5,0.019,24.299,3436.0,False,Đã chấm điểm
12434,Australia,2010-11-23,2011-09-16,3,1080.28,Loyal,2,3,3,3,0.663,181.225,1855.0,False,Đã chấm điểm
17766,United Kingdom,2010-11-23,2010-11-23,2,299.61,Hibernating,0,2,2,2,,,,False,Không đủ điều kiện chấm điểm
15864,United Kingdom,2010-11-23,2011-11-17,7,2028.12,Champions,1,4,4,4,0.244,190.313,1748.0,False,Đã chấm điểm
13181,United Kingdom,2010-11-23,2010-11-23,1,359.69,Hibernating,0,2,1,2,,,,False,Không đủ điều kiện chấm điểm
14972,United Kingdom,2010-11-23,2011-08-03,2,145.07,Need Attention,0,3,2,1,0.839,67.168,3214.0,False,Đã chấm điểm
16001,United Kingdom,2010-11-23,2010-11-23,1,583.39,Hibernating,0,2,1,2,,,,False,Không đủ điều kiện chấm điểm
17598,United Kingdom,2010-11-23,2010-11-23,1,409.98,Hibernating,0,2,1,2,,,,False,Không đủ điều kiện chấm điểm
13843,United Kingdom,2010-11-23,2010-11-23,1,319.75,Hibernating,0,2,1,2,,,,False,Không đủ điều kiện chấm điểm
15951,United Kingdom,2010-11-23,2011-12-01,3,1013.17,Potential Loyalist,3,5,3,3,0.622,207.322,1572.0,False,Đã chấm điểm
16357,United Kingdom,2010-11-23,2011-11-06,4,868.37,Potential Loyalist,3,4,3,3,0.494,136.813,2392.0,False,Đã chấm điểm
17744,United Kingdom,2010-11-24,2011-12-06,7,2649.14,Champions,1,5,4,4,0.534,251.809,1162.0,False,Đã chấm điểm
14458,United Kingdom,2010-11-24,2010-11-24,1,219.27,Hibernating,0,2,1,1,,,,False,Không đủ điều kiện chấm điểm
18076,United Kingdom,2010-11-24,2010-11-24,1,151.49,Hibernating,0,2,1,1,,,,False,Không đủ điều kiện chấm điểm
17601,United Kingdom,2010-11-24,2011-04-14,2,412.66,Hibernating,0,2,2,2,,,,False,Không đủ điều kiện chấm điểm
15509,United Kingdom,2010-11-24,2010-11-24,1,152.41,Hibernating,0,2,1,1,,,,False,Không đủ điều kiện chấm điểm
15902,United Kingdom,2010-11-24,2010-11-24,1,145.01,Hibernating,0,2,1,1,,,,False,Không đủ điều kiện chấm điểm
16988,United Kingdom,2010-11-25,2011-12-04,2,382.67,Potential Loyalist,3,5,2,2,0.756,95.359,2931.0,False,Đã chấm điểm
15987,United Kingdom,2010-11-25,2011-11-27,8,1535.99,Champions,1,5,4,4,0.371,200.21,1637.0,False,Đã chấm điểm
14721,United Kingdom,2010-11-25,2010-11-25,1,109.07,Hibernating,0,2,1,1,,,,False,Không đủ điều kiện chấm điểm
16874,United Kingdom,2010-11-25,2010-11-25,1,209.89,Hibernating,0,2,1,1,,,,False,Không đủ điều kiện chấm điểm
15020,United Kingdom,2010-11-25,2010-11-25,1,198.47,Hibernating,0,2,1,1,,,,False,Không đủ điều kiện chấm điểm
14487,United Kingdom,2010-11-25,2011-11-13,7,1253.52,Champions,3,4,4,4,0.29,302.208,828.0,False,Đã chấm điểm
15495,United Kingdom,2010-11-25,2010-11-25,1,246.5,Hibernating,0,2,1,1,,,,False,Không đủ điều kiện chấm điểm
17989,United Kingdom,2010-11-25,2010-11-25,1,207.33,Hibernating,0,2,1,1,,,,False,Không đủ điều kiện chấm điểm
14443,United Kingdom,2010-11-25,2011-10-17,5,2069.07,Champions,2,4,4,4,0.555,291.889,887.0,False,Đã chấm điểm
17882,United Kingdom,2010-11-25,2010-11-25,2,291.56,Hibernating,0,2,2,2,,,,False,Không đủ điều kiện chấm điểm
12385,Belgium,2010-11-25,2010-11-25,1,1668.4,At Risk,2,2,1,4,,,,False,Không đủ điều kiện chấm điểm
18161,United Kingdom,2010-11-25,2011-11-24,6,1803.1,Champions,3,5,4,4,0.415,194.509,1699.0,False,Đã chấm điểm
15961,United Kingdom,2010-11-25,2010-11-25,1,451.29,Hibernating,0,2,1,2,,,,False,Không đủ điều kiện chấm điểm
13626,United Kingdom,2010-11-25,2011-04-01,2,691.14,At Risk,0,2,2,3,,,,False,Không đủ điều kiện chấm điểm
14627,United Kingdom,2010-11-25,2010-11-25,1,462.75,Hibernating,0,2,1,2,,,,False,Không đủ điều kiện chấm điểm
12961,United Kingdom,2010-11-25,2010-11-25,1,211.99,Hibernating,0,2,1,1,,,,False,Không đủ điều kiện chấm điểm
17556,United Kingdom,2010-11-25,2011-05-18,2,300.67,Hibernating,0,2,2,2,,,,False,Không đủ điều kiện chấm điểm
18031,United Kingdom,2010-11-26,2010-11-26,1,451.3,Hibernating,0,2,1,2,,,,False,Không đủ điều kiện chấm điểm
14934,Channel Islands,2010-11-26,2011-09-19,3,2473.17,Loyal,2,3,3,4,0.758,805.455,99.0,True,Đã chấm điểm
17283,United Kingdom,2010-11-26,2010-11-26,1,188.46,Hibernating,0,2,1,1,,,,False,Không đủ điều kiện chấm điểm
17516,United Kingdom,2010-11-26,2011-11-24,6,947.5,Champions,3,5,4,3,0.58,105.432,2823.0,False,Đã chấm điểm
12538,Spain,2010-11-26,2011-11-10,2,640.45,Potential Loyalist,3,4,2,3,0.695,252.895,1153.0,False,Đã chấm điểm
17999,United Kingdom,2010-11-26,2011-11-02,3,528.46,Potential Loyalist,3,4,3,2,0.724,137.667,2380.0,False,Đã chấm điểm
16262,United Kingdom,2010-11-26,2010-11-26,1,735.25,Hibernating,0,2,1,3,,,,False,Không đủ điều kiện chấm điểm
15914,United Kingdom,2010-11-26,2010-11-26,2,205.99,Hibernating,0,2,2,1,,,,False,Không đủ điều kiện chấm điểm
15212,United Kingdom,2010-11-28,2011-04-12,2,208.28,Hibernating,0,2,2,1,,,,False,Không đủ điều kiện chấm điểm
15037,United Kingdom,2010-11-28,2010-11-28,2,397.76,Hibernating,0,2,2,2,,,,False,Không đủ điều kiện chấm điểm
17607,United Kingdom,2010-11-28,2010-11-28,1,333.81,Hibernating,0,2,1,2,,,,False,Không đủ điều kiện chấm điểm
15583,United Kingdom,2010-11-28,2010-11-28,1,95.96,Hibernating,0,2,1,1,,,,False,Không đủ điều kiện chấm điểm
18003,United Kingdom,2010-11-28,2010-11-28,1,353.51,Hibernating,0,2,1,2,,,,False,Không đủ điều kiện chấm điểm
16893,United Kingdom,2010-11-28,2010-12-08,2,249.47,Hibernating,0,2,2,1,,,,False,Không đủ điều kiện chấm điểm
13254,United Kingdom,2010-11-28,2010-11-28,1,51.41,Hibernating,0,2,1,1,,,,False,Không đủ điều kiện chấm điểm
12996,United Kingdom,2010-11-29,2010-11-29,1,355.5,Hibernating,0,2,1,2,,,,False,Không đủ điều kiện chấm điểm
12767,Korea,2010-11-29,2010-11-29,1,949.82,Hibernating,0,2,1,3,,,,False,Không đủ điều kiện chấm điểm
17722,United Kingdom,2010-11-29,2011-09-04,5,3480.02,Loyal,2,3,4,5,0.582,187.534,1772.0,False,Đã chấm điểm
17723,United Kingdom,2010-11-29,2011-08-04,7,3378.4,Loyal,2,3,4,5,0.595,816.424,91.0,True,Đã chấm điểm
16545,United Kingdom,2010-11-29,2011-06-28,2,689.82,Loyal,0,3,2,3,0.754,139.598,2346.0,False,Đã chấm điểm
15404,United Kingdom,2010-11-29,2010-11-29,1,257.06,Hibernating,0,2,1,1,,,,False,Không đủ điều kiện chấm điểm
15540,United Kingdom,2010-11-29,2011-11-28,2,460.68,Potential Loyalist,3,5,2,2,0.722,153.92,2172.0,False,Đã chấm điểm
17671,United Kingdom,2010-11-29,2011-11-24,5,1737.48,Champions,3,5,4,4,0.56,215.482,1497.0,False,Đã chấm điểm
18034,United Kingdom,2010-11-29,2011-11-18,3,753.35,Potential Loyalist,3,4,3,3,0.688,288.233,907.0,False,Đã chấm điểm
16413,United Kingdom,2010-11-29,2011-10-14,2,522.03,Potential Loyalist,3,4,2,2,0.754,197.69,1657.0,False,Đã chấm điểm
16194,United Kingdom,2010-11-29,2010-11-29,1,308.6,Hibernating,0,2,1,2,,,,False,Không đủ điều kiện chấm điểm
17912,United Kingdom,2010-11-29,2011-02-02,6,361.65,At Risk,2,2,4,2,,,,False,Không đủ điều kiện chấm điểm
16355,United Kingdom,2010-11-29,2010-11-29,1,416.35,Hibernating,0,2,1,2,,,,False,Không đủ điều kiện chấm điểm
12351,Unspecified,2010-11-29,2010-11-29,1,300.93,Hibernating,0,2,1,2,,,,False,Không đủ điều kiện chấm điểm
15828,United Kingdom,2010-11-29,2010-11-29,1,1108.82,Hibernating,0,2,1,3,,,,False,Không đủ điều kiện chấm điểm
17223,United Kingdom,2010-11-29,2011-02-02,3,523.04,At Risk,0,2,3,2,,,,False,Không đủ điều kiện chấm điểm
17468,United Kingdom,2010-11-29,2011-11-29,3,194.8,Potential Loyalist,3,5,3,1,0.78,106.922,2801.0,False,Đã chấm điểm
13955,United Kingdom,2010-11-29,2011-07-08,3,544.07,Loyal,2,3,3,2,0.817,55.901,3315.0,False,Đã chấm điểm
14414,United Kingdom,2010-11-30,2011-09-09,8,2399.33,Loyal,2,3,4,4,0.573,481.76,298.0,True,Đã chấm điểm
15939,United Kingdom,2010-11-30,2011-09-11,15,9004.84,Loyal,1,3,5,5,0.275,403.425,445.0,True,Đã chấm điểm
17826,United Kingdom,2010-11-30,2010-11-30,1,133.34,Hibernating,0,2,1,1,,,,False,Không đủ điều kiện chấm điểm
16473,United Kingdom,2010-11-30,2011-06-28,4,470.83,Loyal,2,3,3,2,0.819,43.898,3377.0,False,Đã chấm điểm
17820,United Kingdom,2010-11-30,2010-11-30,1,180.61,Hibernating,0,2,1,1,,,,False,Không đủ điều kiện chấm điểm
17378,United Kingdom,2010-11-30,2010-11-30,1,10.95,Hibernating,0,2,1,1,,,,False,Không đủ điều kiện chấm điểm
16552,United Kingdom,2010-12-01,2011-04-11,2,379.73,Hibernating,0,2,2,2,,,,False,Không đủ điều kiện chấm điểm
15922,United Kingdom,2010-12-01,2010-12-01,1,369.5,Hibernating,0,2,1,2,,,,False,Không đủ điều kiện chấm điểm
14594,United Kingdom,2010-12-01,2011-12-02,2,363.33,Potential Loyalist,3,5,2,2,0.75,81.251,3087.0,False,Đã chấm điểm
15165,United Kingdom,2010-12-01,2010-12-01,1,487.75,Hibernating,0,2,1,2,,,,False,Không đủ điều kiện chấm điểm
16274,United Kingdom,2010-12-01,2010-12-01,1,331.55,Hibernating,0,2,1,2,,,,False,Không đủ điều kiện chấm điểm
12947,United Kingdom,2010-12-01,2011-07-19,6,1437.14,Loyal,2,3,4,4,0.556,209.091,1561.0,False,Đã chấm điểm
17855,United Kingdom,2010-12-02,2010-12-02,1,208.97,Hibernating,0,2,1,1,,,,False,Không đủ điều kiện chấm điểm
17925,United Kingdom,2010-12-02,2010-12-02,1,244.08,Hibernating,0,2,1,1,,,,False,Không đủ điều kiện chấm điểm
16244,United Kingdom,2010-12-02,2011-05-12,2,1522.75,At Risk,2,2,2,4,,,,False,Không đủ điều kiện chấm điểm
14491,United Kingdom,2010-12-02,2011-06-17,2,340.93,Need Attention,0,3,2,2,0.755,82.535,3067.0,False,Đã chấm điểm
15923,United Kingdom,2010-12-02,2010-12-02,1,127.08,Hibernating,0,2,1,1,,,,False,Không đủ điều kiện chấm điểm
16752,United Kingdom,2010-12-02,2010-12-02,1,207.5,Hibernating,0,2,1,1,,,,False,Không đủ điều kiện chấm điểm
17964,United Kingdom,2010-12-02,2011-11-08,2,463.21,Potential Loyalist,3,4,2,2,0.721,145.186,2288.0,False,Đã chấm điểm
17976,United Kingdom,2010-12-02,2010-12-02,1,321.79,Hibernating,0,2,1,2,,,,False,Không đủ điều kiện chấm điểm
14775,United Kingdom,2010-12-02,2011-10-12,3,1011.9,Potential Loyalist,3,4,3,3,0.587,231.786,1342.0,False,Đã chấm điểm
13011,United Kingdom,2010-12-02,2010-12-02,1,50.55,Hibernating,0,2,1,1,,,,False,Không đủ điều kiện chấm điểm
14576,United Kingdom,2010-12-02,2010-12-02,1,35.4,Hibernating,0,2,1,1,,,,False,Không đủ điều kiện chấm điểm
12738,Germany,2010-12-02,2010-12-02,1,137.35,Hibernating,0,2,1,1,,,,False,Không đủ điều kiện chấm điểm
12686,France,2010-12-03,2010-12-03,1,71.14,Hibernating,0,2,1,1,,,,False,Không đủ điều kiện chấm điểm
13370,United Kingdom,2010-12-03,2010-12-03,1,737.87,Hibernating,0,2,1,3,,,,False,Không đủ điều kiện chấm điểm
12427,Germany,2010-12-03,2011-11-18,3,639.32,Potential Loyalist,3,4,3,3,0.481,187.543,1771.0,False,Đã chấm điểm
14589,United Kingdom,2010-12-03,2010-12-03,1,39.75,Hibernating,0,2,1,1,,,,False,Không đủ điều kiện chấm điểm
17787,United Kingdom,2010-12-03,2011-07-10,4,1817.54,Loyal,2,3,3,4,0.822,72.057,3177.0,False,Đã chấm điểm
17198,United Kingdom,2010-12-03,2011-11-16,3,692.22,Potential Loyalist,3,4,3,3,0.739,126.04,2539.0,False,Đã chấm điểm
15545,United Kingdom,2010-12-03,2011-10-16,2,288.97,Potential Loyalist,3,4,2,2,0.756,116.097,2673.0,False,Đã chấm điểm
18156,United Kingdom,2010-12-05,2011-11-27,2,675.64,Potential Loyalist,3,5,2,3,0.686,335.423,664.0,False,Đã chấm điểm
15880,United Kingdom,2010-12-05,2010-12-05,1,299.03,Hibernating,0,2,1,2,,,,False,Không đủ điều kiện chấm điểm
16402,United Kingdom,2010-12-05,2011-03-20,2,293.45,Hibernating,0,2,2,2,,,,False,Không đủ điều kiện chấm điểm
15894,United Kingdom,2010-12-05,2011-03-31,2,257.6,Hibernating,0,2,2,1,,,,False,Không đủ điều kiện chấm điểm
12763,Japan,2010-12-05,2011-07-24,2,494.08,Need Attention,0,3,2,2,0.818,92.128,2964.0,False,Đã chấm điểm
17674,United Kingdom,2010-12-06,2011-09-26,2,551.04,Need Attention,3,3,2,2,0.763,191.026,1744.0,False,Đã chấm điểm
15899,United Kingdom,2010-12-06,2010-12-06,1,56.25,Hibernating,0,2,1,1,,,,False,Không đủ điều kiện chấm điểm
15919,United Kingdom,2010-12-06,2011-11-20,2,525.69,Potential Loyalist,3,4,2,2,0.706,219.983,1456.0,False,Đã chấm điểm
15048,United Kingdom,2010-12-06,2011-10-05,4,381.0,Loyal,3,3,3,2,0.587,67.518,3210.0,False,Đã chấm điểm
18113,United Kingdom,2010-12-06,2010-12-06,1,76.32,Hibernating,0,2,1,1,,,,False,Không đủ điều kiện chấm điểm
13030,United Kingdom,2010-12-06,2011-11-28,2,752.44,Potential Loyalist,3,5,2,3,0.655,229.129,1365.0,False,Đã chấm điểm
15018,United Kingdom,2010-12-07,2011-11-01,3,456.26,Potential Loyalist,3,4,3,2,0.672,82.438,3072.0,False,Đã chấm điểm
18119,United Kingdom,2010-12-07,2010-12-07,1,180.7,Hibernating,0,2,1,1,,,,False,Không đủ điều kiện chấm điểm
12386,Australia,2010-12-08,2011-01-06,2,401.9,Hibernating,0,2,2,2,,,,False,Không đủ điều kiện chấm điểm
12441,France,2010-12-08,2010-12-08,1,155.55,Hibernating,0,2,1,1,,,,False,Không đủ điều kiện chấm điểm
18043,United Kingdom,2010-12-08,2011-11-15,3,529.29,Potential Loyalist,3,4,3,2,0.733,76.96,3126.0,False,Đã chấm điểm
18269,United Kingdom,2010-12-08,2010-12-08,1,138.9,Hibernating,0,2,1,1,,,,False,Không đủ điều kiện chấm điểm
13270,United Kingdom,2010-12-08,2010-12-08,1,590.0,Hibernating,0,2,1,2,,,,False,Không đủ điều kiện chấm điểm
12942,United Kingdom,2010-12-09,2011-07-31,3,675.6,Loyal,2,3,3,3,0.662,125.4,2547.0,False,Đã chấm điểm
13369,United Kingdom,2010-12-09,2010-12-09,1,231.38,Hibernating,0,2,1,1,,,,False,Không đủ điều kiện chấm điểm
17339,United Kingdom,2010-12-09,2011-09-06,2,243.36,Need Attention,0,3,2,1,0.749,130.091,2493.0,False,Đã chấm điểm
15211,United Kingdom,2010-12-09,2011-10-10,2,894.41,Loyal,3,3,2,3,0.732,374.433,533.0,False,Đã chấm điểm
15881,United Kingdom,2010-12-10,2011-01-31,4,337.44,At Risk,0,2,3,2,,,,False,Không đủ điều kiện chấm điểm
14448,United Kingdom,2010-12-10,2011-11-30,2,375.35,Potential Loyalist,3,5,2,2,0.703,191.994,1724.0,False,Đã chấm điểm
12753,Japan,2010-12-12,2011-11-17,6,21327.39,Champions,1,4,4,5,0.398,1737.454,17.0,True,Đã chấm điểm
17917,United Kingdom,2010-12-12,2011-10-25,3,335.03,Potential Loyalist,3,4,3,2,0.745,59.454,3285.0,False,Đã chấm điểm
18004,United Kingdom,2010-12-12,2010-12-12,1,157.92,Hibernating,0,2,1,1,,,,False,Không đủ điều kiện chấm điểm
16665,United Kingdom,2010-12-12,2010-12-12,1,135.4,Hibernating,0,2,1,1,,,,False,Không đủ điều kiện chấm điểm
17937,United Kingdom,2010-12-12,2011-12-01,7,4301.22,Champions,1,5,4,5,0.341,191.305,1738.0,False,Đã chấm điểm
16927,United Kingdom,2010-12-13,2011-08-16,3,543.05,Loyal,2,3,3,2,0.797,124.632,2560.0,False,Đã chấm điểm
17303,United Kingdom,2010-12-13,2010-12-13,1,250.04,Hibernating,0,2,1,1,,,,False,Không đủ điều kiện chấm điểm
17890,United Kingdom,2010-12-13,2011-01-21,2,586.89,Hibernating,0,2,2,2,,,,False,Không đủ điều kiện chấm điểm
14150,United Kingdom,2010-12-15,2011-11-04,2,658.64,Potential Loyalist,3,4,2,3,0.706,248.889,1177.0,False,Đã chấm điểm
13496,United Kingdom,2010-12-15,2011-11-29,2,653.33,Potential Loyalist,3,5,2,3,0.735,111.897,2747.0,False,Đã chấm điểm
13221,United Kingdom,2010-12-15,2011-04-13,2,844.86,At Risk,2,2,2,3,,,,False,Không đủ điều kiện chấm điểm
17551,United Kingdom,2010-12-15,2010-12-15,1,290.34,Hibernating,0,2,1,2,,,,False,Không đủ điều kiện chấm điểm
17214,United Kingdom,2010-12-15,2011-10-10,6,974.12,Loyal,2,3,4,3,0.47,88.08,2997.0,False,Đã chấm điểm
17752,United Kingdom,2010-12-15,2010-12-15,1,80.64,Hibernating,0,2,1,1,,,,False,Không đủ điều kiện chấm điểm
14373,United Kingdom,2010-12-16,2010-12-16,1,76.55,Hibernating,0,2,1,1,,,,False,Không đủ điều kiện chấm điểm
18176,United Kingdom,2010-12-16,2010-12-16,1,454.85,Hibernating,0,2,1,2,,,,False,Không đủ điều kiện chấm điểm
16816,United Kingdom,2010-12-16,2011-08-28,4,417.06,Loyal,2,3,3,2,0.735,40.378,3391.0,False,Đã chấm điểm
14985,United Kingdom,2010-12-16,2011-05-25,2,292.01,Hibernating,0,2,2,2,,,,False,Không đủ điều kiện chấm điểm
12551,Spain,2010-12-17,2010-12-17,1,168.0,Hibernating,0,2,1,1,,,,False,Không đủ điều kiện chấm điểm
15780,United Kingdom,2010-12-17,2011-06-09,3,475.28,Loyal,0,3,3,2,,,,False,Không đủ điều kiện chấm điểm
15204,United Kingdom,2010-12-17,2010-12-17,1,316.58,Hibernating,0,2,1,2,,,,False,Không đủ điều kiện chấm điểm
12944,United Kingdom,2010-12-20,2011-11-04,2,604.51,Potential Loyalist,3,4,2,3,0.687,218.18,1471.0,False,Đã chấm điểm
15460,United Kingdom,2010-12-20,2010-12-20,1,214.26,Hibernating,0,2,1,1,,,,False,Không đủ điều kiện chấm điểm
16270,United Kingdom,2010-12-21,2010-12-21,1,1141.24,Hibernating,0,2,1,3,,,,False,Không đủ điều kiện chấm điểm
12515,Italy,2010-12-21,2010-12-21,1,278.7,Hibernating,0,2,1,1,,,,False,Không đủ điều kiện chấm điểm
12383,Belgium,2010-12-22,2011-06-08,5,1628.56,Loyal,2,3,4,4,,,,False,Không đủ điều kiện chấm điểm
13817,Germany,2010-12-23,2011-11-10,2,328.98,Potential Loyalist,3,4,2,2,0.667,145.681,2281.0,False,Đã chấm điểm
12585,Germany,2010-12-23,2011-04-19,2,1824.1,At Risk,2,2,2,4,,,,False,Không đủ điều kiện chấm điểm
16112,United Kingdom,2011-01-05,2011-07-19,4,195.74,Need Attention,0,3,3,1,0.765,26.293,3431.0,False,Đã chấm điểm
15464,United Kingdom,2011-01-05,2011-01-05,1,1044.65,Hibernating,0,2,1,3,,,,False,Không đủ điều kiện chấm điểm
17634,United Kingdom,2011-01-06,2011-11-03,9,2358.59,Champions,1,4,5,4,0.239,102.275,2858.0,False,Đã chấm điểm
12735,France,2011-01-06,2011-01-28,2,689.57,At Risk,0,2,2,3,,,,False,Không đủ điều kiện chấm điểm
16567,United Kingdom,2011-01-07,2011-05-29,2,865.6,At Risk,2,2,2,3,,,,False,Không đủ điều kiện chấm điểm
12501,Germany,2011-01-07,2011-01-07,1,1995.39,At Risk,2,2,1,4,,,,False,Không đủ điều kiện chấm điểm
15139,United Kingdom,2011-01-07,2011-04-14,2,178.96,Hibernating,0,2,2,1,,,,False,Không đủ điều kiện chấm điểm
12489,France,2011-01-07,2011-01-07,1,298.93,Hibernating,0,2,1,2,,,,False,Không đủ điều kiện chấm điểm
18198,United Kingdom,2011-01-07,2011-12-05,17,5425.56,Champions,1,5,5,5,0.044,66.362,3224.0,False,Đã chấm điểm
14889,United Kingdom,2011-01-07,2011-01-07,1,135.9,Hibernating,0,2,1,1,,,,False,Không đủ điều kiện chấm điểm
17114,United Kingdom,2011-01-09,2011-12-04,7,688.87,Champions,3,5,4,3,0.472,79.89,3102.0,False,Đã chấm điểm
17128,United Kingdom,2011-01-09,2011-01-09,1,157.09,Hibernating,0,2,1,1,,,,False,Không đủ điều kiện chấm điểm
17800,United Kingdom,2011-01-09,2011-11-02,9,1186.21,Champions,2,4,5,3,0.318,124.142,2566.0,False,Đã chấm điểm
18032,United Kingdom,2011-01-09,2011-01-09,1,73.5,Hibernating,0,2,1,1,,,,False,Không đủ điều kiện chấm điểm
16850,United Kingdom,2011-01-10,2011-01-10,1,332.41,Hibernating,0,2,1,2,,,,False,Không đủ điều kiện chấm điểm
12736,France,2011-01-11,2011-01-11,1,144.0,Hibernating,0,2,1,1,,,,False,Không đủ điều kiện chấm điểm
15749,United Kingdom,2011-01-11,2011-04-18,2,24850.9,At Risk,2,2,2,5,,,,False,Không đủ điều kiện chấm điểm
17569,United Kingdom,2011-01-11,2011-01-11,1,344.14,Hibernating,0,2,1,2,,,,False,Không đủ điều kiện chấm điểm
14270,United Kingdom,2011-01-12,2011-01-12,1,492.65,Hibernating,0,2,1,2,,,,False,Không đủ điều kiện chấm điểm
14587,United Kingdom,2011-01-12,2011-11-21,9,1580.29,Champions,1,5,5,4,0.495,148.516,2245.0,False,Đã chấm điểm
14185,United Kingdom,2011-01-12,2011-01-12,1,197.65,Hibernating,0,2,1,1,,,,False,Không đủ điều kiện chấm điểm
15171,United Kingdom,2011-01-12,2011-01-12,1,1034.5,Hibernating,0,2,1,3,,,,False,Không đủ điều kiện chấm điểm
13284,United Kingdom,2011-01-13,2011-01-13,1,196.15,Hibernating,0,2,1,1,,,,False,Không đủ điều kiện chấm điểm
15835,United Kingdom,2011-01-13,2011-10-26,4,954.09,Potential Loyalist,3,4,3,3,0.532,119.822,2620.0,False,Đã chấm điểm
15510,United Kingdom,2011-01-13,2011-01-13,1,250.0,Hibernating,0,2,1,1,,,,False,Không đủ điều kiện chấm điểm
15687,United Kingdom,2011-01-13,2011-12-01,9,2993.1,Champions,1,5,5,5,0.318,208.404,1564.0,False,Đã chấm điểm
13385,United Kingdom,2011-01-14,2011-01-14,1,534.57,Hibernating,0,2,1,2,,,,False,Không đủ điều kiện chấm điểm
15213,United Kingdom,2011-01-14,2011-01-25,2,328.35,Hibernating,0,2,2,2,,,,False,Không đủ điều kiện chấm điểm
15033,United Kingdom,2011-01-14,2011-12-05,10,2526.23,Champions,1,5,5,4,0.119,82.797,3062.0,False,Đã chấm điểm
17064,United Kingdom,2011-01-16,2011-10-12,3,855.45,Potential Loyalist,3,4,3,3,0.605,211.785,1529.0,False,Đã chấm điểm
12626,Germany,2011-01-17,2011-11-16,9,5772.69,Champions,1,4,5,5,0.133,352.582,599.0,False,Đã chấm điểm
14976,United Kingdom,2011-01-17,2011-10-13,6,774.86,Champions,2,4,4,3,0.442,101.611,2865.0,False,Đã chấm điểm
15316,United Kingdom,2011-01-17,2011-01-17,1,165.0,Hibernating,0,2,1,1,,,,False,Không đủ điều kiện chấm điểm
18233,United Kingdom,2011-01-18,2011-01-18,1,440.0,Hibernating,0,2,1,2,,,,False,Không đủ điều kiện chấm điểm
14242,United Kingdom,2011-01-18,2011-04-19,2,280.55,Hibernating,0,2,2,1,,,,False,Không đủ điều kiện chấm điểm
16997,United Kingdom,2011-01-18,2011-02-24,3,702.0,At Risk,2,2,3,3,,,,False,Không đủ điều kiện chấm điểm
15395,United Kingdom,2011-01-18,2011-01-18,1,107.45,Hibernating,0,2,1,1,,,,False,Không đủ điều kiện chấm điểm
14428,United Kingdom,2011-01-18,2011-12-02,5,1224.06,Champions,3,5,4,4,0.533,203.962,1602.0,False,Đã chấm điểm
14090,United Kingdom,2011-01-19,2011-01-19,1,76.32,Hibernating,0,2,1,1,,,,False,Không đủ điều kiện chấm điểm
15831,United Kingdom,2011-01-19,2011-10-12,3,794.64,Potential Loyalist,3,4,3,3,0.529,184.532,1812.0,False,Đã chấm điểm
14779,United Kingdom,2011-01-20,2011-03-04,3,386.15,At Risk,0,2,3,2,,,,False,Không đủ điều kiện chấm điểm
16618,United Kingdom,2011-01-21,2011-11-08,4,2613.69,Champions,3,4,3,4,0.464,305.774,804.0,False,Đã chấm điểm
17277,United Kingdom,2011-01-21,2011-04-26,2,1065.35,At Risk,2,2,2,3,,,,False,Không đủ điều kiện chấm điểm
13742,United Kingdom,2011-01-23,2011-11-23,12,3107.87,Champions,1,5,5,5,0.13,95.778,2925.0,False,Đã chấm điểm
13068,United Kingdom,2011-01-24,2011-11-29,2,344.0,Potential Loyalist,3,5,2,2,0.776,138.885,2362.0,False,Đã chấm điểm
14368,United Kingdom,2011-01-24,2011-01-24,1,155.0,Hibernating,0,2,1,1,,,,False,Không đủ điều kiện chấm điểm
12559,Germany,2011-01-24,2011-02-02,2,500.21,Hibernating,0,2,2,2,,,,False,Không đủ điều kiện chấm điểm
14501,United Kingdom,2011-01-24,2011-06-09,2,221.21,Need Attention,0,3,2,1,,,,False,Không đủ điều kiện chấm điểm
14782,United Kingdom,2011-01-24,2011-01-24,1,200.1,Hibernating,0,2,1,1,,,,False,Không đủ điều kiện chấm điểm
15820,United Kingdom,2011-01-24,2011-01-24,1,206.98,Hibernating,0,2,1,1,,,,False,Không đủ điều kiện chấm điểm
13396,United Kingdom,2011-01-24,2011-11-10,2,1344.64,Potential Loyalist,3,4,2,4,0.722,703.37,126.0,True,Đã chấm điểm
16730,United Kingdom,2011-01-24,2011-10-18,3,702.79,Potential Loyalist,3,4,3,3,0.72,153.384,2181.0,False,Đã chấm điểm
15052,United Kingdom,2011-01-24,2011-01-24,1,207.73,Hibernating,0,2,1,1,,,,False,Không đủ điều kiện chấm điểm
13703,United Kingdom,2011-01-25,2011-01-25,1,99.5,Hibernating,0,2,1,1,,,,False,Không đủ điều kiện chấm điểm
16943,United Kingdom,2011-01-25,2011-05-12,3,816.73,At Risk,2,2,3,3,,,,False,Không đủ điều kiện chấm điểm
13837,United Kingdom,2011-01-26,2011-05-12,2,266.59,Hibernating,0,2,2,1,,,,False,Không đủ điều kiện chấm điểm
17118,United Kingdom,2011-01-26,2011-01-26,1,157.02,Hibernating,0,2,1,1,,,,False,Không đủ điều kiện chấm điểm
13098,United Kingdom,2011-01-26,2011-12-08,28,28882.44,Champions,1,5,5,5,0.018,179.766,1879.0,False,Đã chấm điểm
17786,United Kingdom,2011-01-26,2011-09-15,2,266.85,Need Attention,0,3,2,1,0.766,125.247,2550.0,False,Đã chấm điểm
16882,United Kingdom,2011-01-26,2011-10-04,3,705.12,Loyal,3,3,3,3,0.671,174.832,1939.0,False,Đã chấm điểm
12764,Lebanon,2011-01-27,2011-01-27,1,1693.88,At Risk,2,2,1,4,,,,False,Không đủ điều kiện chấm điểm
16949,United Kingdom,2011-01-27,2011-12-06,6,1286.27,Champions,3,5,4,4,0.474,202.795,1614.0,False,Đã chấm điểm
18125,United Kingdom,2011-01-27,2011-11-10,4,1131.75,Potential Loyalist,3,4,3,3,0.719,131.604,2465.0,False,Đã chấm điểm
13328,United Kingdom,2011-01-27,2011-01-27,1,1308.48,At Risk,0,2,1,4,,,,False,Không đủ điều kiện chấm điểm
12574,France,2011-01-28,2011-01-28,1,182.45,Hibernating,0,2,1,1,,,,False,Không đủ điều kiện chấm điểm
14659,United Kingdom,2011-01-28,2011-12-01,9,2510.03,Champions,1,5,5,4,0.219,130.901,2482.0,False,Đã chấm điểm
16897,United Kingdom,2011-01-30,2011-01-30,1,213.03,Hibernating,0,2,1,1,,,,False,Không đủ điều kiện chấm điểm
15415,United Kingdom,2011-01-30,2011-01-30,1,559.61,Hibernating,0,2,1,2,,,,False,Không đủ điều kiện chấm điểm
17431,United Kingdom,2011-01-30,2011-01-30,1,403.3,Hibernating,0,2,1,2,,,,False,Không đủ điều kiện chấm điểm
14502,United Kingdom,2011-01-30,2011-11-20,10,2299.59,Champions,1,4,5,4,0.194,121.875,2590.0,False,Đã chấm điểm
12528,Germany,2011-01-31,2011-11-30,6,1645.48,Champions,3,5,4,4,0.457,264.371,1063.0,False,Đã chấm điểm
12908,United Kingdom,2011-01-31,2011-06-16,2,750.0,Loyal,2,3,2,3,0.744,163.333,2052.0,False,Đã chấm điểm
16403,United Kingdom,2011-01-31,2011-01-31,1,177.5,Hibernating,0,2,1,1,,,,False,Không đủ điều kiện chấm điểm
17619,United Kingdom,2011-01-31,2011-01-31,1,214.37,Hibernating,0,2,1,1,,,,False,Không đủ điều kiện chấm điểm
16745,United Kingdom,2011-02-01,2011-09-14,17,7180.7,Loyal,1,3,5,5,0.252,470.176,316.0,True,Đã chấm điểm
13606,United Kingdom,2011-02-01,2011-11-10,3,276.75,Potential Loyalist,3,4,3,1,0.737,56.183,3312.0,False,Đã chấm điểm
13494,United Kingdom,2011-02-01,2011-02-01,1,316.26,Hibernating,0,2,1,2,,,,False,Không đủ điều kiện chấm điểm
12929,United Kingdom,2011-02-01,2011-02-01,1,102.9,Hibernating,0,2,1,1,,,,False,Không đủ điều kiện chấm điểm
18202,United Kingdom,2011-02-01,2011-05-24,3,1396.99,At Risk,2,2,3,4,,,,False,Không đủ điều kiện chấm điểm
15940,United Kingdom,2011-02-01,2011-02-01,1,35.8,Hibernating,0,2,1,1,,,,False,Không đủ điều kiện chấm điểm
14457,United Kingdom,2011-02-02,2011-02-02,1,113.64,Hibernating,0,2,1,1,,,,False,Không đủ điều kiện chấm điểm
15589,United Kingdom,2011-02-02,2011-03-29,3,456.58,At Risk,0,2,3,2,,,,False,Không đủ điều kiện chấm điểm
14411,United Kingdom,2011-02-02,2011-02-02,1,1063.0,Hibernating,0,2,1,3,,,,False,Không đủ điều kiện chấm điểm
15226,United Kingdom,2011-02-02,2011-02-02,1,154.41,Hibernating,0,2,1,1,,,,False,Không đủ điều kiện chấm điểm
16378,United Kingdom,2011-02-02,2011-04-06,3,362.95,At Risk,0,2,3,2,,,,False,Không đủ điều kiện chấm điểm
13894,United Kingdom,2011-02-02,2011-11-16,3,554.72,Potential Loyalist,3,4,3,2,0.685,276.467,990.0,False,Đã chấm điểm
18250,United Kingdom,2011-02-02,2011-02-02,1,349.27,Hibernating,0,2,1,2,,,,False,Không đủ điều kiện chấm điểm
14188,United Kingdom,2011-02-02,2011-11-09,6,2054.36,Champions,2,4,4,4,0.214,148.416,2249.0,False,Đã chấm điểm
17446,United Kingdom,2011-02-02,2011-06-16,2,120.9,Need Attention,0,3,2,1,0.816,21.91,3442.0,False,Đã chấm điểm
12414,Austria,2011-02-02,2011-05-06,3,442.41,At Risk,0,2,3,2,,,,False,Không đủ điều kiện chấm điểm
12350,Norway,2011-02-02,2011-02-02,1,294.4,Hibernating,0,2,1,2,,,,False,Không đủ điều kiện chấm điểm
17337,United Kingdom,2011-02-02,2011-07-11,4,1970.66,Loyal,2,3,3,4,0.511,179.712,1881.0,False,Đã chấm điểm
16405,United Kingdom,2011-02-02,2011-02-10,2,167.25,Hibernating,0,2,2,1,,,,False,Không đủ điều kiện chấm điểm
12502,Spain,2011-02-03,2011-09-05,5,2995.87,Loyal,2,3,4,5,0.32,266.936,1044.0,False,Đã chấm điểm
16333,United Kingdom,2011-02-03,2011-12-02,22,26626.8,Champions,1,5,5,5,0.058,459.438,333.0,True,Đã chấm điểm
16030,United Kingdom,2011-02-03,2011-02-03,1,331.24,Hibernating,0,2,1,2,,,,False,Không đủ điều kiện chấm điểm
12464,Belgium,2011-02-03,2011-11-29,8,957.05,Champions,3,5,4,3,0.401,119.995,2618.0,False,Đã chấm điểm
17507,United Kingdom,2011-02-03,2011-03-23,2,605.58,At Risk,0,2,2,3,,,,False,Không đủ điều kiện chấm điểm
12754,Japan,2011-02-04,2011-04-18,3,3010.74,At Risk,2,2,3,5,,,,False,Không đủ điều kiện chấm điểm
14778,United Kingdom,2011-02-04,2011-08-04,2,730.86,Loyal,2,3,2,3,0.765,213.486,1515.0,False,Đã chấm điểm
17517,United Kingdom,2011-02-04,2011-02-04,1,153.94,Hibernating,0,2,1,1,,,,False,Không đủ điều kiện chấm điểm
13725,United Kingdom,2011-02-04,2011-10-21,8,1967.36,Champions,2,4,4,4,0.466,83.644,3050.0,False,Đã chấm điểm
17291,United Kingdom,2011-02-04,2011-02-04,1,550.8,Hibernating,0,2,1,2,,,,False,Không đủ điều kiện chấm điểm
15090,United Kingdom,2011-02-04,2011-02-04,1,381.32,Hibernating,0,2,1,2,,,,False,Không đủ điều kiện chấm điểm
14842,United Kingdom,2011-02-04,2011-10-27,4,2516.94,Champions,2,4,3,4,0.379,444.285,360.0,True,Đã chấm điểm
17105,United Kingdom,2011-02-06,2011-07-03,2,665.78,Loyal,0,3,2,3,0.74,144.113,2295.0,False,Đã chấm điểm
14438,United Kingdom,2011-02-06,2011-02-06,1,131.9,Hibernating,0,2,1,1,,,,False,Không đủ điều kiện chấm điểm
15781,United Kingdom,2011-02-07,2011-11-14,3,345.46,Potential Loyalist,3,4,3,2,0.63,107.669,2791.0,False,Đã chấm điểm
17302,United Kingdom,2011-02-07,2011-11-25,5,1135.63,Champions,3,5,4,3,0.487,199.649,1641.0,False,Đã chấm điểm
17613,United Kingdom,2011-02-07,2011-11-17,14,4515.3,Champions,1,4,5,5,0.096,118.816,2635.0,False,Đã chấm điểm
17162,United Kingdom,2011-02-07,2011-11-11,10,1715.46,Champions,1,4,5,4,0.358,141.523,2328.0,False,Đã chấm điểm
15407,United Kingdom,2011-02-07,2011-11-06,4,1046.74,Potential Loyalist,3,4,3,3,0.548,195.061,1693.0,False,Đã chấm điểm
17859,United Kingdom,2011-02-08,2011-02-08,1,141.92,Hibernating,0,2,1,1,,,,False,Không đủ điều kiện chấm điểm
15753,United Kingdom,2011-02-08,2011-02-08,1,79.2,Hibernating,0,2,1,1,,,,False,Không đủ điều kiện chấm điểm
16951,United Kingdom,2011-02-08,2011-07-26,2,1262.75,Loyal,2,3,2,4,0.811,111.281,2755.0,False,Đã chấm điểm
17881,United Kingdom,2011-02-08,2011-02-08,1,133.35,Hibernating,0,2,1,1,,,,False,Không đủ điều kiện chấm điểm
15843,United Kingdom,2011-02-09,2011-02-09,1,118.95,Hibernating,0,2,1,1,,,,False,Không đủ điều kiện chấm điểm
17537,United Kingdom,2011-02-09,2011-11-10,2,887.67,Potential Loyalist,3,4,2,3,0.736,196.333,1675.0,False,Đã chấm điểm
12401,Belgium,2011-02-09,2011-02-09,1,69.3,Hibernating,0,2,1,1,,,,False,Không đủ điều kiện chấm điểm
12462,Spain,2011-02-09,2011-11-21,2,937.59,Potential Loyalist,3,5,2,3,0.673,231.318,1345.0,False,Đã chấm điểm
12561,Germany,2011-02-10,2011-02-10,1,238.85,Hibernating,0,2,1,1,,,,False,Không đủ điều kiện chấm điểm
16425,United Kingdom,2011-02-10,2011-02-10,1,302.7,Hibernating,0,2,1,2,,,,False,Không đủ điều kiện chấm điểm
16842,United Kingdom,2011-02-10,2011-08-31,3,1264.19,Loyal,2,3,3,4,0.668,286.525,919.0,False,Đã chấm điểm
18159,United Kingdom,2011-02-11,2011-02-11,1,530.15,Hibernating,0,2,1,2,,,,False,Không đủ điều kiện chấm điểm
13171,United Kingdom,2011-02-13,2011-11-18,3,468.41,Potential Loyalist,3,4,3,2,0.5,164.179,2040.0,False,Đã chấm điểm
16084,United Kingdom,2011-02-13,2011-02-13,1,436.18,Hibernating,0,2,1,2,,,,False,Không đủ điều kiện chấm điểm
15236,United Kingdom,2011-02-14,2011-02-14,1,321.05,Hibernating,0,2,1,2,,,,False,Không đủ điều kiện chấm điểm
13475,United Kingdom,2011-02-14,2011-06-01,4,1431.78,At Risk,2,2,3,4,,,,False,Không đủ điều kiện chấm điểm
16738,United Kingdom,2011-02-15,2011-02-15,1,3.75,Hibernating,0,2,1,1,,,,False,Không đủ điều kiện chấm điểm
13893,United Kingdom,2011-02-15,2011-02-15,1,821.1,Hibernating,0,2,1,3,,,,False,Không đủ điều kiện chấm điểm
16431,United Kingdom,2011-02-15,2011-05-10,3,623.28,At Risk,2,2,3,3,,,,False,Không đủ điều kiện chấm điểm
16073,United Kingdom,2011-02-15,2011-02-15,1,122.4,Hibernating,0,2,1,1,,,,False,Không đủ điều kiện chấm điểm
14760,United Kingdom,2011-02-15,2011-02-15,1,53.8,Hibernating,0,2,1,1,,,,False,Không đủ điều kiện chấm điểm
16509,United Kingdom,2011-02-16,2011-02-16,1,363.7,Hibernating,0,2,1,2,,,,False,Không đủ điều kiện chấm điểm
14386,United Kingdom,2011-02-16,2011-02-16,1,142.4,Hibernating,0,2,1,1,,,,False,Không đủ điều kiện chấm điểm
12372,Denmark,2011-02-16,2011-09-29,3,1196.04,Loyal,2,3,3,4,0.645,227.148,1385.0,False,Đã chấm điểm
16494,United Kingdom,2011-02-16,2011-02-16,1,826.53,Hibernating,0,2,1,3,,,,False,Không đủ điều kiện chấm điểm
14959,United Kingdom,2011-02-16,2011-10-06,4,695.42,Loyal,3,3,3,3,0.524,112.792,2737.0,False,Đã chấm điểm
17175,United Kingdom,2011-02-16,2011-10-26,4,1443.69,Champions,3,4,3,4,0.481,221.338,1440.0,False,Đã chấm điểm
12362,Belgium,2011-02-17,2011-12-06,10,4688.38,Champions,1,5,5,5,0.096,162.92,2060.0,False,Đã chấm điểm
13718,United Kingdom,2011-02-17,2011-04-07,2,306.55,Hibernating,0,2,2,2,,,,False,Không đủ điều kiện chấm điểm
12654,Germany,2011-02-17,2011-11-29,5,529.98,Potential Loyalist,3,5,4,2,0.54,93.559,2949.0,False,Đã chấm điểm
18138,United Kingdom,2011-02-17,2011-02-17,1,152.65,Hibernating,0,2,1,1,,,,False,Không đủ điều kiện chấm điểm
14371,United Kingdom,2011-02-17,2011-02-17,1,100.5,Hibernating,0,2,1,1,,,,False,Không đủ điều kiện chấm điểm
12852,United Kingdom,2011-02-18,2011-02-18,1,311.55,Hibernating,0,2,1,2,,,,False,Không đủ điều kiện chấm điểm
13489,United Kingdom,2011-02-18,2011-08-26,4,449.52,Loyal,2,3,3,2,0.757,92.265,2962.0,False,Đã chấm điểm
13904,United Kingdom,2011-02-18,2011-11-02,2,332.64,Potential Loyalist,3,4,2,2,0.769,101.094,2868.0,False,Đã chấm điểm
13932,United Kingdom,2011-02-18,2011-02-18,1,307.4,Hibernating,0,2,1,2,,,,False,Không đủ điều kiện chấm điểm
13951,United Kingdom,2011-02-18,2011-06-16,3,674.45,Loyal,2,3,3,3,0.637,111.816,2749.0,False,Đã chấm điểm
16566,United Kingdom,2011-02-20,2011-11-24,5,614.66,Champions,3,5,4,3,0.5,121.226,2598.0,False,Đã chấm điểm
14162,United Kingdom,2011-02-20,2011-06-19,2,289.36,Need Attention,0,3,2,2,0.823,47.529,3355.0,False,Đã chấm điểm
13301,United Kingdom,2011-02-20,2011-08-28,4,600.19,Loyal,2,3,3,3,0.637,109.601,2767.0,False,Đã chấm điểm
14803,United Kingdom,2011-02-20,2011-06-30,3,845.55,Loyal,2,3,3,3,0.815,51.659,3329.0,False,Đã chấm điểm
13744,United Kingdom,2011-02-20,2011-09-05,2,1080.52,Loyal,2,3,2,3,0.738,182.075,1846.0,False,Đã chấm điểm
12988,United Kingdom,2011-02-20,2011-02-20,1,505.82,Hibernating,0,2,1,2,,,,False,Không đủ điều kiện chấm điểm
12707,France,2011-02-21,2011-02-21,1,603.42,Hibernating,0,2,1,3,,,,False,Không đủ điều kiện chấm điểm
18155,United Kingdom,2011-02-21,2011-09-25,3,371.62,Loyal,3,3,3,2,0.654,88.667,2994.0,False,Đã chấm điểm
15146,United Kingdom,2011-02-21,2011-06-28,2,1327.16,Loyal,2,3,2,4,0.735,197.599,1658.0,False,Đã chấm điểm
12365,Cyprus,2011-02-21,2011-02-21,1,320.69,Hibernating,0,2,1,2,,,,False,Không đủ điều kiện chấm điểm
14520,United Kingdom,2011-02-22,2011-12-08,2,270.6,Potential Loyalist,3,5,2,1,0.713,75.31,3148.0,False,Đã chấm điểm
13038,United Kingdom,2011-02-22,2011-09-20,3,908.46,Loyal,2,3,3,3,0.568,142.73,2312.0,False,Đã chấm điểm
16349,United Kingdom,2011-02-22,2011-02-22,1,53.5,Hibernating,0,2,1,1,,,,False,Không đủ điều kiện chấm điểm
18114,United Kingdom,2011-02-22,2011-02-22,1,220.1,Hibernating,0,2,1,1,,,,False,Không đủ điều kiện chấm điểm
12845,United Kingdom,2011-02-22,2011-03-17,4,354.09,At Risk,0,2,3,2,,,,False,Không đủ điều kiện chấm điểm
16573,United Kingdom,2011-02-22,2011-09-16,2,663.61,Loyal,3,3,2,3,0.772,286.24,921.0,False,Đã chấm điểm
13184,United Kingdom,2011-02-22,2011-11-25,10,1585.45,Champions,1,5,5,4,0.251,124.614,2561.0,False,Đã chấm điểm
15397,United Kingdom,2011-02-23,2011-02-23,1,94.0,Hibernating,0,2,1,1,,,,False,Không đủ điều kiện chấm điểm
16394,United Kingdom,2011-02-23,2011-10-14,5,1530.14,Champions,2,4,4,4,0.336,150.73,2220.0,False,Đã chấm điểm
17711,United Kingdom,2011-02-23,2011-11-29,2,385.1,Potential Loyalist,3,5,2,2,0.718,118.137,2647.0,False,Đã chấm điểm
13865,United Kingdom,2011-02-23,2011-10-12,4,501.56,Potential Loyalist,3,4,3,2,0.535,97.334,2905.0,False,Đã chấm điểm
14289,United Kingdom,2011-02-23,2011-12-01,6,911.26,Champions,3,5,4,3,0.484,105.934,2818.0,False,Đã chấm điểm
13149,United Kingdom,2011-02-23,2011-11-25,4,1676.06,Champions,3,5,3,4,0.449,349.699,609.0,False,Đã chấm điểm
18068,United Kingdom,2011-02-23,2011-02-23,1,101.7,Hibernating,0,2,1,1,,,,False,Không đủ điều kiện chấm điểm
15932,United Kingdom,2011-02-23,2011-12-05,8,2495.87,Champions,1,5,4,4,0.192,139.521,2348.0,False,Đã chấm điểm
15974,United Kingdom,2011-02-24,2011-10-31,7,3429.55,Champions,1,4,4,5,0.241,258.162,1111.0,False,Đã chấm điểm
17830,United Kingdom,2011-02-24,2011-12-08,3,398.7,Potential Loyalist,3,5,3,2,0.661,47.748,3352.0,False,Đã chấm điểm
12565,Saudi Arabia,2011-02-24,2011-02-24,1,145.92,Hibernating,0,2,1,1,,,,False,Không đủ điều kiện chấm điểm
14880,United Kingdom,2011-02-24,2011-09-23,3,690.59,Loyal,3,3,3,3,0.581,157.879,2123.0,False,Đã chấm điểm
15121,United Kingdom,2011-02-24,2011-10-20,2,457.72,Potential Loyalist,3,4,2,2,0.741,120.436,2608.0,False,Đã chấm điểm
17117,United Kingdom,2011-02-24,2011-02-24,1,116.2,Hibernating,0,2,1,1,,,,False,Không đủ điều kiện chấm điểm
13751,United Kingdom,2011-02-24,2011-02-24,1,296.25,Hibernating,0,2,1,2,,,,False,Không đủ điều kiện chấm điểm
13345,United Kingdom,2011-02-25,2011-02-25,1,339.5,Hibernating,0,2,1,2,,,,False,Không đủ điều kiện chấm điểm
13973,United Kingdom,2011-02-25,2011-02-25,1,264.7,Hibernating,0,2,1,1,,,,False,Không đủ điều kiện chấm điểm
13493,Switzerland,2011-02-25,2011-03-09,2,498.63,Hibernating,0,2,2,2,,,,False,Không đủ điều kiện chấm điểm
13261,United Kingdom,2011-02-27,2011-03-16,2,944.1,At Risk,2,2,2,3,,,,False,Không đủ điều kiện chấm điểm
16598,United Kingdom,2011-02-27,2011-02-27,1,145.05,Hibernating,0,2,1,1,,,,False,Không đủ điều kiện chấm điểm
13630,United Kingdom,2011-02-27,2011-12-04,7,2031.78,Champions,1,5,4,4,0.218,138.125,2375.0,False,Đã chấm điểm
13636,United Kingdom,2011-02-27,2011-11-03,5,949.12,Champions,3,4,4,3,0.489,133.926,2430.0,False,Đã chấm điểm
12781,Czech Republic,2011-02-28,2011-10-07,2,750.98,Loyal,3,3,2,3,0.755,179.199,1886.0,False,Đã chấm điểm
14036,United Kingdom,2011-02-28,2011-02-28,1,626.65,Hibernating,0,2,1,3,,,,False,Không đủ điều kiện chấm điểm
13675,United Kingdom,2011-02-28,2011-07-11,2,486.82,Need Attention,0,3,2,2,0.808,85.304,3024.0,False,Đã chấm điểm
16667,United Kingdom,2011-02-28,2011-10-02,2,567.18,Need Attention,3,3,2,2,0.749,274.82,997.0,False,Đã chấm điểm
16187,United Kingdom,2011-02-28,2011-11-08,15,6801.64,Champions,1,4,5,5,0.084,193.235,1711.0,False,Đã chấm điểm
16339,United Kingdom,2011-02-28,2011-02-28,1,94.05,Hibernating,0,2,1,1,,,,False,Không đủ điều kiện chấm điểm
12509,France,2011-02-28,2011-02-28,1,158.5,Hibernating,0,2,1,1,,,,False,Không đủ điều kiện chấm điểm
14046,United Kingdom,2011-02-28,2011-02-28,1,151.59,Hibernating,0,2,1,1,,,,False,Không đủ điều kiện chấm điểm
16427,United Kingdom,2011-02-28,2011-03-21,2,241.06,Hibernating,0,2,2,1,,,,False,Không đủ điều kiện chấm điểm
14056,United Kingdom,2011-02-28,2011-12-08,23,8087.23,Champions,1,5,5,5,0.011,25.846,3432.0,False,Đã chấm điểm
15656,United Kingdom,2011-02-28,2011-10-25,4,748.5,Potential Loyalist,3,4,3,3,0.522,107.376,2797.0,False,Đã chấm điểm
17462,United Kingdom,2011-02-28,2011-10-10,2,675.69,Loyal,3,3,2,3,0.74,157.115,2137.0,False,Đã chấm điểm
14620,United Kingdom,2011-03-01,2011-05-18,2,412.78,Hibernating,0,2,2,2,,,,False,Không đủ điều kiện chấm điểm
12428,Finland,2011-03-01,2011-11-14,8,6405.26,Champions,1,4,4,5,0.22,148.494,2246.0,False,Đã chấm điểm
15676,United Kingdom,2011-03-01,2011-11-21,3,3365.56,Champions,3,5,3,5,0.35,871.535,82.0,True,Đã chấm điểm
12679,France,2011-03-01,2011-10-12,4,935.42,Potential Loyalist,2,4,3,3,0.531,53.108,3323.0,False,Đã chấm điểm
15319,United Kingdom,2011-03-01,2011-03-01,1,204.5,Hibernating,0,2,1,1,,,,False,Không đủ điều kiện chấm điểm
16389,United Kingdom,2011-03-01,2011-10-17,4,1382.07,Champions,2,4,3,4,0.446,246.032,1206.0,False,Đã chấm điểm
15733,United Kingdom,2011-03-02,2011-03-02,1,162.3,Hibernating,0,2,1,1,,,,False,Không đủ điều kiện chấm điểm
16678,United Kingdom,2011-03-02,2011-12-07,12,3070.99,Champions,1,5,5,5,0.071,70.119,3191.0,False,Đã chấm điểm
12834,United Kingdom,2011-03-02,2011-03-02,1,312.38,Hibernating,0,2,1,2,,,,False,Không đủ điều kiện chấm điểm
17770,United Kingdom,2011-03-02,2011-05-25,5,1143.27,At Risk,2,2,4,3,,,,False,Không đủ điều kiện chấm điểm
14473,United Kingdom,2011-03-02,2011-09-26,2,234.34,Need Attention,0,3,2,1,0.78,116.544,2663.0,False,Đã chấm điểm
15104,United Kingdom,2011-03-02,2011-05-27,2,976.59,At Risk,2,2,2,3,,,,False,Không đủ điều kiện chấm điểm
15643,United Kingdom,2011-03-02,2011-06-01,3,664.0,At Risk,2,2,3,3,,,,False,Không đủ điều kiện chấm điểm
16217,United Kingdom,2011-03-02,2011-04-18,2,266.45,Hibernating,0,2,2,1,,,,False,Không đủ điều kiện chấm điểm
16957,United Kingdom,2011-03-03,2011-04-14,2,416.64,Hibernating,0,2,2,2,,,,False,Không đủ điều kiện chấm điểm
15087,United Kingdom,2011-03-03,2011-03-03,1,306.94,Hibernating,0,2,1,2,,,,False,Không đủ điều kiện chấm điểm
17856,United Kingdom,2011-03-03,2011-12-08,4,1418.03,Champions,3,5,3,4,0.561,178.213,1903.0,False,Đã chấm điểm
15053,United Kingdom,2011-03-03,2011-12-05,3,693.95,Potential Loyalist,3,5,3,3,0.676,182.66,1841.0,False,Đã chấm điểm
17652,United Kingdom,2011-03-03,2011-11-14,12,4805.08,Champions,1,4,5,5,0.107,189.18,1762.0,False,Đã chấm điểm
12541,Spain,2011-03-04,2011-11-10,3,841.18,Potential Loyalist,3,4,3,3,0.664,191.114,1740.0,False,Đã chấm điểm
15220,United Kingdom,2011-03-04,2011-10-19,6,1753.88,Champions,2,4,4,4,0.291,157.409,2133.0,False,Đã chấm điểm
16449,United Kingdom,2011-03-04,2011-05-26,2,687.79,At Risk,0,2,2,3,,,,False,Không đủ điều kiện chấm điểm
14995,United Kingdom,2011-03-04,2011-11-01,2,231.98,Potential Loyalist,3,4,2,1,0.762,85.798,3020.0,False,Đã chấm điểm
12584,Italy,2011-03-04,2011-12-06,9,2022.1,Champions,1,5,5,4,0.171,137.055,2386.0,False,Đã chấm điểm
17535,United Kingdom,2011-03-04,2011-03-04,1,164.4,Hibernating,0,2,1,1,,,,False,Không đủ điều kiện chấm điểm
14903,United Kingdom,2011-03-06,2011-11-18,5,2778.43,Champions,3,4,4,4,0.349,285.647,926.0,False,Đã chấm điểm
18211,United Kingdom,2011-03-06,2011-11-14,5,600.07,Champions,3,4,4,3,0.446,135.365,2407.0,False,Đã chấm điểm
14504,United Kingdom,2011-03-06,2011-10-23,4,673.26,Potential Loyalist,3,4,3,3,0.542,98.648,2893.0,False,Đã chấm điểm
15554,United Kingdom,2011-03-07,2011-03-07,1,217.2,Hibernating,0,2,1,1,,,,False,Không đủ điều kiện chấm điểm
12614,Germany,2011-03-07,2011-03-07,1,315.6,Hibernating,0,2,1,2,,,,False,Không đủ điều kiện chấm điểm
13344,United Kingdom,2011-03-07,2011-10-03,3,2511.69,Loyal,2,3,3,4,0.698,597.59,189.0,True,Đã chấm điểm
16621,United Kingdom,2011-03-07,2011-10-19,4,813.48,Potential Loyalist,3,4,3,3,0.508,137.691,2379.0,False,Đã chấm điểm
14214,United Kingdom,2011-03-07,2011-11-09,5,1004.38,Champions,3,4,4,3,0.506,97.403,2904.0,False,Đã chấm điểm
14012,United Kingdom,2011-03-07,2011-03-07,1,328.8,Hibernating,0,2,1,2,,,,False,Không đủ điều kiện chấm điểm
17654,United Kingdom,2011-03-07,2011-03-07,1,117.55,Hibernating,0,2,1,1,,,,False,Không đủ điều kiện chấm điểm
16517,United Kingdom,2011-03-07,2011-03-07,1,162.7,Hibernating,0,2,1,1,,,,False,Không đủ điều kiện chấm điểm
15234,United Kingdom,2011-03-08,2011-03-08,1,197.0,Hibernating,0,2,1,1,,,,False,Không đủ điều kiện chấm điểm
15806,United Kingdom,2011-03-08,2011-10-24,3,784.58,Potential Loyalist,3,4,3,3,0.588,162.229,2069.0,False,Đã chấm điểm
14586,United Kingdom,2011-03-08,2011-03-08,1,134.16,Hibernating,0,2,1,1,,,,False,Không đủ điều kiện chấm điểm
14407,United Kingdom,2011-03-08,2011-08-24,5,2113.03,Loyal,2,3,4,4,0.473,368.905,556.0,False,Đã chấm điểm
13908,United Kingdom,2011-03-08,2011-09-21,4,2289.85,Loyal,2,3,3,4,0.402,312.986,760.0,False,Đã chấm điểm
14730,United Kingdom,2011-03-08,2011-12-08,8,1897.57,Champions,1,5,4,4,0.231,132.999,2441.0,False,Đã chấm điểm
14367,United Kingdom,2011-03-08,2011-12-01,15,9112.02,Champions,1,5,5,5,0.027,76.391,3134.0,False,Đã chấm điểm
16426,United Kingdom,2011-03-08,2011-12-07,10,1863.76,Champions,1,5,5,4,0.164,244.221,1235.0,False,Đã chấm điểm
16495,United Kingdom,2011-03-08,2011-12-06,3,648.26,Potential Loyalist,3,5,3,3,0.585,235.127,1312.0,False,Đã chấm điểm
14336,United Kingdom,2011-03-08,2011-11-23,4,1614.91,Champions,3,5,3,4,0.546,241.486,1257.0,False,Đã chấm điểm
15206,United Kingdom,2011-03-09,2011-11-29,4,420.3,Potential Loyalist,3,5,3,2,0.547,135.645,2403.0,False,Đã chấm điểm
12881,United Kingdom,2011-03-09,2011-03-09,1,298.0,Hibernating,0,2,1,2,,,,False,Không đủ điều kiện chấm điểm
16572,United Kingdom,2011-03-09,2011-08-04,3,1009.6,Loyal,2,3,3,3,0.692,273.482,1002.0,False,Đã chấm điểm
14165,United Kingdom,2011-03-09,2011-03-09,1,120.44,Hibernating,0,2,1,1,,,,False,Không đủ điều kiện chấm điểm
15632,United Kingdom,2011-03-10,2011-11-24,8,3104.71,Champions,1,5,4,5,0.157,151.3,2214.0,False,Đã chấm điểm
14297,United Kingdom,2011-03-10,2011-11-22,4,1290.48,Champions,3,5,3,4,0.357,378.005,523.0,False,Đã chấm điểm
13899,United Kingdom,2011-03-10,2011-11-23,2,388.52,Potential Loyalist,3,5,2,2,0.813,73.156,3163.0,False,Đã chấm điểm
18183,United Kingdom,2011-03-10,2011-04-26,2,632.07,At Risk,0,2,2,3,,,,False,Không đủ điều kiện chấm điểm
14603,United Kingdom,2011-03-10,2011-03-10,1,660.0,Hibernating,0,2,1,3,,,,False,Không đủ điều kiện chấm điểm
15308,United Kingdom,2011-03-10,2011-03-10,1,310.47,Hibernating,0,2,1,2,,,,False,Không đủ điều kiện chấm điểm
18086,United Kingdom,2011-03-10,2011-03-10,1,101.34,Hibernating,0,2,1,1,,,,False,Không đủ điều kiện chấm điểm
16778,United Kingdom,2011-03-10,2011-09-26,2,245.94,Need Attention,0,3,2,1,0.774,118.207,2645.0,False,Đã chấm điểm
16808,United Kingdom,2011-03-10,2011-09-01,2,288.42,Need Attention,0,3,2,2,0.813,89.188,2988.0,False,Đã chấm điểm
16475,United Kingdom,2011-03-11,2011-09-12,4,544.3,Loyal,2,3,3,2,0.737,95.381,2930.0,False,Đã chấm điểm
13265,United Kingdom,2011-03-11,2011-10-17,5,2092.66,Champions,2,4,4,4,0.299,195.212,1691.0,False,Đã chấm điểm
12520,Germany,2011-03-11,2011-09-21,5,2320.01,Loyal,2,3,4,4,0.37,185.382,1798.0,False,Đã chấm điểm
15049,United Kingdom,2011-03-11,2011-03-11,1,121.17,Hibernating,0,2,1,1,,,,False,Không đủ điều kiện chấm điểm
16766,United Kingdom,2011-03-11,2011-03-11,2,1145.6,At Risk,2,2,2,3,,,,False,Không đủ điều kiện chấm điểm
17164,United Kingdom,2011-03-11,2011-11-07,7,2467.35,Champions,1,4,4,4,0.316,245.325,1217.0,False,Đã chấm điểm
13043,United Kingdom,2011-03-11,2011-03-11,1,516.42,Hibernating,0,2,1,2,,,,False,Không đủ điều kiện chấm điểm
14352,United Kingdom,2011-03-11,2011-07-05,4,1078.96,Loyal,2,3,3,3,0.614,199.197,1643.0,False,Đã chấm điểm
13956,United Kingdom,2011-03-13,2011-12-04,5,1019.27,Champions,3,5,4,3,0.532,176.876,1914.0,False,Đã chấm điểm
13708,United Kingdom,2011-03-13,2011-03-13,1,283.33,Hibernating,0,2,1,2,,,,False,Không đủ điều kiện chấm điểm
15671,United Kingdom,2011-03-14,2011-11-21,7,2657.13,Champions,1,5,4,4,0.222,170.654,1974.0,False,Đã chấm điểm
16871,United Kingdom,2011-03-14,2011-11-17,6,2778.44,Champions,1,4,4,4,0.359,282.75,946.0,False,Đã chấm điểm
12901,United Kingdom,2011-03-14,2011-12-01,26,16861.7,Champions,1,5,5,5,0.018,103.817,2845.0,False,Đã chấm điểm
15388,Canada,2011-03-14,2011-03-14,1,140.54,Hibernating,0,2,1,1,,,,False,Không đủ điều kiện chấm điểm
16804,United Kingdom,2011-03-14,2011-11-16,3,536.99,Potential Loyalist,3,4,3,2,0.679,284.549,933.0,False,Đã chấm điểm
13499,United Kingdom,2011-03-15,2011-11-22,5,1159.11,Champions,3,5,4,3,0.49,189.478,1758.0,False,Đã chấm điểm
15047,United Kingdom,2011-03-15,2011-03-15,1,343.62,Hibernating,0,2,1,2,,,,False,Không đủ điều kiện chấm điểm
15106,United Kingdom,2011-03-15,2011-11-22,5,1415.68,Champions,3,5,4,4,0.401,189.447,1759.0,False,Đã chấm điểm
13716,United Kingdom,2011-03-15,2011-03-15,1,138.28,Hibernating,0,2,1,1,,,,False,Không đủ điều kiện chấm điểm
13121,United Kingdom,2011-03-15,2011-03-15,1,254.73,Hibernating,0,2,1,1,,,,False,Không đủ điều kiện chấm điểm
16297,United Kingdom,2011-03-16,2011-03-16,1,281.5,Hibernating,0,2,1,2,,,,False,Không đủ điều kiện chấm điểm
12994,United Kingdom,2011-03-16,2011-12-05,3,961.67,Potential Loyalist,3,5,3,3,0.561,180.581,1869.0,False,Đã chấm điểm
16152,United Kingdom,2011-03-16,2011-03-16,1,1829.04,At Risk,2,2,1,4,,,,False,Không đủ điều kiện chấm điểm
14636,United Kingdom,2011-03-16,2011-11-03,2,609.85,Potential Loyalist,3,4,2,3,0.632,129.049,2507.0,False,Đã chấm điểm
13358,United Kingdom,2011-03-16,2011-03-16,1,389.03,Hibernating,0,2,1,2,,,,False,Không đủ điều kiện chấm điểm
12597,Spain,2011-03-16,2011-11-20,4,3058.72,Champions,3,4,3,5,0.236,241.11,1261.0,False,Đã chấm điểm
12955,United Kingdom,2011-03-17,2011-12-08,10,4723.16,Champions,1,5,5,5,0.09,142.084,2319.0,False,Đã chấm điểm
13185,United Kingdom,2011-03-17,2011-03-17,1,71.4,Hibernating,0,2,1,1,,,,False,Không đủ điều kiện chấm điểm
13216,United Kingdom,2011-03-17,2011-03-17,1,333.74,Hibernating,0,2,1,2,,,,False,Không đủ điều kiện chấm điểm
13533,United Kingdom,2011-03-17,2011-06-10,3,269.09,Need Attention,0,3,3,1,,,,False,Không đủ điều kiện chấm điểm
13268,United Kingdom,2011-03-17,2011-11-22,10,3116.36,Champions,1,5,5,5,0.056,58.113,3296.0,False,Đã chấm điểm
15433,United Kingdom,2011-03-17,2011-05-10,2,533.3,Hibernating,0,2,2,2,,,,False,Không đủ điều kiện chấm điểm
16216,United Kingdom,2011-03-17,2011-03-17,1,914.93,Hibernating,0,2,1,3,,,,False,Không đủ điều kiện chấm điểm
16976,United Kingdom,2011-03-17,2011-03-17,1,251.52,Hibernating,0,2,1,1,,,,False,Không đủ điều kiện chấm điểm
13631,United Kingdom,2011-03-17,2011-09-01,11,3070.42,Loyal,2,3,5,5,0.39,402.522,449.0,True,Đã chấm điểm
15648,United Kingdom,2011-03-17,2011-05-19,2,588.5,Hibernating,0,2,2,2,,,,False,Không đủ điều kiện chấm điểm
17725,United Kingdom,2011-03-17,2011-11-23,11,3382.33,Champions,1,5,5,5,0.066,74.712,3153.0,False,Đã chấm điểm
13072,United Kingdom,2011-03-18,2011-03-18,1,177.15,Hibernating,0,2,1,1,,,,False,Không đủ điều kiện chấm điểm
14059,United Kingdom,2011-03-18,2011-03-18,1,183.6,Hibernating,0,2,1,1,,,,False,Không đủ điều kiện chấm điểm
16672,United Kingdom,2011-03-18,2011-12-07,20,8134.94,Champions,1,5,5,5,0.067,184.872,1809.0,False,Đã chấm điểm
14066,United Kingdom,2011-03-18,2011-03-18,1,152.55,Hibernating,0,2,1,1,,,,False,Không đủ điều kiện chấm điểm
16626,United Kingdom,2011-03-18,2011-12-09,17,4413.1,Champions,1,5,5,5,0.035,51.764,3328.0,False,Đã chấm điểm
15019,United Kingdom,2011-03-18,2011-03-18,1,252.81,Hibernating,0,2,1,1,,,,False,Không đủ điều kiện chấm điểm
14041,United Kingdom,2011-03-18,2011-03-18,1,141.41,Hibernating,0,2,1,1,,,,False,Không đủ điều kiện chấm điểm
17060,United Kingdom,2011-03-18,2011-03-18,1,234.24,Hibernating,0,2,1,1,,,,False,Không đủ điều kiện chấm điểm
16023,United Kingdom,2011-03-18,2011-10-24,3,719.81,Potential Loyalist,3,4,3,3,0.54,130.993,2479.0,False,Đã chấm điểm
12878,United Kingdom,2011-03-18,2011-04-17,2,854.99,At Risk,2,2,2,3,,,,False,Không đủ điều kiện chấm điểm
14155,United Kingdom,2011-03-18,2011-03-18,1,118.75,Hibernating,0,2,1,1,,,,False,Không đủ điều kiện chấm điểm
14633,United Kingdom,2011-03-18,2011-03-18,1,344.9,Hibernating,0,2,1,2,,,,False,Không đủ điều kiện chấm điểm
15703,United Kingdom,2011-03-20,2011-03-20,1,211.5,Hibernating,0,2,1,1,,,,False,Không đủ điều kiện chấm điểm
14071,United Kingdom,2011-03-20,2011-12-06,7,1283.84,Champions,3,5,4,4,0.402,175.495,1931.0,False,Đã chấm điểm
17795,United Kingdom,2011-03-20,2011-06-13,2,342.83,Need Attention,0,3,2,2,0.67,77.997,3115.0,False,Đã chấm điểm
12902,United Kingdom,2011-03-20,2011-03-20,1,138.68,Hibernating,0,2,1,1,,,,False,Không đủ điều kiện chấm điểm
14232,United Kingdom,2011-03-20,2011-10-28,5,2048.07,Champions,2,4,4,4,0.273,189.767,1755.0,False,Đã chấm điểm
12407,Belgium,2011-03-20,2011-10-21,5,1507.12,Champions,2,4,4,4,0.319,163.393,2050.0,False,Đã chấm điểm
16728,United Kingdom,2011-03-20,2011-10-24,4,1048.28,Potential Loyalist,3,4,3,3,0.515,183.192,1832.0,False,Đã chấm điểm
13592,United Kingdom,2011-03-20,2011-11-04,4,247.96,Potential Loyalist,3,4,3,1,0.529,44.583,3373.0,False,Đã chấm điểm
15408,United Kingdom,2011-03-20,2011-03-20,1,267.18,Hibernating,0,2,1,1,,,,False,Không đủ điều kiện chấm điểm
14223,United Kingdom,2011-03-20,2011-09-08,3,975.23,Loyal,2,3,3,3,0.439,145.463,2285.0,False,Đã chấm điểm
13934,United Kingdom,2011-03-21,2011-03-21,1,922.1,Hibernating,0,2,1,3,,,,False,Không đủ điều kiện chấm điểm
15669,United Kingdom,2011-03-21,2011-10-30,4,684.34,Potential Loyalist,3,4,3,3,0.496,115.665,2685.0,False,Đã chấm điểm
18224,United Kingdom,2011-03-21,2011-03-21,1,158.95,Hibernating,0,2,1,1,,,,False,Không đủ điều kiện chấm điểm
14245,United Kingdom,2011-03-21,2011-05-04,2,1693.45,At Risk,2,2,2,4,,,,False,Không đủ điều kiện chấm điểm
14632,United Kingdom,2011-03-22,2011-03-22,1,114.56,Hibernating,0,2,1,1,,,,False,Không đủ điều kiện chấm điểm
15132,United Kingdom,2011-03-22,2011-11-21,5,977.93,Champions,3,5,4,3,0.47,157.202,2135.0,False,Đã chấm điểm
17272,United Kingdom,2011-03-22,2011-10-28,4,2148.63,Champions,2,4,3,4,0.303,222.787,1420.0,False,Đã chấm điểm
14711,United Kingdom,2011-03-22,2011-11-29,11,2809.02,Champions,1,5,5,4,0.095,91.354,2975.0,False,Đã chấm điểm
14377,United Kingdom,2011-03-22,2011-06-01,2,617.05,At Risk,0,2,2,3,,,,False,Không đủ điều kiện chấm điểm
15457,United Kingdom,2011-03-22,2011-03-22,1,237.07,Hibernating,0,2,1,1,,,,False,Không đủ điều kiện chấm điểm
16721,United Kingdom,2011-03-22,2011-03-22,1,292.47,Hibernating,0,2,1,2,,,,False,Không đủ điều kiện chấm điểm
17733,United Kingdom,2011-03-23,2011-11-01,2,692.19,Potential Loyalist,3,4,2,3,0.621,147.768,2256.0,False,Đã chấm điểm
17102,United Kingdom,2011-03-23,2011-03-23,1,25.5,Hibernating,0,2,1,1,,,,False,Không đủ điều kiện chấm điểm
15449,United Kingdom,2011-03-23,2011-11-13,3,974.52,Potential Loyalist,3,4,3,3,0.519,173.575,1948.0,False,Đã chấm điểm
12818,Austria,2011-03-23,2011-03-23,1,1182.08,Hibernating,0,2,1,3,,,,False,Không đủ điều kiện chấm điểm
12604,France,2011-03-23,2011-09-21,2,236.18,Need Attention,0,3,2,1,0.73,59.216,3286.0,False,Đã chấm điểm
13132,United Kingdom,2011-03-23,2011-03-23,1,77.3,Hibernating,0,2,1,1,,,,False,Không đủ điều kiện chấm điểm
17486,United Kingdom,2011-03-23,2011-03-23,1,396.87,Hibernating,0,2,1,2,,,,False,Không đủ điều kiện chấm điểm
12564,France,2011-03-23,2011-03-23,1,402.9,Hibernating,0,2,1,2,,,,False,Không đủ điều kiện chấm điểm
15644,United Kingdom,2011-03-23,2011-06-26,4,803.54,Loyal,2,3,3,3,0.592,163.313,2053.0,False,Đã chấm điểm
17250,United Kingdom,2011-03-23,2011-12-06,2,381.97,Potential Loyalist,3,5,2,2,0.707,92.82,2954.0,False,Đã chấm điểm
13341,United Kingdom,2011-03-24,2011-03-24,1,775.85,Hibernating,0,2,1,3,,,,False,Không đủ điều kiện chấm điểm
17698,United Kingdom,2011-03-24,2011-03-24,1,154.95,Hibernating,0,2,1,1,,,,False,Không đủ điều kiện chấm điểm
14267,United Kingdom,2011-03-24,2011-06-30,3,904.24,Loyal,2,3,3,3,0.573,178.774,1894.0,False,Đã chấm điểm
16022,United Kingdom,2011-03-24,2011-03-24,1,602.63,Hibernating,0,2,1,3,,,,False,Không đủ điều kiện chấm điểm
16063,United Kingdom,2011-03-24,2011-03-24,1,335.32,Hibernating,0,2,1,2,,,,False,Không đủ điều kiện chấm điểm
15178,United Kingdom,2011-03-24,2011-03-24,1,40.5,Hibernating,0,2,1,1,,,,False,Không đủ điều kiện chấm điểm
14348,United Kingdom,2011-03-24,2011-03-24,1,409.57,Hibernating,0,2,1,2,,,,False,Không đủ điều kiện chấm điểm
15815,United Kingdom,2011-03-25,2011-10-07,5,2100.6,Loyal,2,3,4,4,0.335,243.866,1238.0,False,Đã chấm điểm
17979,United Kingdom,2011-03-25,2011-11-04,4,709.11,Potential Loyalist,3,4,3,3,0.586,143.956,2297.0,False,Đã chấm điểm
12545,Spain,2011-03-25,2011-09-25,2,832.39,Loyal,3,3,2,3,0.688,198.27,1652.0,False,Đã chấm điểm
14536,United Kingdom,2011-03-25,2011-03-25,1,170.95,Hibernating,0,2,1,1,,,,False,Không đủ điều kiện chấm điểm
17946,United Kingdom,2011-03-25,2011-04-20,2,149.58,Hibernating,0,2,2,1,,,,False,Không đủ điều kiện chấm điểm
13743,United Kingdom,2011-03-25,2011-12-07,7,1341.6,Champions,3,5,4,4,0.288,133.793,2433.0,False,Đã chấm điểm
15045,United Kingdom,2011-03-27,2011-07-11,2,633.66,Loyal,0,3,2,3,0.597,131.908,2454.0,False,Đã chấm điểm
14476,United Kingdom,2011-03-27,2011-03-27,1,193.0,Hibernating,0,2,1,1,,,,False,Không đủ điều kiện chấm điểm
16245,United Kingdom,2011-03-28,2011-11-16,3,1361.21,Champions,3,4,3,4,0.501,238.923,1285.0,False,Đã chấm điểm
12669,France,2011-03-28,2011-07-12,2,1427.73,Loyal,2,3,2,4,0.529,264.705,1058.0,False,Đã chấm điểm
15083,United Kingdom,2011-03-28,2011-03-28,1,88.2,Hibernating,0,2,1,1,,,,False,Không đủ điều kiện chấm điểm
18010,United Kingdom,2011-03-28,2011-03-28,1,174.8,Hibernating,0,2,1,1,,,,False,Không đủ điều kiện chấm điểm
15624,United Kingdom,2011-03-28,2011-08-15,4,588.13,Loyal,2,3,3,2,0.558,114.878,2703.0,False,Đã chấm điểm
17874,United Kingdom,2011-03-29,2011-06-07,6,658.26,Loyal,2,3,4,3,,,,False,Không đủ điều kiện chấm điểm
17719,United Kingdom,2011-03-29,2011-11-02,15,5336.04,Champions,1,4,5,5,0.076,143.372,2306.0,False,Đã chấm điểm
17398,United Kingdom,2011-03-29,2011-08-17,3,653.38,Loyal,2,3,3,3,0.599,137.516,2381.0,False,Đã chấm điểm
12888,United Kingdom,2011-03-29,2011-05-09,2,354.12,Hibernating,0,2,2,2,,,,False,Không đủ điều kiện chấm điểm
13588,United Kingdom,2011-03-29,2011-11-24,9,2451.17,Champions,1,5,5,4,0.124,106.718,2805.0,False,Đã chấm điểm
12456,Switzerland,2011-03-30,2011-10-26,3,2581.04,Champions,2,4,3,4,0.445,405.654,436.0,True,Đã chấm điểm
13720,United Kingdom,2011-03-30,2011-08-15,4,799.9,Loyal,2,3,3,3,0.563,158.804,2115.0,False,Đã chấm điểm
17775,United Kingdom,2011-03-30,2011-03-30,1,56.4,Hibernating,0,2,1,1,,,,False,Không đủ điều kiện chấm điểm
16657,United Kingdom,2011-03-30,2011-11-30,4,874.43,Potential Loyalist,3,5,3,3,0.586,180.91,1860.0,False,Đã chấm điểm
15364,United Kingdom,2011-03-30,2011-09-05,2,913.19,Loyal,2,3,2,3,0.642,206.856,1579.0,False,Đã chấm điểm
15832,United Kingdom,2011-03-30,2011-03-30,1,836.79,Hibernating,0,2,1,3,,,,False,Không đủ điều kiện chấm điểm
15528,United Kingdom,2011-03-30,2011-03-30,1,229.33,Hibernating,0,2,1,1,,,,False,Không đủ điều kiện chấm điểm
16398,United Kingdom,2011-03-31,2011-07-08,2,1645.95,Loyal,2,3,2,4,0.536,312.443,762.0,False,Đã chấm điểm
17088,United Kingdom,2011-03-31,2011-11-11,4,1991.01,Champions,3,4,3,4,0.347,244.542,1228.0,False,Đã chấm điểm
13060,United Kingdom,2011-03-31,2011-03-31,1,307.53,Hibernating,0,2,1,2,,,,False,Không đủ điều kiện chấm điểm
16698,United Kingdom,2011-03-31,2011-04-27,2,1998.0,At Risk,2,2,2,4,,,,False,Không đủ điều kiện chấm điểm
13918,United Kingdom,2011-03-31,2011-10-21,2,1212.84,Potential Loyalist,3,4,2,4,0.554,237.985,1293.0,False,Đã chấm điểm
17781,United Kingdom,2011-03-31,2011-07-03,2,188.02,Need Attention,0,3,2,1,0.739,49.231,3339.0,False,Đã chấm điểm
14886,United Kingdom,2011-04-01,2011-04-01,1,364.8,Hibernating,0,2,1,2,,,,False,Không đủ điều kiện chấm điểm
16609,United Kingdom,2011-04-01,2011-11-24,7,5463.76,Champions,1,5,4,5,0.166,323.022,715.0,False,Đã chấm điểm
18263,United Kingdom,2011-04-01,2011-11-14,3,1213.16,Champions,3,4,3,4,0.537,231.59,1344.0,False,Đã chấm điểm
13841,United Kingdom,2011-04-01,2011-04-01,1,85.0,Hibernating,0,2,1,1,,,,False,Không đủ điều kiện chấm điểm
17701,United Kingdom,2011-04-01,2011-04-01,1,417.95,Hibernating,0,2,1,2,,,,False,Không đủ điều kiện chấm điểm
12569,Germany,2011-04-01,2011-12-07,32,3152.69,Champions,1,5,5,5,0.042,47.652,3354.0,False,Đã chấm điểm
16162,United Kingdom,2011-04-01,2011-04-01,1,37.4,Hibernating,0,2,1,1,,,,False,Không đủ điều kiện chấm điểm
14023,United Kingdom,2011-04-03,2011-12-02,2,584.07,Potential Loyalist,3,5,2,2,0.674,141.067,2330.0,False,Đã chấm điểm
16142,United Kingdom,2011-04-04,2011-04-04,1,535.34,Hibernating,0,2,1,2,,,,False,Không đủ điều kiện chấm điểm
18185,United Kingdom,2011-04-04,2011-04-04,1,304.25,Hibernating,0,2,1,2,,,,False,Không đủ điều kiện chấm điểm
17956,United Kingdom,2011-04-04,2011-04-04,1,12.75,Hibernating,0,2,1,1,,,,False,Không đủ điều kiện chấm điểm
15756,United Kingdom,2011-04-04,2011-10-09,4,528.01,Loyal,3,3,3,2,0.506,96.175,2921.0,False,Đã chấm điểm
14747,United Kingdom,2011-04-04,2011-04-04,1,294.3,Hibernating,0,2,1,2,,,,False,Không đủ điều kiện chấm điểm
14719,United Kingdom,2011-04-04,2011-12-08,5,1581.84,Champions,3,5,4,4,0.344,195.703,1683.0,False,Đã chấm điểm
15442,United Kingdom,2011-04-05,2011-04-05,1,594.0,Hibernating,0,2,1,3,,,,False,Không đủ điều kiện chấm điểm
16696,United Kingdom,2011-04-05,2011-07-27,4,657.9,Loyal,2,3,3,3,0.64,152.23,2199.0,False,Đã chấm điểm
15145,United Kingdom,2011-04-05,2011-12-05,4,1194.73,Champions,3,5,3,4,0.483,208.721,1563.0,False,Đã chấm điểm
13525,United Kingdom,2011-04-05,2011-11-25,2,628.78,Potential Loyalist,3,5,2,3,0.657,149.425,2234.0,False,Đã chấm điểm
17140,United Kingdom,2011-04-06,2011-04-06,1,454.12,Hibernating,0,2,1,2,,,,False,Không đủ điều kiện chấm điểm
14964,United Kingdom,2011-04-06,2011-04-06,1,206.21,Hibernating,0,2,1,1,,,,False,Không đủ điều kiện chấm điểm
16031,United Kingdom,2011-04-06,2011-09-08,2,547.9,Need Attention,3,3,2,2,0.676,134.438,2418.0,False,Đã chấm điểm
17042,United Kingdom,2011-04-06,2011-12-07,5,1036.58,Champions,3,5,4,3,0.492,185.038,1805.0,False,Đã chấm điểm
17906,United Kingdom,2011-04-06,2011-04-06,1,72.9,Hibernating,0,2,1,1,,,,False,Không đủ điều kiện chấm điểm
16144,United Kingdom,2011-04-07,2011-04-07,1,175.2,Hibernating,0,2,1,1,,,,False,Không đủ điều kiện chấm điểm
13731,United Kingdom,2011-04-07,2011-05-04,2,610.59,At Risk,0,2,2,3,,,,False,Không đủ điều kiện chấm điểm
13950,United Kingdom,2011-04-07,2011-11-28,4,728.56,Potential Loyalist,3,5,3,3,0.53,140.773,2337.0,False,Đã chấm điểm
14246,United Kingdom,2011-04-08,2011-08-21,3,1474.06,Loyal,2,3,3,4,0.443,238.701,1288.0,False,Đã chấm điểm
18040,United Kingdom,2011-04-08,2011-11-20,2,357.2,Potential Loyalist,3,4,2,2,0.693,90.526,2980.0,False,Đã chấm điểm
16837,United Kingdom,2011-04-08,2011-11-08,11,3170.98,Champions,1,4,5,5,0.083,96.766,2914.0,False,Đã chấm điểm
15119,United Kingdom,2011-04-08,2011-04-08,1,266.4,Hibernating,0,2,1,1,,,,False,Không đủ điều kiện chấm điểm
12999,United Kingdom,2011-04-08,2011-05-27,3,455.88,At Risk,0,2,3,2,,,,False,Không đủ điều kiện chấm điểm
17054,United Kingdom,2011-04-08,2011-11-11,5,1356.33,Champions,3,4,4,4,0.394,195.443,1688.0,False,Đã chấm điểm
12447,Belgium,2011-04-10,2011-04-10,1,431.49,Hibernating,0,2,1,2,,,,False,Không đủ điều kiện chấm điểm
13570,United Kingdom,2011-04-10,2011-04-10,1,239.49,Hibernating,0,2,1,1,,,,False,Không đủ điều kiện chấm điểm
13232,United Kingdom,2011-04-10,2011-11-27,7,1327.75,Champions,3,5,4,4,0.251,122.724,2579.0,False,Đã chấm điểm
18129,United Kingdom,2011-04-10,2011-04-10,1,112.55,Hibernating,0,2,1,1,,,,False,Không đủ điều kiện chấm điểm
15655,United Kingdom,2011-04-10,2011-04-10,1,521.27,Hibernating,0,2,1,2,,,,False,Không đủ điều kiện chấm điểm
15214,United Kingdom,2011-04-11,2011-12-08,8,1661.44,Champions,1,5,4,4,0.18,110.483,2764.0,False,Đã chấm điểm
17574,United Kingdom,2011-04-11,2011-04-11,1,185.65,Hibernating,0,2,1,1,,,,False,Không đủ điều kiện chấm điểm
15737,United Kingdom,2011-04-11,2011-11-25,6,1124.12,Champions,3,5,4,3,0.299,124.341,2562.0,False,Đã chấm điểm
18080,United Kingdom,2011-04-11,2011-11-21,2,1231.5,Potential Loyalist,3,5,2,4,0.63,287.252,915.0,False,Đã chấm điểm
12596,Spain,2011-04-11,2011-10-19,2,450.27,Potential Loyalist,3,4,2,2,0.672,112.058,2744.0,False,Đã chấm điểm
14273,United Kingdom,2011-04-11,2011-10-19,4,559.97,Potential Loyalist,3,4,3,2,0.48,99.504,2882.0,False,Đã chấm điểm
12363,Unspecified,2011-04-11,2011-08-22,2,552.0,Need Attention,0,3,2,2,0.596,121.916,2589.0,False,Đã chấm điểm
15414,United Kingdom,2011-04-11,2011-11-30,3,774.9,Potential Loyalist,3,5,3,3,0.546,156.72,2141.0,False,Đã chấm điểm
14111,United Kingdom,2011-04-12,2011-11-25,4,692.85,Potential Loyalist,3,5,3,3,0.527,135.896,2399.0,False,Đã chấm điểm
17972,United Kingdom,2011-04-12,2011-04-12,1,135.19,Hibernating,0,2,1,1,,,,False,Không đủ điều kiện chấm điểm
12463,Belgium,2011-04-12,2011-10-17,4,1180.98,Potential Loyalist,2,4,3,3,0.42,184.261,1813.0,False,Đã chấm điểm
16729,United Kingdom,2011-04-12,2011-11-01,21,7174.56,Champions,1,4,5,5,0.061,162.584,2064.0,False,Đã chấm điểm
16697,United Kingdom,2011-04-12,2011-04-12,1,112.75,Hibernating,0,2,1,1,,,,False,Không đủ điều kiện chấm điểm
14931,Channel Islands,2011-04-13,2011-12-05,4,864.68,Potential Loyalist,3,5,3,3,0.508,163.928,2043.0,False,Đã chấm điểm
15230,United Kingdom,2011-04-13,2011-04-14,2,429.6,Hibernating,0,2,2,2,,,,False,Không đủ điều kiện chấm điểm
16309,United Kingdom,2011-04-13,2011-08-25,2,706.57,Loyal,2,3,2,3,0.581,153.327,2183.0,False,Đã chấm điểm
14262,United Kingdom,2011-04-13,2011-12-01,8,2618.23,Champions,1,5,4,4,0.146,142.877,2311.0,False,Đã chấm điểm
16097,United Kingdom,2011-04-13,2011-04-13,1,185.05,Hibernating,0,2,1,1,,,,False,Không đủ điều kiện chấm điểm
13122,United Kingdom,2011-04-13,2011-09-06,2,922.39,Loyal,2,3,2,3,0.628,216.161,1490.0,False,Đã chấm điểm
16966,United Kingdom,2011-04-13,2011-12-01,7,2154.97,Champions,1,5,4,4,0.183,147.102,2267.0,False,Đã chấm điểm
15147,United Kingdom,2011-04-13,2011-04-13,1,623.5,Hibernating,0,2,1,3,,,,False,Không đủ điều kiện chấm điểm
15813,United Kingdom,2011-04-14,2011-05-16,2,1303.91,At Risk,2,2,2,4,,,,False,Không đủ điều kiện chấm điểm
17058,United Kingdom,2011-04-14,2011-09-19,3,1179.89,Loyal,2,3,3,3,0.455,201.139,1631.0,False,Đã chấm điểm
17704,United Kingdom,2011-04-14,2011-06-24,2,885.19,Loyal,2,3,2,3,0.608,201.935,1623.0,False,Đã chấm điểm
15935,United Kingdom,2011-04-14,2011-04-14,1,108.04,Hibernating,0,2,1,1,,,,False,Không đủ điều kiện chấm điểm
16249,United Kingdom,2011-04-14,2011-10-18,5,1800.07,Champions,2,4,4,4,0.274,185.081,1803.0,False,Đã chấm điểm
13811,Germany,2011-04-14,2011-06-09,2,519.75,Need Attention,0,3,2,2,,,,False,Không đủ điều kiện chấm điểm
16806,United Kingdom,2011-04-14,2011-08-28,4,736.21,Loyal,2,3,3,3,0.589,162.663,2063.0,False,Đã chấm điểm
13120,United Kingdom,2011-04-15,2011-04-15,1,30.6,Hibernating,0,2,1,1,,,,False,Không đủ điều kiện chấm điểm
12769,Brazil,2011-04-15,2011-04-15,1,1143.6,Hibernating,0,2,1,3,,,,False,Không đủ điều kiện chấm điểm
14323,United Kingdom,2011-04-15,2011-08-17,2,587.36,Need Attention,0,3,2,2,0.599,132.522,2450.0,False,Đã chấm điểm
17367,United Kingdom,2011-04-15,2011-04-15,1,167.55,Hibernating,0,2,1,1,,,,False,Không đủ điều kiện chấm điểm
18213,United Kingdom,2011-04-17,2011-04-17,1,232.48,Hibernating,0,2,1,1,,,,False,Không đủ điều kiện chấm điểm
15172,United Kingdom,2011-04-17,2011-12-01,5,1624.05,Champions,3,5,4,4,0.311,191.99,1726.0,False,Đã chấm điểm
15745,United Kingdom,2011-04-17,2011-11-20,4,1094.59,Potential Loyalist,3,4,3,3,0.551,229.157,1364.0,False,Đã chấm điểm
17697,United Kingdom,2011-04-17,2011-04-17,1,338.95,Hibernating,0,2,1,2,,,,False,Không đủ điều kiện chấm điểm
15491,United Kingdom,2011-04-18,2011-09-05,6,3100.09,Loyal,2,3,4,5,0.317,374.426,534.0,False,Đã chấm điểm
16617,United Kingdom,2011-04-18,2011-04-18,1,151.85,Hibernating,0,2,1,1,,,,False,Không đủ điều kiện chấm điểm
15508,United Kingdom,2011-04-18,2011-06-03,6,1000.27,At Risk,2,2,4,3,,,,False,Không đủ điều kiện chấm điểm
15594,United Kingdom,2011-04-19,2011-11-24,5,1771.78,Champions,3,5,4,4,0.273,185.074,1804.0,False,Đã chấm điểm
13376,United Kingdom,2011-04-19,2011-09-01,3,869.76,Loyal,2,3,3,3,0.584,194.622,1697.0,False,Đã chấm điểm
16633,United Kingdom,2011-04-19,2011-11-22,6,2883.1,Champions,1,5,4,5,0.212,233.858,1325.0,False,Đã chấm điểm
15225,United Kingdom,2011-04-19,2011-04-19,1,409.4,Hibernating,0,2,1,2,,,,False,Không đủ điều kiện chấm điểm
15436,United Kingdom,2011-04-19,2011-11-27,3,1067.75,Potential Loyalist,3,5,3,3,0.583,238.434,1290.0,False,Đã chấm điểm
15517,United Kingdom,2011-04-20,2011-04-20,1,267.03,Hibernating,0,2,1,1,,,,False,Không đủ điều kiện chấm điểm
17120,United Kingdom,2011-04-20,2011-04-20,1,307.46,Hibernating,0,2,1,2,,,,False,Không đủ điều kiện chấm điểm
12506,France,2011-04-21,2011-04-21,1,73.5,Hibernating,0,2,1,1,,,,False,Không đủ điều kiện chấm điểm
14759,United Kingdom,2011-04-21,2011-12-05,3,1625.97,Champions,3,5,3,4,0.489,307.271,794.0,False,Đã chấm điểm
13505,Switzerland,2011-04-21,2011-09-28,4,3565.38,Loyal,2,3,3,5,0.239,328.86,693.0,False,Đã chấm điểm
13389,United Kingdom,2011-04-21,2011-11-28,3,797.96,Potential Loyalist,3,5,3,3,0.567,174.78,1940.0,False,Đã chấm điểm
12354,Spain,2011-04-21,2011-04-21,1,1079.4,Hibernating,0,2,1,3,,,,False,Không đủ điều kiện chấm điểm
17061,United Kingdom,2011-04-21,2011-09-27,11,5116.13,Loyal,1,3,5,5,0.229,452.214,346.0,True,Đã chấm điểm
17630,United Kingdom,2011-04-21,2011-06-23,2,503.6,Need Attention,0,3,2,2,0.643,125.062,2554.0,False,Đã chấm điểm
16587,United Kingdom,2011-04-21,2011-04-21,1,225.15,Hibernating,0,2,1,1,,,,False,Không đủ điều kiện chấm điểm
12622,Germany,2011-04-21,2011-04-21,1,162.1,Hibernating,0,2,1,1,,,,False,Không đủ điều kiện chấm điểm
16750,United Kingdom,2011-04-21,2011-10-26,5,623.93,Champions,3,4,4,3,0.358,86.266,3015.0,False,Đã chấm điểm
17670,United Kingdom,2011-04-26,2011-04-26,1,205.7,Hibernating,0,2,1,1,,,,False,Không đủ điều kiện chấm điểm
15108,European Community,2011-04-26,2011-07-21,3,1159.25,Loyal,2,3,3,3,0.535,244.802,1225.0,False,Đã chấm điểm
16942,United Kingdom,2011-04-26,2011-11-27,9,1878.51,Champions,1,5,5,4,0.144,106.686,2807.0,False,Đã chấm điểm
15237,United Kingdom,2011-04-26,2011-12-08,4,1412.32,Champions,3,5,3,4,0.413,230.223,1352.0,False,Đã chấm điểm
16965,United Kingdom,2011-04-27,2011-04-27,1,192.07,Hibernating,0,2,1,1,,,,False,Không đủ điều kiện chấm điểm
15891,United Kingdom,2011-04-27,2011-04-27,1,509.13,Hibernating,0,2,1,2,,,,False,Không đủ điều kiện chấm điểm
13637,United Kingdom,2011-04-27,2011-10-18,3,803.05,Potential Loyalist,3,4,3,3,0.489,155.635,2150.0,False,Đã chấm điểm
16637,United Kingdom,2011-04-28,2011-11-07,4,1124.59,Potential Loyalist,3,4,3,3,0.437,195.533,1686.0,False,Đã chấm điểm
13229,United Kingdom,2011-04-28,2011-04-28,1,160.95,Hibernating,0,2,1,1,,,,False,Không đủ điều kiện chấm điểm
14973,United Kingdom,2011-04-28,2011-08-24,3,1314.45,Loyal,2,3,3,4,0.461,241.424,1258.0,False,Đã chấm điểm
15952,United Kingdom,2011-04-28,2011-11-06,4,781.91,Potential Loyalist,3,4,3,3,0.435,135.369,2406.0,False,Đã chấm điểm
17893,United Kingdom,2011-04-28,2011-04-28,1,107.21,Hibernating,0,2,1,1,,,,False,Không đủ điều kiện chấm điểm
16370,United Kingdom,2011-04-28,2011-09-18,4,1301.91,Loyal,2,3,3,4,0.348,180.63,1867.0,False,Đã chấm điểm
15376,United Kingdom,2011-05-01,2011-10-30,3,1221.56,Champions,3,4,3,4,0.444,218.74,1467.0,False,Đã chấm điểm
16055,United Kingdom,2011-05-03,2011-05-03,1,134.8,Hibernating,0,2,1,1,,,,False,Không đủ điều kiện chấm điểm
14149,United Kingdom,2011-05-03,2011-05-03,1,267.08,Hibernating,0,2,1,1,,,,False,Không đủ điều kiện chấm điểm
17501,United Kingdom,2011-05-03,2011-05-03,2,288.6,Hibernating,0,2,2,2,,,,False,Không đủ điều kiện chấm điểm
15582,United Kingdom,2011-05-03,2011-11-15,3,682.91,Potential Loyalist,3,4,3,3,0.583,162.264,2068.0,False,Đã chấm điểm
16230,United Kingdom,2011-05-03,2011-06-03,2,542.03,Hibernating,0,2,2,2,,,,False,Không đủ điều kiện chấm điểm
18146,United Kingdom,2011-05-03,2011-07-22,2,160.35,Need Attention,0,3,2,1,0.742,48.449,3344.0,False,Đã chấm điểm
17443,Canada,2011-05-04,2011-05-04,1,534.24,Hibernating,0,2,1,2,,,,False,Không đủ điều kiện chấm điểm
12886,United Kingdom,2011-05-04,2011-10-03,2,1378.4,Loyal,3,3,2,4,0.501,282.458,951.0,False,Đã chấm điểm
13524,United Kingdom,2011-05-04,2011-10-30,5,680.18,Champions,3,4,4,3,0.407,113.362,2727.0,False,Đã chấm điểm
16610,United Kingdom,2011-05-04,2011-05-04,1,75.66,Hibernating,0,2,1,1,,,,False,Không đủ điều kiện chấm điểm
17394,United Kingdom,2011-05-04,2011-05-04,1,203.87,Hibernating,0,2,1,1,,,,False,Không đủ điều kiện chấm điểm
14948,United Kingdom,2011-05-04,2011-11-16,6,1066.57,Champions,3,4,4,3,0.247,107.688,2790.0,False,Đã chấm điểm
12593,France,2011-05-05,2011-08-23,3,382.1,Loyal,0,3,3,2,0.665,104.423,2835.0,False,Đã chấm điểm
14340,United Kingdom,2011-05-05,2011-05-05,1,134.7,Hibernating,0,2,1,1,,,,False,Không đủ điều kiện chấm điểm
16457,United Kingdom,2011-05-05,2011-05-05,1,208.36,Hibernating,0,2,1,1,,,,False,Không đủ điều kiện chấm điểm
17527,United Kingdom,2011-05-05,2011-10-17,4,898.81,Potential Loyalist,3,4,3,3,0.415,153.394,2179.0,False,Đã chấm điểm
14697,United Kingdom,2011-05-05,2011-05-05,2,188.61,Hibernating,0,2,2,1,,,,False,Không đủ điều kiện chấm điểm
17522,United Kingdom,2011-05-05,2011-12-08,5,1066.15,Champions,3,5,4,3,0.486,213.118,1520.0,False,Đã chấm điểm
13867,United Kingdom,2011-05-05,2011-11-08,3,1005.09,Potential Loyalist,3,4,3,3,0.52,214.896,1503.0,False,Đã chấm điểm
14393,United Kingdom,2011-05-05,2011-05-05,1,67.95,Hibernating,0,2,1,1,,,,False,Không đủ điều kiện chấm điểm
15668,United Kingdom,2011-05-06,2011-05-06,1,76.32,Hibernating,0,2,1,1,,,,False,Không đủ điều kiện chấm điểm
16319,United Kingdom,2011-05-06,2011-05-06,1,404.4,Hibernating,0,2,1,2,,,,False,Không đủ điều kiện chấm điểm
17174,United Kingdom,2011-05-06,2011-05-06,1,59.9,Hibernating,0,2,1,1,,,,False,Không đủ điều kiện chấm điểm
13365,United Kingdom,2011-05-06,2011-11-06,2,2207.52,Potential Loyalist,3,4,2,4,0.579,527.714,243.0,True,Đã chấm điểm
18227,United Kingdom,2011-05-06,2011-05-06,1,93.75,Hibernating,0,2,1,1,,,,False,Không đủ điều kiện chấm điểm
18235,United Kingdom,2011-05-06,2011-09-29,3,1796.48,Loyal,2,3,3,4,0.414,307.133,796.0,False,Đã chấm điểm
13741,United Kingdom,2011-05-06,2011-09-29,3,668.43,Loyal,3,3,3,3,0.506,139.721,2345.0,False,Đã chấm điểm
12394,Belgium,2011-05-06,2011-10-07,2,1080.48,Loyal,3,3,2,3,0.627,279.701,974.0,False,Đã chấm điểm
15258,United Kingdom,2011-05-06,2011-06-24,2,623.16,Loyal,0,3,2,3,0.647,166.328,2013.0,False,Đã chấm điểm
14005,United Kingdom,2011-05-08,2011-11-30,5,2874.72,Champions,3,5,4,5,0.234,280.218,967.0,False,Đã chấm điểm
18142,United Kingdom,2011-05-08,2011-07-05,2,1019.52,Loyal,2,3,2,3,0.626,265.901,1051.0,False,Đã chấm điểm
17410,United Kingdom,2011-05-08,2011-11-23,5,1214.72,Champions,3,5,4,4,0.378,191.5,1734.0,False,Đã chấm điểm
12700,France,2011-05-08,2011-12-02,4,4525.99,Champions,1,5,3,5,0.194,365.449,565.0,False,Đã chấm điểm
13003,United Kingdom,2011-05-09,2011-08-26,3,149.05,Need Attention,0,3,3,1,0.684,42.677,3383.0,False,Đã chấm điểm
13492,Switzerland,2011-05-09,2011-07-26,3,1269.84,Loyal,2,3,3,4,0.585,310.891,779.0,False,Đã chấm điểm
18120,United Kingdom,2011-05-09,2011-05-09,1,111.15,Hibernating,0,2,1,1,,,,False,Không đủ điều kiện chấm điểm
14397,United Kingdom,2011-05-10,2011-12-07,19,2612.96,Champions,1,5,5,4,0.074,80.932,3092.0,False,Đã chấm điểm
12684,France,2011-05-10,2011-12-02,6,2073.63,Champions,3,5,4,4,0.179,156.006,2149.0,False,Đã chấm điểm
14288,United Kingdom,2011-05-10,2011-05-10,1,426.6,Hibernating,0,2,1,2,,,,False,Không đủ điều kiện chấm điểm
15063,United Kingdom,2011-05-10,2011-05-10,1,370.8,Hibernating,0,2,1,2,,,,False,Không đủ điều kiện chấm điểm
14591,United Kingdom,2011-05-10,2011-11-24,4,1320.21,Champions,3,5,3,4,0.58,322.067,722.0,False,Đã chấm điểm
13990,United Kingdom,2011-05-10,2011-05-10,1,311.3,Hibernating,0,2,1,2,,,,False,Không đủ điều kiện chấm điểm
14691,United Kingdom,2011-05-11,2011-11-09,5,2114.33,Champions,3,4,4,4,0.31,276.652,988.0,False,Đã chấm điểm
17489,United Kingdom,2011-05-11,2011-10-12,2,376.64,Potential Loyalist,3,4,2,2,0.681,108.402,2784.0,False,Đã chấm điểm
13404,United Kingdom,2011-05-11,2011-12-08,2,252.49,Potential Loyalist,3,5,2,1,0.707,75.459,3146.0,False,Đã chấm điểm
16644,United Kingdom,2011-05-11,2011-06-15,2,833.78,Loyal,2,3,2,3,0.638,224.794,1399.0,False,Đã chấm điểm
14731,United Kingdom,2011-05-11,2011-10-23,3,380.02,Potential Loyalist,3,4,3,2,0.52,83.482,3052.0,False,Đã chấm điểm
15187,United Kingdom,2011-05-11,2011-12-08,15,4731.58,Champions,1,5,5,5,0.048,96.568,2918.0,False,Đã chấm điểm
18133,United Kingdom,2011-05-11,2011-05-11,1,931.5,Hibernating,0,2,1,3,,,,False,Không đủ điều kiện chấm điểm
13235,United Kingdom,2011-05-11,2011-05-11,1,1031.07,Hibernating,0,2,1,3,,,,False,Không đủ điều kiện chấm điểm
14883,United Kingdom,2011-05-12,2011-11-21,6,761.59,Champions,3,5,4,3,0.372,120.118,2615.0,False,Đã chấm điểm
16116,United Kingdom,2011-05-12,2011-05-12,1,592.88,Hibernating,0,2,1,2,,,,False,Không đủ điều kiện chấm điểm
14364,United Kingdom,2011-05-12,2011-08-23,8,3717.35,Loyal,2,3,4,5,0.459,723.85,119.0,True,Đã chấm điểm
16184,United Kingdom,2011-05-12,2011-10-06,6,1158.79,Loyal,2,3,4,3,0.367,180.339,1871.0,False,Đã chấm điểm
17932,United Kingdom,2011-05-12,2011-11-10,3,1331.57,Champions,3,4,3,4,0.435,245.627,1210.0,False,Đã chấm điểm
12590,Germany,2011-05-12,2011-05-12,1,9341.26,At Risk,2,2,1,5,,,,False,Không đủ điều kiện chấm điểm
17658,United Kingdom,2011-05-12,2011-11-14,2,546.58,Potential Loyalist,3,4,2,2,0.695,161.375,2082.0,False,Đã chấm điểm
12757,Portugal,2011-05-12,2011-11-24,9,4161.75,Champions,1,5,5,5,0.116,204.283,1596.0,False,Đã chấm điểm
17970,United Kingdom,2011-05-12,2011-05-12,1,562.79,Hibernating,0,2,1,2,,,,False,Không đủ điều kiện chấm điểm
15907,United Kingdom,2011-05-13,2011-12-06,3,881.87,Potential Loyalist,3,5,3,3,0.597,224.621,1402.0,False,Đã chấm điểm
14689,United Kingdom,2011-05-15,2011-05-15,1,112.8,Hibernating,0,2,1,1,,,,False,Không đủ điều kiện chấm điểm
15440,United Kingdom,2011-05-15,2011-10-16,3,383.68,Potential Loyalist,3,4,3,2,0.512,84.519,3036.0,False,Đã chấm điểm
16076,United Kingdom,2011-05-15,2011-12-06,10,2173.53,Champions,1,5,5,4,0.122,114.457,2708.0,False,Đã chấm điểm
15333,United Kingdom,2011-05-15,2011-05-15,1,1028.56,Hibernating,0,2,1,3,,,,False,Không đủ điều kiện chấm điểm
17263,United Kingdom,2011-05-15,2011-05-15,1,63.44,Hibernating,0,2,1,1,,,,False,Không đủ điều kiện chấm điểm
16877,United Kingdom,2011-05-15,2011-11-27,6,846.62,Champions,3,5,4,3,0.313,114.217,2710.0,False,Đã chấm điểm
12674,France,2011-05-16,2011-11-01,4,1784.6,Champions,3,4,3,4,0.29,224.142,1404.0,False,Đã chấm điểm
14888,United Kingdom,2011-05-16,2011-05-16,1,369.2,Hibernating,0,2,1,2,,,,False,Không đủ điều kiện chấm điểm
13456,United Kingdom,2011-05-16,2011-11-22,6,1746.32,Champions,3,5,4,4,0.19,143.476,2304.0,False,Đã chấm điểm
12690,France,2011-05-18,2011-05-18,1,335.01,Hibernating,0,2,1,2,,,,False,Không đủ điều kiện chấm điểm
16446,United Kingdom,2011-05-18,2011-05-18,1,2.9,Hibernating,0,2,1,1,,,,False,Không đủ điều kiện chấm điểm
16818,United Kingdom,2011-05-18,2011-11-29,11,3349.57,Champions,1,5,5,5,0.073,107.083,2799.0,False,Đã chấm điểm
13572,United Kingdom,2011-05-18,2011-05-18,1,1384.25,At Risk,2,2,1,4,,,,False,Không đủ điều kiện chấm điểm
15116,United Kingdom,2011-05-19,2011-11-22,4,1352.75,Champions,3,5,3,4,0.401,238.261,1291.0,False,Đã chấm điểm
13529,United Kingdom,2011-05-19,2011-09-22,2,307.76,Need Attention,0,3,2,2,0.667,90.16,2983.0,False,Đã chấm điểm
12620,France,2011-05-19,2011-11-25,3,1303.41,Champions,3,5,3,4,0.462,264.13,1064.0,False,Đã chấm điểm
16813,United Kingdom,2011-05-19,2011-12-01,10,1652.18,Champions,1,5,5,4,0.139,100.751,2872.0,False,Đã chấm điểm
16463,United Kingdom,2011-05-19,2011-11-18,4,1402.4,Champions,3,4,3,4,0.415,255.554,1140.0,False,Đã chấm điểm
13887,United Kingdom,2011-05-19,2011-05-19,1,349.55,Hibernating,0,2,1,2,,,,False,Không đủ điều kiện chấm điểm
17166,United Kingdom,2011-05-20,2011-11-01,2,206.34,Potential Loyalist,3,4,2,1,0.698,63.578,3253.0,False,Đã chấm điểm
13391,United Kingdom,2011-05-20,2011-05-20,1,59.8,Hibernating,0,2,1,1,,,,False,Không đủ điều kiện chấm điểm
17455,United Kingdom,2011-05-20,2011-05-20,1,131.7,Hibernating,0,2,1,1,,,,False,Không đủ điều kiện chấm điểm
18150,United Kingdom,2011-05-22,2011-11-07,3,566.58,Potential Loyalist,3,4,3,2,0.523,131.957,2453.0,False,Đã chấm điểm
16038,United Kingdom,2011-05-22,2011-12-02,3,471.78,Potential Loyalist,3,5,3,2,0.564,118.504,2642.0,False,Đã chấm điểm
13972,United Kingdom,2011-05-22,2011-09-30,2,190.25,Need Attention,0,3,2,1,0.727,61.583,3267.0,False,Đã chấm điểm
13227,United Kingdom,2011-05-22,2011-05-22,1,257.7,Hibernating,0,2,1,1,,,,False,Không đủ điều kiện chấm điểm
16801,United Kingdom,2011-05-22,2011-06-29,3,842.33,Loyal,2,3,3,3,0.623,233.945,1324.0,False,Đã chấm điểm
13657,United Kingdom,2011-05-22,2011-11-29,2,382.14,Potential Loyalist,3,5,2,2,0.68,115.827,2682.0,False,Đã chấm điểm
14921,United Kingdom,2011-05-22,2011-11-09,2,1316.07,Potential Loyalist,3,4,2,4,0.623,365.547,564.0,False,Đã chấm điểm
12710,Germany,2011-05-22,2011-09-04,3,1023.02,Loyal,2,3,3,3,0.497,226.685,1387.0,False,Đã chấm điểm
15292,United Kingdom,2011-05-22,2011-05-22,1,178.39,Hibernating,0,2,1,1,,,,False,Không đủ điều kiện chấm điểm
15705,United Kingdom,2011-05-22,2011-05-22,1,143.1,Hibernating,0,2,1,1,,,,False,Không đủ điều kiện chấm điểm
13339,United Kingdom,2011-05-23,2011-05-23,1,860.12,Hibernating,0,2,1,3,,,,False,Không đủ điều kiện chấm điểm
13885,United Kingdom,2011-05-23,2011-06-03,2,506.8,Hibernating,0,2,2,2,,,,False,Không đủ điều kiện chấm điểm
13737,United Kingdom,2011-05-23,2011-05-23,1,339.6,Hibernating,0,2,1,2,,,,False,Không đủ điều kiện chấm điểm
16091,United Kingdom,2011-05-25,2011-07-08,2,315.06,Need Attention,0,3,2,2,0.722,102.896,2853.0,False,Đã chấm điểm
15804,United Kingdom,2011-05-25,2011-12-09,13,3848.33,Champions,1,5,5,5,0.066,114.112,2715.0,False,Đã chấm điểm
14287,United Kingdom,2011-05-25,2011-12-01,3,156.23,Potential Loyalist,3,5,3,1,0.666,47.035,3358.0,False,Đã chấm điểm
14705,United Kingdom,2011-05-25,2011-05-25,1,179.0,Hibernating,0,2,1,1,,,,False,Không đủ điều kiện chấm điểm
12815,Poland,2011-05-25,2011-07-15,2,863.46,Loyal,2,3,2,3,0.654,255.58,1139.0,False,Đã chấm điểm
14816,United Kingdom,2011-05-26,2011-05-26,1,271.85,Hibernating,0,2,1,1,,,,False,Không đủ điều kiện chấm điểm
16624,United Kingdom,2011-05-26,2011-09-20,2,810.57,Loyal,3,3,2,3,0.579,213.234,1519.0,False,Đã chấm điểm
12493,France,2011-05-26,2011-06-27,2,362.79,Need Attention,0,3,2,2,0.715,117.924,2650.0,False,Đã chấm điểm
18232,United Kingdom,2011-05-26,2011-09-19,4,592.97,Loyal,2,3,3,2,0.542,146.013,2278.0,False,Đã chấm điểm
18073,United Kingdom,2011-05-26,2011-08-17,12,3859.82,Loyal,2,3,5,5,0.58,1017.037,56.0,True,Đã chấm điểm
14280,United Kingdom,2011-05-27,2011-05-27,1,134.04,Hibernating,0,2,1,1,,,,False,Không đủ điều kiện chấm điểm
14823,United Kingdom,2011-05-29,2011-06-12,3,321.43,Loyal,0,3,3,2,0.736,109.147,2775.0,False,Đã chấm điểm
15897,United Kingdom,2011-05-29,2011-05-29,2,208.59,Hibernating,0,2,2,1,,,,False,Không đủ điều kiện chấm điểm
15925,United Kingdom,2011-05-29,2011-05-29,1,207.15,Hibernating,0,2,1,1,,,,False,Không đủ điều kiện chấm điểm
16483,United Kingdom,2011-05-31,2011-05-31,1,139.35,Hibernating,0,2,1,1,,,,False,Không đủ điều kiện chấm điểm
15163,United Kingdom,2011-05-31,2011-11-21,2,304.47,Potential Loyalist,3,5,2,2,0.661,93.835,2942.0,False,Đã chấm điểm
18204,United Kingdom,2011-05-31,2011-09-29,3,1960.95,Loyal,2,3,3,4,0.374,341.859,634.0,False,Đã chấm điểm
12473,Germany,2011-06-01,2011-10-17,3,2554.53,Champions,2,4,3,4,0.367,440.043,368.0,True,Đã chấm điểm
16969,United Kingdom,2011-06-01,2011-10-31,3,650.41,Potential Loyalist,3,4,3,3,0.502,152.95,2188.0,False,Đã chấm điểm
13917,United Kingdom,2011-06-01,2011-10-21,2,272.04,Potential Loyalist,3,4,2,1,0.667,85.071,3027.0,False,Đã chấm điểm
13062,United Kingdom,2011-06-01,2011-06-01,1,346.98,Hibernating,0,2,1,2,,,,False,Không đủ điều kiện chấm điểm
16484,United Kingdom,2011-06-02,2011-06-19,2,379.4,Need Attention,0,3,2,2,0.715,127.763,2527.0,False,Đã chấm điểm
14453,United Kingdom,2011-06-02,2011-06-02,1,119.93,Hibernating,0,2,1,1,,,,False,Không đủ điều kiện chấm điểm
17900,United Kingdom,2011-06-02,2011-06-02,1,15.0,Hibernating,0,2,1,1,,,,False,Không đủ điều kiện chấm điểm
13437,United Kingdom,2011-06-02,2011-11-25,7,3408.06,Champions,1,5,4,5,0.142,228.293,1373.0,False,Đã chấm điểm
12517,Germany,2011-06-02,2011-11-11,4,2281.8,Champions,3,4,3,4,0.203,217.862,1472.0,False,Đã chấm điểm
14500,United Kingdom,2011-06-03,2011-09-12,3,356.85,Loyal,3,3,3,2,0.675,114.097,2716.0,False,Đã chấm điểm
13248,United Kingdom,2011-06-03,2011-08-07,2,465.68,Need Attention,0,3,2,2,0.649,143.226,2308.0,False,Đã chấm điểm
16967,United Kingdom,2011-06-03,2011-06-03,1,319.02,Hibernating,0,2,1,2,,,,False,Không đủ điều kiện chấm điểm
16659,United Kingdom,2011-06-03,2011-06-03,1,39.12,Hibernating,0,2,1,1,,,,False,Không đủ điều kiện chấm điểm
16682,United Kingdom,2011-06-05,2011-12-05,5,1028.0,Champions,3,5,4,3,0.445,218.84,1464.0,False,Đã chấm điểm
15453,United Kingdom,2011-06-05,2011-12-08,7,1371.77,Champions,3,5,4,4,0.238,156.312,2148.0,False,Đã chấm điểm
16963,United Kingdom,2011-06-05,2011-06-05,1,110.55,Hibernating,0,2,1,1,,,,False,Không đủ điều kiện chấm điểm
13682,United Kingdom,2011-06-05,2011-06-05,1,59.5,Hibernating,0,2,1,1,,,,False,Không đủ điều kiện chấm điểm
15349,United Kingdom,2011-06-05,2011-07-04,2,463.91,Need Attention,0,3,2,2,0.676,150.149,2225.0,False,Đã chấm điểm
16849,United Kingdom,2011-06-06,2011-06-06,1,124.57,Need Attention,0,3,1,1,,,,False,Không đủ điều kiện chấm điểm
12535,France,2011-06-06,2011-09-09,2,716.35,Loyal,3,3,2,3,0.571,196.816,1668.0,False,Đã chấm điểm
18248,United Kingdom,2011-06-06,2011-08-09,2,804.02,Loyal,2,3,2,3,0.641,247.904,1184.0,False,Đã chấm điểm
15386,United Kingdom,2011-06-06,2011-06-06,1,394.14,Need Attention,0,3,1,2,,,,False,Không đủ điều kiện chấm điểm
17252,United Kingdom,2011-06-06,2011-08-15,2,348.91,Need Attention,0,3,2,2,0.684,114.935,2699.0,False,Đã chấm điểm
14542,United Kingdom,2011-06-07,2011-06-07,1,103.25,Need Attention,0,3,1,1,,,,False,Không đủ điều kiện chấm điểm
18072,United Kingdom,2011-06-07,2011-06-07,1,20.04,Need Attention,0,3,1,1,,,,False,Không đủ điều kiện chấm điểm
17015,United Kingdom,2011-06-07,2011-11-11,3,1838.61,Champions,3,4,3,4,0.416,370.062,550.0,False,Đã chấm điểm
17124,United Kingdom,2011-06-07,2011-06-07,1,294.24,Need Attention,0,3,1,2,,,,False,Không đủ điều kiện chấm điểm
17828,Malta,2011-06-08,2011-11-17,4,1125.29,Potential Loyalist,3,4,3,3,0.43,235.274,1310.0,False,Đã chấm điểm
15743,United Kingdom,2011-06-08,2011-11-23,4,775.96,Potential Loyalist,3,5,3,3,0.479,180.9,1862.0,False,Đã chấm điểm
14622,United Kingdom,2011-06-08,2011-06-08,1,320.58,Need Attention,0,3,1,2,,,,False,Không đủ điều kiện chấm điểm
15609,United Kingdom,2011-06-08,2011-06-08,1,270.03,Need Attention,0,3,1,1,,,,False,Không đủ điều kiện chấm điểm
14561,United Kingdom,2011-06-08,2011-09-25,3,1080.76,Loyal,2,3,3,3,0.467,245.59,1211.0,False,Đã chấm điểm
15238,United Kingdom,2011-06-08,2011-11-10,3,1059.49,Potential Loyalist,3,4,3,3,0.457,235.502,1308.0,False,Đã chấm điểm
14132,United Kingdom,2011-06-09,2011-12-07,11,3586.03,Champions,1,5,5,5,0.062,108.863,2777.0,False,Đã chấm điểm
16113,United Kingdom,2011-06-09,2011-06-09,1,161.38,Need Attention,0,3,1,1,,,,False,Không đủ điều kiện chấm điểm
16107,United Kingdom,2011-06-09,2011-11-22,7,3204.16,Champions,1,5,4,5,0.185,290.285,891.0,False,Đã chấm điểm
15679,United Kingdom,2011-06-10,2011-11-15,4,781.28,Potential Loyalist,3,4,3,3,0.452,173.58,1947.0,False,Đã chấm điểm
16581,United Kingdom,2011-06-10,2011-06-10,1,70.44,Need Attention,0,3,1,1,,,,False,Không đủ điều kiện chấm điểm
15267,United Kingdom,2011-06-10,2011-11-17,5,1717.36,Champions,3,4,4,4,0.301,254.28,1145.0,False,Đã chấm điểm
17234,United Kingdom,2011-06-10,2011-06-10,1,149.89,Need Attention,0,3,1,1,,,,False,Không đủ điều kiện chấm điểm
15411,United Kingdom,2011-06-10,2011-11-13,4,1336.43,Champions,3,4,3,4,0.315,206.721,1583.0,False,Đã chấm điểm
14178,United Kingdom,2011-06-10,2011-12-01,7,1580.26,Champions,3,5,4,4,0.193,149.966,2228.0,False,Đã chấm điểm
15098,United Kingdom,2011-06-10,2011-06-10,1,649.5,Need Attention,0,3,1,3,,,,False,Không đủ điều kiện chấm điểm
17265,United Kingdom,2011-06-12,2011-07-24,2,550.01,Need Attention,0,3,2,2,0.664,181.713,1850.0,False,Đã chấm điểm
13517,United Kingdom,2011-06-13,2011-10-11,3,2128.42,Loyal,2,3,3,4,0.401,427.273,395.0,True,Đã chấm điểm
16342,United Kingdom,2011-06-13,2011-09-25,4,322.41,Loyal,3,3,3,2,0.599,96.642,2917.0,False,Đã chấm điểm
12732,France,2011-06-13,2011-06-13,1,218.26,Need Attention,0,3,1,1,0.767,83.686,3049.0,False,Đã chấm điểm
15036,United Kingdom,2011-06-13,2011-09-28,3,429.56,Loyal,3,3,3,2,0.531,114.14,2713.0,False,Đã chấm điểm
15069,United Kingdom,2011-06-13,2011-06-13,1,1109.53,Need Attention,0,3,1,3,0.672,372.592,538.0,False,Đã chấm điểm
14503,United Kingdom,2011-06-14,2011-12-06,6,3543.26,Champions,1,5,4,5,0.249,444.118,361.0,True,Đã chấm điểm
13343,United Kingdom,2011-06-15,2011-06-15,1,253.93,Need Attention,0,3,1,1,0.785,100.736,2873.0,False,Đã chấm điểm
12624,France,2011-06-15,2011-08-25,2,569.13,Need Attention,0,3,2,2,0.64,184.122,1817.0,False,Đã chấm điểm
18165,United Kingdom,2011-06-15,2011-06-15,1,302.46,Need Attention,0,3,1,2,0.759,116.118,2672.0,False,Đã chấm điểm
16324,United Kingdom,2011-06-15,2011-08-03,3,408.59,Loyal,0,3,3,2,0.635,131.23,2473.0,False,Đã chấm điểm
14222,United Kingdom,2011-06-15,2011-06-15,1,683.17,Need Attention,0,3,1,3,0.695,239.979,1275.0,False,Đã chấm điểm
15585,United Kingdom,2011-06-16,2011-06-16,1,455.3,Need Attention,0,3,1,2,0.737,170.535,1975.0,False,Đã chấm điểm
16257,United Kingdom,2011-06-16,2011-06-16,1,21.95,Need Attention,0,3,1,1,0.827,9.231,3457.0,False,Đã chấm điểm
12816,Poland,2011-06-16,2011-09-05,2,452.2,Need Attention,0,3,2,2,0.628,144.502,2291.0,False,Đã chấm điểm
13826,United Kingdom,2011-06-16,2011-06-16,1,189.5,Need Attention,0,3,1,1,0.763,73.501,3159.0,False,Đã chấm điểm
13575,United Kingdom,2011-06-16,2011-11-16,5,732.07,Champions,3,4,4,3,0.393,146.22,2276.0,False,Đã chấm điểm
16852,United Kingdom,2011-06-16,2011-11-29,2,144.91,Potential Loyalist,3,5,2,1,0.686,50.567,3331.0,False,Đã chấm điểm
15014,United Kingdom,2011-06-16,2011-10-27,2,257.67,Potential Loyalist,3,4,2,1,0.668,87.505,3001.0,False,Đã chấm điểm
14765,United Kingdom,2011-06-16,2011-11-10,3,254.11,Potential Loyalist,3,4,3,1,0.611,78.965,3109.0,False,Đã chấm điểm
16869,United Kingdom,2011-06-17,2011-11-17,4,817.12,Potential Loyalist,3,4,3,3,0.456,190.567,1746.0,False,Đã chấm điểm
15909,United Kingdom,2011-06-19,2011-06-19,1,191.94,Need Attention,0,3,1,1,0.768,76.241,3137.0,False,Đã chấm điểm
13618,United Kingdom,2011-06-19,2011-06-19,1,177.34,Need Attention,0,3,1,1,0.768,70.456,3189.0,False,Đã chấm điểm
17879,United Kingdom,2011-06-19,2011-06-19,1,178.52,Need Attention,0,3,1,1,0.772,71.3,3183.0,False,Đã chấm điểm
17562,United Kingdom,2011-06-19,2011-11-25,7,1107.38,Champions,3,5,4,3,0.24,137.382,2382.0,False,Đã chấm điểm
15334,United Kingdom,2011-06-19,2011-07-06,3,347.87,Loyal,0,3,3,2,0.785,141.279,2329.0,False,Đã chấm điểm
13568,United Kingdom,2011-06-19,2011-06-19,1,187.05,Need Attention,0,3,1,1,0.746,72.191,3174.0,False,Đã chấm điểm
16744,United Kingdom,2011-06-19,2011-11-28,7,1291.91,Champions,3,5,4,4,0.207,138.427,2372.0,False,Đã chấm điểm
15700,United Kingdom,2011-06-19,2011-06-20,2,684.43,Loyal,0,3,2,3,0.744,263.273,1071.0,False,Đã chấm điểm
17444,Canada,2011-06-20,2011-07-11,2,2389.1,Loyal,2,3,2,4,0.572,710.377,123.0,True,Đã chấm điểm
15840,United Kingdom,2011-06-20,2011-10-12,2,355.56,Potential Loyalist,3,4,2,2,0.644,119.061,2634.0,False,Đã chấm điểm
14808,United Kingdom,2011-06-20,2011-10-31,8,2523.6,Champions,1,4,4,4,0.143,187.581,1770.0,False,Đã chấm điểm
12904,United Kingdom,2011-06-20,2011-11-21,2,496.06,Potential Loyalist,3,5,2,2,0.701,181.007,1858.0,False,Đã chấm điểm
15825,United Kingdom,2011-06-20,2011-06-20,1,532.94,Need Attention,0,3,1,2,0.732,202.901,1613.0,False,Đã chấm điểm
12432,Norway,2011-06-20,2011-10-28,4,4359.32,Champions,2,4,3,5,0.362,821.241,90.0,True,Đã chấm điểm
12830,United Kingdom,2011-06-21,2011-11-02,6,6814.64,Champions,1,4,4,5,0.328,1168.339,42.0,True,Đã chấm điểm
15507,United Kingdom,2011-06-21,2011-06-21,1,475.86,Need Attention,0,3,1,2,0.737,183.562,1822.0,False,Đã chấm điểm
12930,United Kingdom,2011-06-21,2011-09-22,2,415.8,Need Attention,3,3,2,2,0.605,131.654,2461.0,False,Đã chấm điểm
14960,United Kingdom,2011-06-21,2011-12-01,2,221.27,Potential Loyalist,3,5,2,1,0.66,76.454,3132.0,False,Đã chấm điểm
12444,Norway,2011-06-21,2011-11-18,5,4085.46,Champions,1,4,4,5,0.181,386.809,494.0,True,Đã chấm điểm
15412,United Kingdom,2011-06-21,2011-06-21,1,190.53,Need Attention,0,3,1,1,0.759,75.657,3143.0,False,Đã chấm điểm
16114,United Kingdom,2011-06-22,2011-06-22,1,135.75,Need Attention,0,3,1,1,0.803,57.407,3303.0,False,Đã chấm điểm
13420,United Kingdom,2011-06-22,2011-07-13,2,142.45,Need Attention,0,3,2,1,0.769,57.674,3301.0,False,Đã chấm điểm
17877,United Kingdom,2011-06-22,2011-06-22,1,237.61,Need Attention,0,3,1,1,0.765,95.691,2926.0,False,Đã chấm điểm
16247,United Kingdom,2011-06-22,2011-06-22,1,114.56,Need Attention,0,3,1,1,0.805,48.55,3343.0,False,Đã chấm điểm
12919,United Kingdom,2011-06-23,2011-12-01,6,1335.19,Champions,3,5,4,4,0.277,195.611,1684.0,False,Đã chấm điểm
15130,United Kingdom,2011-06-23,2011-06-23,1,330.11,Need Attention,0,3,1,2,0.76,132.758,2446.0,False,Đã chấm điểm
12704,Finland,2011-06-23,2011-12-02,8,1740.84,Champions,1,5,4,4,0.179,165.191,2027.0,False,Đã chấm điểm
17370,United Kingdom,2011-06-23,2011-09-28,4,446.18,Loyal,3,3,3,2,0.515,121.576,2593.0,False,Đã chấm điểm
12465,Belgium,2011-06-23,2011-11-22,2,682.19,Potential Loyalist,3,5,2,3,0.67,242.054,1255.0,False,Đã chấm điểm
12697,Sweden,2011-06-23,2011-11-11,3,757.59,Potential Loyalist,3,4,3,3,0.522,209.474,1552.0,False,Đã chấm điểm
13791,United Kingdom,2011-06-24,2011-08-04,2,1516.0,Loyal,2,3,2,4,0.706,569.958,211.0,True,Đã chấm điểm
14795,United Kingdom,2011-06-26,2011-06-26,1,131.45,Need Attention,0,3,1,1,0.792,56.088,3313.0,False,Đã chấm điểm
12548,Spain,2011-06-26,2011-06-26,1,67.2,Need Attention,0,3,1,1,0.81,29.334,3424.0,False,Đã chấm điểm
16671,United Kingdom,2011-06-28,2011-11-11,3,1692.27,Champions,3,4,3,4,0.446,411.774,420.0,True,Đã chấm điểm
14351,United Kingdom,2011-06-28,2011-06-28,1,51.0,Need Attention,0,3,1,1,0.864,24.024,3437.0,False,Đã chấm điểm
17391,United Kingdom,2011-06-28,2011-06-29,2,508.8,Need Attention,0,3,2,2,0.802,222.483,1426.0,False,Đã chấm điểm
17750,United Kingdom,2011-06-28,2011-12-04,9,1694.16,Champions,1,5,5,4,0.202,186.429,1784.0,False,Đã chấm điểm
17997,United Kingdom,2011-06-28,2011-09-26,8,1892.86,Loyal,2,3,4,4,0.397,410.279,424.0,True,Đã chấm điểm
14383,United Kingdom,2011-06-29,2011-11-01,3,1247.69,Champions,3,4,3,4,0.449,307.232,795.0,False,Đã chấm điểm
15537,United Kingdom,2011-06-29,2011-06-29,1,110.92,Need Attention,0,3,1,1,0.818,49.812,3335.0,False,Đã chấm điểm
17837,United Kingdom,2011-06-29,2011-10-28,8,1525.38,Champions,2,4,4,4,0.226,189.578,1757.0,False,Đã chấm điểm
15578,United Kingdom,2011-06-30,2011-06-30,1,127.1,Need Attention,0,3,1,1,0.812,57.0,3306.0,False,Đã chấm điểm
16498,United Kingdom,2011-06-30,2011-07-01,2,100.97,Need Attention,0,3,2,1,0.781,43.541,3378.0,False,Đã chấm điểm
17891,United Kingdom,2011-06-30,2011-06-30,1,203.86,Need Attention,0,3,1,1,0.753,84.794,3033.0,False,Đã chấm điểm
16866,United Kingdom,2011-07-01,2011-07-22,3,207.74,Need Attention,0,3,3,1,0.778,89.764,2985.0,False,Đã chấm điểm
13730,United Kingdom,2011-07-01,2011-07-27,2,752.6,Loyal,2,3,2,3,0.675,282.067,953.0,False,Đã chấm điểm
12922,United Kingdom,2011-07-01,2011-07-01,1,405.38,Need Attention,0,3,1,2,0.771,173.59,1946.0,False,Đã chấm điểm
16009,United Kingdom,2011-07-03,2011-11-17,4,972.11,Potential Loyalist,3,4,3,3,0.439,240.235,1272.0,False,Đã chấm điểm
17939,United Kingdom,2011-07-03,2011-07-03,1,99.14,Need Attention,0,3,1,1,0.825,45.988,3367.0,False,Đã chấm điểm
17312,United Kingdom,2011-07-03,2011-07-24,3,644.3,Loyal,2,3,3,3,0.745,269.897,1022.0,False,Đã chấm điểm
17899,United Kingdom,2011-07-03,2011-07-03,1,154.55,Need Attention,0,3,1,1,0.798,69.399,3197.0,False,Đã chấm điểm
15007,United Kingdom,2011-07-03,2011-07-03,1,156.91,Need Attention,0,3,1,1,0.809,71.443,3180.0,False,Đã chấm điểm
18265,United Kingdom,2011-07-04,2011-09-28,2,801.51,Loyal,3,3,2,3,0.565,256.181,1133.0,False,Đã chấm điểm
17024,United Kingdom,2011-07-05,2011-10-25,3,95.85,Potential Loyalist,3,4,3,1,0.611,33.378,3410.0,False,Đã chấm điểm
14034,United Kingdom,2011-07-05,2011-11-17,3,509.09,Potential Loyalist,3,4,3,2,0.647,187.68,1769.0,False,Đã chấm điểm
16616,United Kingdom,2011-07-05,2011-11-24,2,500.42,Potential Loyalist,3,5,2,2,0.664,189.353,1761.0,False,Đã chấm điểm
16338,United Kingdom,2011-07-05,2011-07-05,1,214.8,Need Attention,0,3,1,1,0.783,95.793,2924.0,False,Đã chấm điểm
14002,United Kingdom,2011-07-06,2011-07-28,2,529.73,Need Attention,0,3,2,2,0.711,215.857,1494.0,False,Đã chấm điểm
16929,United Kingdom,2011-07-07,2011-12-06,7,1295.39,Champions,3,5,4,4,0.236,176.016,1926.0,False,Đã chấm điểm
17892,United Kingdom,2011-07-07,2011-10-14,3,244.1,Potential Loyalist,3,4,3,1,0.589,82.974,3056.0,False,Đã chấm điểm
15505,United Kingdom,2011-07-07,2011-10-18,5,3497.14,Champions,2,4,4,5,0.256,516.152,258.0,True,Đã chấm điểm
18013,United Kingdom,2011-07-07,2011-07-07,2,187.29,Need Attention,0,3,2,1,0.807,87.188,3005.0,False,Đã chấm điểm
13681,United Kingdom,2011-07-07,2011-11-22,4,827.83,Potential Loyalist,3,5,3,3,0.464,221.565,1435.0,False,Đã chấm điểm
13486,United Kingdom,2011-07-07,2011-09-22,3,1122.41,Loyal,2,3,3,3,0.47,304.407,811.0,False,Đã chấm điểm
12461,Switzerland,2011-07-08,2011-07-08,1,626.88,Need Attention,0,3,1,3,0.737,268.406,1030.0,False,Đã chấm điểm
18121,United Kingdom,2011-07-08,2011-07-13,2,653.3,Loyal,0,3,2,3,0.777,294.906,868.0,False,Đã chấm điểm
18024,United Kingdom,2011-07-10,2011-07-10,2,236.78,Need Attention,0,3,2,1,0.819,114.128,2714.0,False,Đã chấm điểm
15467,United Kingdom,2011-07-10,2011-11-30,3,524.88,Potential Loyalist,3,5,3,2,0.561,173.098,1954.0,False,Đã chấm điểm
13678,United Kingdom,2011-07-11,2011-07-11,1,232.6,Need Attention,0,3,1,1,0.8,110.242,2765.0,False,Đã chấm điểm
13058,United Kingdom,2011-07-11,2011-11-15,3,271.4,Potential Loyalist,3,4,3,1,0.57,91.671,2971.0,False,Đã chấm điểm
12556,Spain,2011-07-11,2011-10-20,2,599.56,Potential Loyalist,3,4,2,3,0.609,216.326,1486.0,False,Đã chấm điểm
13224,United Kingdom,2011-07-11,2011-10-10,2,2152.95,Loyal,2,3,2,4,0.523,667.173,147.0,True,Đã chấm điểm
16989,United Kingdom,2011-07-12,2011-12-02,6,1133.25,Champions,3,5,4,3,0.386,260.413,1093.0,False,Đã chấm điểm
18122,United Kingdom,2011-07-12,2011-12-01,6,1791.84,Champions,3,5,4,4,0.224,239.249,1280.0,False,Đã chấm điểm
12722,France,2011-07-12,2011-09-15,4,945.73,Loyal,2,3,3,3,0.554,312.222,765.0,False,Đã chấm điểm
17405,United Kingdom,2011-07-12,2011-12-08,3,1031.41,Potential Loyalist,3,5,3,3,0.482,296.507,859.0,False,Đã chấm điểm
13311,United Kingdom,2011-07-12,2011-12-05,2,598.57,Potential Loyalist,3,5,2,3,0.676,241.177,1260.0,False,Đã chấm điểm
15895,United Kingdom,2011-07-13,2011-07-13,1,179.17,Need Attention,0,3,1,1,0.809,86.978,3008.0,False,Đã chấm điểm
13667,United Kingdom,2011-07-13,2011-07-13,1,299.05,Need Attention,0,3,1,2,0.734,131.627,2462.0,False,Đã chấm điểm
12405,Finland,2011-07-14,2011-07-14,1,1390.39,Loyal,2,3,1,4,0.747,627.492,168.0,True,Đã chấm điểm
14862,United Kingdom,2011-07-14,2011-11-14,2,841.2,Potential Loyalist,3,4,2,3,0.612,311.094,774.0,False,Đã chấm điểm
16488,United Kingdom,2011-07-14,2011-11-06,3,498.8,Potential Loyalist,3,4,3,2,0.531,160.133,2100.0,False,Đã chấm điểm
13933,United Kingdom,2011-07-14,2011-08-22,2,608.79,Loyal,0,3,2,3,0.669,245.886,1207.0,False,Đã chấm điểm
15839,United Kingdom,2011-07-14,2011-11-06,3,1036.59,Potential Loyalist,3,4,3,3,0.46,288.248,906.0,False,Đã chấm điểm
13994,United Kingdom,2011-07-14,2011-12-06,6,2274.14,Champions,1,5,4,4,0.237,325.13,708.0,False,Đã chấm điểm
17554,United Kingdom,2011-07-14,2011-12-08,5,1952.45,Champions,3,5,4,4,0.236,278.167,979.0,False,Đã chấm điểm
17948,United Kingdom,2011-07-15,2011-07-15,1,358.56,Need Attention,0,3,1,2,0.777,169.335,1987.0,False,Đã chấm điểm
15004,United Kingdom,2011-07-15,2011-07-15,1,1220.38,Loyal,2,3,1,4,0.712,528.438,241.0,True,Đã chấm điểm
13507,United Kingdom,2011-07-17,2011-12-06,4,2479.16,Champions,3,5,3,4,0.368,561.664,215.0,True,Đã chấm điểm
12833,United Kingdom,2011-07-17,2011-07-17,1,417.38,Need Attention,0,3,1,2,0.773,198.987,1646.0,False,Đã chấm điểm
16474,United Kingdom,2011-07-17,2011-12-02,7,1800.94,Champions,1,5,4,4,0.226,250.369,1171.0,False,Đã chấm điểm
16762,United Kingdom,2011-07-18,2011-11-20,3,1207.24,Champions,3,4,3,4,0.478,358.275,581.0,False,Đã chấm điểm
13940,United Kingdom,2011-07-18,2011-11-22,4,839.14,Potential Loyalist,3,5,3,3,0.424,220.913,1449.0,False,Đã chấm điểm
14029,United Kingdom,2011-07-18,2011-10-07,2,467.66,Need Attention,3,3,2,2,0.582,168.847,1989.0,False,Đã chấm điểm
14117,United Kingdom,2011-07-19,2011-07-19,1,90.0,Need Attention,0,3,1,1,0.853,47.996,3349.0,False,Đã chấm điểm
17779,United Kingdom,2011-07-19,2011-11-18,3,637.82,Potential Loyalist,3,4,3,3,0.48,191.446,1735.0,False,Đã chấm điểm
13991,United Kingdom,2011-07-19,2011-11-27,6,851.88,Champions,3,5,4,3,0.286,152.252,2197.0,False,Đã chấm điểm
13827,United Kingdom,2011-07-19,2011-10-13,3,409.8,Potential Loyalist,3,4,3,2,0.541,138.486,2370.0,False,Đã chấm điểm
12560,Germany,2011-07-19,2011-12-04,2,1918.01,Potential Loyalist,3,5,2,4,0.558,669.022,146.0,True,Đã chấm điểm
16764,United Kingdom,2011-07-19,2011-12-06,13,2733.84,Champions,1,5,5,4,0.079,134.346,2420.0,False,Đã chấm điểm
18180,United Kingdom,2011-07-20,2011-12-05,6,1843.75,Champions,3,5,4,4,0.208,241.397,1259.0,False,Đã chấm điểm
12521,Germany,2011-07-20,2011-07-20,1,545.68,Need Attention,0,3,1,2,0.743,255.127,1142.0,False,Đã chấm điểm
17229,United Kingdom,2011-07-20,2011-09-04,2,318.76,Need Attention,0,3,2,2,0.673,134.944,2411.0,False,Đã chấm điểm
14456,United Kingdom,2011-07-20,2011-12-04,9,3003.32,Champions,1,5,5,5,0.092,173.805,1944.0,False,Đã chấm điểm
16464,United Kingdom,2011-07-20,2011-11-20,3,1298.66,Champions,3,4,3,4,0.473,386.631,495.0,True,Đã chấm điểm
18143,United Kingdom,2011-07-21,2011-08-15,2,1000.16,Loyal,2,3,2,3,0.643,407.508,431.0,True,Đã chấm điểm
14259,United Kingdom,2011-07-21,2011-07-21,1,120.0,Need Attention,0,3,1,1,0.84,63.925,3251.0,False,Đã chấm điểm
14517,United Kingdom,2011-07-21,2011-11-06,2,330.45,Potential Loyalist,3,4,2,2,0.628,131.533,2468.0,False,Đã chấm điểm
16041,United Kingdom,2011-07-21,2011-11-09,3,3166.4,Champions,3,4,3,5,0.517,1038.031,54.0,True,Đã chấm điểm
15829,United Kingdom,2011-07-22,2011-09-01,2,636.14,Loyal,3,3,2,3,0.646,262.128,1078.0,False,Đã chấm điểm
15232,United Kingdom,2011-07-22,2011-08-18,2,612.06,Loyal,0,3,2,3,0.698,272.699,1006.0,False,Đã chấm điểm
12438,Norway,2011-07-22,2011-11-25,2,2466.85,Potential Loyalist,3,5,2,4,0.589,927.872,75.0,True,Đã chấm điểm
12627,Germany,2011-07-22,2011-11-29,6,4082.53,Champions,1,5,4,5,0.192,499.567,271.0,True,Đã chấm điểm
13563,United Kingdom,2011-07-22,2011-09-16,2,777.53,Loyal,3,3,2,3,0.567,281.453,961.0,False,Đã chấm điểm
16305,United Kingdom,2011-07-24,2011-07-24,1,361.22,Need Attention,0,3,1,2,0.783,183.188,1833.0,False,Đã chấm điểm
17724,United Kingdom,2011-07-24,2011-09-29,3,1009.2,Loyal,2,3,3,3,0.463,302.782,822.0,False,Đã chấm điểm
13116,United Kingdom,2011-07-24,2011-07-24,1,501.14,Need Attention,0,3,1,2,0.767,248.977,1176.0,False,Đã chấm điểm
14019,United Kingdom,2011-07-24,2011-10-24,3,1408.86,Champions,3,4,3,4,0.439,400.528,454.0,True,Đã chấm điểm
14100,United Kingdom,2011-07-25,2011-07-25,1,191.95,Need Attention,0,3,1,1,0.82,102.695,2856.0,False,Đã chấm điểm
16557,United Kingdom,2011-07-25,2011-11-15,2,281.85,Potential Loyalist,3,4,2,2,0.623,114.462,2707.0,False,Đã chấm điểm
16364,United Kingdom,2011-07-25,2011-11-28,2,705.79,Potential Loyalist,3,5,2,3,0.642,295.399,866.0,False,Đã chấm điểm
17693,United Kingdom,2011-07-25,2011-07-25,1,200.47,Need Attention,0,3,1,1,0.814,106.41,2809.0,False,Đã chấm điểm
15618,United Kingdom,2011-07-26,2011-11-07,4,756.93,Potential Loyalist,3,4,3,3,0.462,229.709,1359.0,False,Đã chấm điểm
13930,United Kingdom,2011-07-26,2011-10-13,2,337.34,Potential Loyalist,3,4,2,2,0.594,131.613,2463.0,False,Đã chấm điểm
13379,United Kingdom,2011-07-26,2011-11-13,3,572.56,Potential Loyalist,3,4,3,2,0.475,178.655,1895.0,False,Đã chấm điểm
14305,United Kingdom,2011-07-27,2011-09-29,3,1841.26,Loyal,2,3,3,4,0.412,501.991,270.0,True,Đã chấm điểm
12397,Belgium,2011-07-27,2011-11-04,2,2214.9,Potential Loyalist,3,4,2,4,0.52,762.247,110.0,True,Đã chấm điểm
14331,United Kingdom,2011-07-27,2011-08-07,2,462.66,Need Attention,0,3,2,2,0.774,236.909,1300.0,False,Đã chấm điểm
13925,United Kingdom,2011-07-28,2011-09-08,4,567.8,Loyal,2,3,3,2,0.677,256.397,1132.0,False,Đã chấm điểm
18237,United Kingdom,2011-07-28,2011-12-07,5,987.1,Champions,3,5,4,3,0.401,263.572,1067.0,False,Đã chấm điểm
12453,Austria,2011-07-28,2011-07-28,1,707.09,Need Attention,0,3,1,3,0.725,341.534,635.0,False,Đã chấm điểm
15118,United Kingdom,2011-07-28,2011-07-28,1,244.8,Need Attention,0,3,1,1,0.815,132.974,2442.0,False,Đã chấm điểm
15746,United Kingdom,2011-07-28,2011-07-28,1,182.96,Need Attention,0,3,1,1,0.814,99.241,2888.0,False,Đã chấm điểm
12743,Unspecified,2011-07-28,2011-07-28,2,540.13,Need Attention,0,3,2,2,0.739,266.276,1049.0,False,Đã chấm điểm
15942,United Kingdom,2011-07-29,2011-07-29,1,337.44,Need Attention,0,3,1,2,0.78,176.766,1915.0,False,Đã chấm điểm
15120,United Kingdom,2011-07-29,2011-07-29,1,343.82,Need Attention,0,3,1,2,0.783,180.909,1861.0,False,Đã chấm điểm
14143,United Kingdom,2011-07-29,2011-07-29,1,115.8,Need Attention,0,3,1,1,0.838,65.138,3235.0,False,Đã chấm điểm
18081,United Kingdom,2011-07-29,2011-11-03,3,343.45,Potential Loyalist,3,4,3,2,0.543,125.259,2548.0,False,Đã chấm điểm
14511,United Kingdom,2011-07-29,2011-11-28,5,1267.41,Champions,3,5,4,4,0.285,242.855,1250.0,False,Đã chấm điểm
12716,France,2011-07-29,2011-12-06,2,963.49,Potential Loyalist,3,5,2,3,0.635,410.987,421.0,True,Đã chấm điểm
15776,United Kingdom,2011-07-29,2011-07-29,1,241.62,Need Attention,0,3,1,1,0.808,131.192,2474.0,False,Đã chấm điểm
12981,United Kingdom,2011-07-29,2011-11-10,2,372.22,Potential Loyalist,3,4,2,2,0.586,146.374,2273.0,False,Đã chấm điểm
13928,United Kingdom,2011-07-29,2011-11-29,4,464.57,Potential Loyalist,3,5,3,2,0.502,156.62,2143.0,False,Đã chấm điểm
15438,United Kingdom,2011-07-31,2011-07-31,1,156.58,Need Attention,0,3,1,1,0.84,89.728,2986.0,False,Đã chấm điểm
17173,United Kingdom,2011-07-31,2011-12-04,8,3766.6,Champions,1,5,4,5,0.146,374.722,531.0,False,Đã chấm điểm
17053,United Kingdom,2011-08-01,2011-08-01,1,498.48,Need Attention,0,3,1,2,0.769,263.389,1069.0,False,Đã chấm điểm
12534,Germany,2011-08-01,2011-08-01,1,981.18,Need Attention,0,3,1,3,0.7,471.817,313.0,True,Đã chấm điểm
14567,United Kingdom,2011-08-01,2011-10-14,2,1530.36,Potential Loyalist,3,4,2,4,0.57,599.495,186.0,True,Đã chấm điểm
14937,Channel Islands,2011-08-01,2011-10-14,3,1621.88,Champions,2,4,3,4,0.411,458.019,334.0,True,Đã chấm điểm
12828,United Kingdom,2011-08-01,2011-12-07,6,1018.71,Champions,3,5,4,3,0.264,185.035,1806.0,False,Đã chấm điểm
15342,United Kingdom,2011-08-02,2011-08-02,1,392.59,Need Attention,0,3,1,2,0.785,213.331,1517.0,False,Đã chấm điểm
13075,United Kingdom,2011-08-02,2011-08-02,1,919.61,Need Attention,0,3,1,3,0.715,455.375,339.0,True,Đã chấm điểm
17788,United Kingdom,2011-08-02,2011-09-27,2,1112.95,Loyal,3,3,2,3,0.597,460.172,332.0,True,Đã chấm điểm
13850,United Kingdom,2011-08-02,2011-08-02,1,1595.48,Loyal,2,3,1,4,0.737,813.513,93.0,True,Đã chấm điểm
14076,United Kingdom,2011-08-02,2011-08-02,1,118.67,Need Attention,0,3,1,1,0.821,67.42,3212.0,False,Đã chấm điểm
13805,United Kingdom,2011-08-02,2011-10-18,2,924.6,Potential Loyalist,3,4,2,3,0.569,364.03,570.0,False,Đã chấm điểm
17887,United Kingdom,2011-08-02,2011-08-02,1,111.35,Need Attention,0,3,1,1,0.843,65.018,3237.0,False,Đã chấm điểm
13186,United Kingdom,2011-08-03,2011-10-31,3,1575.89,Champions,3,4,3,4,0.433,476.606,305.0,True,Đã chấm điểm
12750,Poland,2011-08-03,2011-08-03,1,275.88,Need Attention,0,3,1,1,0.788,151.647,2210.0,False,Đã chấm điểm
17656,United Kingdom,2011-08-03,2011-09-27,5,1674.69,Loyal,2,3,4,4,0.374,436.986,377.0,True,Đã chấm điểm
16102,United Kingdom,2011-08-03,2011-10-28,3,1842.14,Champions,3,4,3,4,0.438,563.358,214.0,True,Đã chấm điểm
15089,United Kingdom,2011-08-03,2011-11-29,6,2420.84,Champions,1,5,4,4,0.256,432.841,388.0,True,Đã chấm điểm
12689,France,2011-08-04,2011-11-14,2,1139.61,Potential Loyalist,3,4,2,3,0.562,450.094,347.0,True,Đã chấm điểm
14768,United Kingdom,2011-08-04,2011-11-22,2,139.5,Potential Loyalist,3,5,2,1,0.659,64.609,3241.0,False,Đã chấm điểm
18099,United Kingdom,2011-08-04,2011-08-04,1,168.31,Need Attention,0,3,1,1,0.819,96.919,2909.0,False,Đã chấm điểm
15205,United Kingdom,2011-08-04,2011-09-15,2,653.24,Loyal,3,3,2,3,0.642,294.844,869.0,False,Đã chấm điểm
13218,United Kingdom,2011-08-04,2011-08-04,1,62.64,Need Attention,0,3,1,1,0.849,37.389,3397.0,False,Đã chấm điểm
17267,United Kingdom,2011-08-04,2011-08-04,2,317.2,Need Attention,0,3,2,2,0.79,176.293,1924.0,False,Đã chấm điểm
16302,United Kingdom,2011-08-05,2011-08-05,1,212.82,Need Attention,0,3,1,1,0.806,121.595,2592.0,False,Đã chấm điểm
14720,United Kingdom,2011-08-05,2011-12-04,3,663.81,Potential Loyalist,3,5,3,3,0.522,245.465,1213.0,False,Đã chấm điểm
18282,United Kingdom,2011-08-05,2011-12-02,2,178.05,Potential Loyalist,3,5,2,1,0.671,84.682,3034.0,False,Đã chấm điểm
12610,Italy,2011-08-05,2011-11-17,4,1714.24,Champions,3,4,3,4,0.242,293.98,876.0,False,Đã chấm điểm
13200,United Kingdom,2011-08-05,2011-11-20,4,870.09,Potential Loyalist,3,4,3,3,0.389,240.055,1274.0,False,Đã chấm điểm
14079,United Kingdom,2011-08-07,2011-08-07,1,375.1,Need Attention,0,3,1,2,0.764,206.409,1585.0,False,Đã chấm điểm
16066,United Kingdom,2011-08-07,2011-11-23,5,1521.04,Champions,3,5,4,4,0.234,256.013,1134.0,False,Đã chấm điểm
12885,United Kingdom,2011-08-08,2011-10-07,3,1158.27,Loyal,2,3,3,3,0.41,344.364,625.0,False,Đã chấm điểm
17331,United Kingdom,2011-08-08,2011-08-08,1,175.2,Need Attention,0,3,1,1,0.836,106.354,2811.0,False,Đã chấm điểm
13016,United Kingdom,2011-08-08,2011-09-27,3,789.89,Loyal,2,3,3,3,0.494,283.244,940.0,False,Đã chấm điểm
13355,United Kingdom,2011-08-09,2011-08-09,1,674.7,Need Attention,0,3,1,3,0.701,346.23,618.0,False,Đã chấm điểm
12384,Switzerland,2011-08-10,2011-11-11,2,425.27,Potential Loyalist,3,4,2,2,0.55,172.675,1956.0,False,Đã chấm điểm
12571,France,2011-08-10,2011-10-31,2,519.61,Potential Loyalist,3,4,2,2,0.558,213.998,1509.0,False,Đã chấm điểm
14116,United Kingdom,2011-08-10,2011-11-20,5,1382.74,Champions,3,4,4,4,0.252,257.545,1122.0,False,Đã chấm điểm
17653,United Kingdom,2011-08-11,2011-11-03,4,1207.56,Champions,3,4,3,4,0.325,291.641,888.0,False,Đã chấm điểm
13645,United Kingdom,2011-08-11,2011-08-11,1,252.1,Need Attention,0,3,1,1,0.797,149.41,2235.0,False,Đã chấm điểm
12381,Norway,2011-08-12,2011-12-05,3,1459.81,Champions,3,5,3,4,0.385,421.669,405.0,True,Đã chấm điểm
14406,United Kingdom,2011-08-12,2011-08-12,1,156.75,Need Attention,0,3,1,1,0.824,96.9,2910.0,False,Đã chấm điểm
14658,United Kingdom,2011-08-14,2011-12-04,2,247.15,Potential Loyalist,3,5,2,1,0.606,114.156,2712.0,False,Đã chấm điểm
13621,United Kingdom,2011-08-15,2011-08-15,1,213.85,Need Attention,0,3,1,1,0.788,129.668,2498.0,False,Đã chấm điểm
16272,United Kingdom,2011-08-15,2011-08-15,1,411.7,Need Attention,0,3,1,2,0.761,241.025,1262.0,False,Đã chấm điểm
16902,United Kingdom,2011-08-15,2011-08-15,1,1706.88,Loyal,2,3,1,4,0.755,991.043,66.0,True,Đã chấm điểm
15706,United Kingdom,2011-08-15,2011-10-07,4,1017.26,Loyal,2,3,3,3,0.453,354.428,592.0,False,Đã chấm điểm
15315,United Kingdom,2011-08-15,2011-10-06,2,551.54,Need Attention,3,3,2,2,0.578,245.412,1216.0,False,Đã chấm điểm
15653,United Kingdom,2011-08-16,2011-09-08,2,877.44,Loyal,2,3,2,3,0.685,466.188,324.0,True,Đã chấm điểm
13159,United Kingdom,2011-08-16,2011-12-01,4,1429.35,Champions,3,5,3,4,0.288,319.553,731.0,False,Đã chấm điểm
13189,United Kingdom,2011-08-16,2011-11-21,2,260.68,Potential Loyalist,3,5,2,1,0.586,118.527,2640.0,False,Đã chấm điểm
17637,United Kingdom,2011-08-16,2011-11-08,2,547.06,Potential Loyalist,3,4,2,2,0.581,246.477,1198.0,False,Đã chấm điểm
12641,Sweden,2011-08-16,2011-08-16,1,145.9,Need Attention,0,3,1,1,0.797,90.217,2982.0,False,Đã chấm điểm
13470,United Kingdom,2011-08-16,2011-09-01,2,165.0,Need Attention,0,3,2,1,0.806,103.216,2849.0,False,Đã chấm điểm
15541,United Kingdom,2011-08-17,2011-08-17,1,85.13,Need Attention,0,3,1,1,0.802,53.46,3322.0,False,Đã chấm điểm
16734,United Kingdom,2011-08-17,2011-10-18,3,646.76,Potential Loyalist,3,4,3,3,0.472,238.822,1287.0,False,Đã chấm điểm
16706,United Kingdom,2011-08-17,2011-11-02,3,531.35,Potential Loyalist,3,4,3,2,0.529,220.185,1454.0,False,Đã chấm điểm
12688,Israel,2011-08-18,2011-08-18,1,4873.81,Loyal,2,3,1,5,0.717,2759.521,7.0,True,Đã chấm điểm
12729,France,2011-08-18,2011-08-18,1,417.01,Need Attention,0,3,1,2,0.744,244.776,1226.0,False,Đã chấm điểm
12962,United Kingdom,2011-08-18,2011-12-02,2,266.39,Potential Loyalist,3,5,2,1,0.613,128.999,2509.0,False,Đã chấm điểm
13273,United Kingdom,2011-08-18,2011-08-18,1,138.98,Need Attention,0,3,1,1,0.81,88.888,2991.0,False,Đã chấm điểm
17736,United Kingdom,2011-08-18,2011-11-30,2,337.49,Potential Loyalist,3,5,2,2,0.577,153.708,2175.0,False,Đã chấm điểm
15472,United Kingdom,2011-08-18,2011-08-18,1,371.56,Need Attention,0,3,1,2,0.739,216.781,1481.0,False,Đã chấm điểm
12680,France,2011-08-18,2011-12-09,4,790.81,Potential Loyalist,3,5,3,3,0.394,246.081,1204.0,False,Đã chấm điểm
16582,United Kingdom,2011-08-18,2011-08-18,1,313.62,Need Attention,0,3,1,2,0.757,187.34,1775.0,False,Đã chấm điểm
17747,United Kingdom,2011-08-19,2011-08-19,1,71.4,Need Attention,0,3,1,1,0.871,49.514,3337.0,False,Đã chấm điểm
12513,France,2011-08-19,2011-08-19,1,532.79,Need Attention,0,3,1,2,0.728,308.774,788.0,False,Đã chấm điểm
16828,United Kingdom,2011-08-19,2011-08-19,1,113.5,Need Attention,0,3,1,1,0.798,72.11,3176.0,False,Đã chấm điểm
14772,United Kingdom,2011-08-19,2011-08-19,1,139.26,Need Attention,0,3,1,1,0.8,88.783,2992.0,False,Đã chấm điểm
12364,Belgium,2011-08-19,2011-12-02,4,1208.1,Champions,3,5,3,4,0.315,302.814,821.0,False,Đã chấm điểm
12968,United Kingdom,2011-08-19,2011-08-19,1,135.95,Need Attention,0,3,1,1,0.801,86.707,3011.0,False,Đã chấm điểm
15701,United Kingdom,2011-08-21,2011-12-07,4,1529.0,Champions,3,5,3,4,0.298,369.791,553.0,False,Đã chấm điểm
12518,Germany,2011-08-21,2011-12-09,5,1840.89,Champions,3,5,4,4,0.234,349.862,608.0,False,Đã chấm điểm
14529,United Kingdom,2011-08-21,2011-10-10,3,578.61,Loyal,3,3,3,2,0.485,227.442,1382.0,False,Đã chấm điểm
16536,United Kingdom,2011-08-21,2011-08-21,1,548.12,Need Attention,0,3,1,2,0.746,331.539,682.0,False,Đã chấm điểm
15313,United Kingdom,2011-08-21,2011-08-21,1,52.0,Need Attention,0,3,1,1,0.874,36.84,3398.0,False,Đã chấm điểm
15801,United Kingdom,2011-08-22,2011-10-24,3,1063.95,Potential Loyalist,3,4,3,3,0.415,361.014,575.0,False,Đã chấm điểm
16555,United Kingdom,2011-08-22,2011-11-04,2,285.89,Potential Loyalist,3,4,2,2,0.602,140.757,2338.0,False,Đã chấm điểm
14387,United Kingdom,2011-08-22,2011-11-07,3,1727.6,Champions,3,4,3,4,0.368,520.165,253.0,True,Đã chấm điểm
17073,United Kingdom,2011-08-22,2011-11-22,4,1444.84,Champions,3,5,3,4,0.264,312.238,764.0,False,Đã chấm điểm
18147,United Kingdom,2011-08-23,2011-10-25,2,179.34,Potential Loyalist,3,4,2,1,0.704,104.253,2838.0,False,Đã chấm điểm
14523,United Kingdom,2011-08-23,2011-08-23,1,241.09,Need Attention,0,3,1,1,0.8,159.16,2108.0,False,Đã chấm điểm
14418,United Kingdom,2011-08-23,2011-12-06,3,1937.25,Champions,3,5,3,4,0.359,574.002,209.0,True,Đã chấm điểm
12642,Germany,2011-08-24,2011-11-14,3,905.26,Potential Loyalist,3,4,3,3,0.411,310.367,783.0,False,Đã chấm điểm
16968,United Kingdom,2011-08-24,2011-12-05,2,439.43,Potential Loyalist,3,5,2,2,0.577,211.24,1533.0,False,Đã chấm điểm
13411,United Kingdom,2011-08-24,2011-08-24,1,213.55,Need Attention,0,3,1,1,0.806,143.486,2302.0,False,Đã chấm điểm
13236,United Kingdom,2011-08-25,2011-11-15,2,744.85,Potential Loyalist,3,4,2,3,0.565,354.23,593.0,False,Đã chấm điểm
14196,United Kingdom,2011-08-25,2011-08-25,1,335.52,Need Attention,0,3,1,2,0.783,221.005,1446.0,False,Đã chấm điểm
15263,United Kingdom,2011-08-25,2011-08-25,1,156.51,Need Attention,0,3,1,1,0.82,107.89,2787.0,False,Đã chấm điểm
16093,United Kingdom,2011-08-25,2011-08-25,1,17.0,Need Attention,0,3,1,1,0.827,11.82,3454.0,False,Đã chấm điểm
17844,Canada,2011-08-25,2011-08-25,1,51.56,Need Attention,0,3,1,1,0.836,36.245,3399.0,False,Đã chấm điểm
14050,United Kingdom,2011-08-25,2011-11-08,2,746.36,Potential Loyalist,3,4,2,3,0.563,353.628,596.0,False,Đã chấm điểm
16429,United Kingdom,2011-08-25,2011-08-25,1,284.55,Need Attention,0,3,1,2,0.766,183.393,1826.0,False,Đã chấm điểm
12715,Sweden,2011-08-25,2011-08-25,1,263.36,Need Attention,0,3,1,1,0.805,178.327,1899.0,False,Đã chấm điểm
15663,United Kingdom,2011-08-25,2011-08-25,1,138.14,Need Attention,0,3,1,1,0.819,95.116,2933.0,False,Đã chấm điểm
18200,United Kingdom,2011-08-25,2011-08-25,1,150.35,Need Attention,0,3,1,1,0.828,104.655,2832.0,False,Đã chấm điểm
18167,United Kingdom,2011-08-26,2011-11-16,3,1206.66,Champions,3,4,3,4,0.426,436.454,380.0,True,Đã chấm điểm
13644,United Kingdom,2011-08-26,2011-11-23,4,2599.26,Champions,3,5,3,4,0.241,532.76,239.0,True,Đã chấm điểm
17451,United Kingdom,2011-08-26,2011-12-08,7,1674.3,Champions,1,5,4,4,0.245,347.67,614.0,False,Đã chấm điểm
13812,Germany,2011-08-26,2011-10-28,3,485.0,Potential Loyalist,3,4,3,2,0.452,186.035,1788.0,False,Đã chấm điểm
14141,United Kingdom,2011-08-26,2011-12-07,4,915.13,Potential Loyalist,3,5,3,3,0.382,296.685,857.0,False,Đã chấm điểm
17183,United Kingdom,2011-08-26,2011-12-02,6,3330.36,Champions,1,5,4,5,0.232,655.872,156.0,True,Đã chấm điểm
14096,United Kingdom,2011-08-30,2011-12-05,17,53258.43,Champions,1,5,5,5,0.054,2543.549,9.0,True,Đã chấm điểm
12814,Poland,2011-08-30,2011-08-30,1,85.92,Need Attention,0,3,1,1,0.848,64.278,3245.0,False,Đã chấm điểm
15866,United Kingdom,2011-08-30,2011-08-30,1,211.89,Need Attention,0,3,1,1,0.81,151.384,2213.0,False,Đã chấm điểm
14660,United Kingdom,2011-08-31,2011-09-14,2,285.74,Need Attention,0,3,2,2,0.741,188.716,1764.0,False,Đã chấm điểm
13726,United Kingdom,2011-08-31,2011-11-01,2,1079.66,Potential Loyalist,3,4,2,3,0.545,524.391,245.0,True,Đã chấm điểm
15690,United Kingdom,2011-08-31,2011-12-05,2,239.76,Potential Loyalist,3,5,2,1,0.545,116.415,2664.0,False,Đã chấm điểm
17777,United Kingdom,2011-08-31,2011-11-15,3,647.56,Potential Loyalist,3,4,3,3,0.415,239.467,1277.0,False,Đã chấm điểm
12436,Norway,2011-09-01,2011-09-01,1,429.01,Need Attention,0,3,1,2,0.73,281.67,958.0,False,Đã chấm điểm
13147,United Kingdom,2011-09-01,2011-11-29,4,712.8,Potential Loyalist,3,5,3,3,0.436,280.012,969.0,False,Đã chấm điểm
13099,United Kingdom,2011-09-01,2011-09-01,1,207.36,Need Attention,0,3,1,1,0.826,154.121,2169.0,False,Đã chấm điểm
18027,United Kingdom,2011-09-02,2011-09-02,1,115.31,Need Attention,0,3,1,1,0.774,81.162,3088.0,False,Đã chấm điểm
12794,Portugal,2011-09-02,2011-10-17,2,860.41,Potential Loyalist,3,4,2,3,0.557,435.796,381.0,True,Đã chấm điểm
12832,United Kingdom,2011-09-02,2011-11-07,2,383.03,Potential Loyalist,3,4,2,2,0.563,195.976,1679.0,False,Đã chấm điểm
16674,United Kingdom,2011-09-02,2011-10-16,2,304.24,Potential Loyalist,3,4,2,2,0.571,157.819,2127.0,False,Đã chấm điểm
12375,Finland,2011-09-02,2011-11-29,2,377.5,Potential Loyalist,3,5,2,2,0.539,184.811,1810.0,False,Đã chấm điểm
16173,United Kingdom,2011-09-02,2011-11-24,6,1418.32,Champions,3,5,4,4,0.242,311.425,770.0,False,Đã chấm điểm
16761,United Kingdom,2011-09-04,2011-09-04,1,316.62,Need Attention,0,3,1,2,0.725,212.916,1523.0,False,Đã chấm điểm
14067,United Kingdom,2011-09-04,2011-10-07,2,374.7,Need Attention,3,3,2,2,0.623,216.671,1482.0,False,Đã chấm điểm
13808,United Kingdom,2011-09-04,2011-12-04,5,1747.66,Champions,3,5,4,4,0.238,385.908,498.0,True,Đã chấm điểm
14335,Germany,2011-09-04,2011-11-23,2,454.86,Potential Loyalist,3,5,2,2,0.579,244.305,1233.0,False,Đã chấm điểm
14965,United Kingdom,2011-09-04,2011-09-04,2,596.09,Loyal,3,3,2,3,0.687,379.987,514.0,False,Đã chấm điểm
15136,United Kingdom,2011-09-04,2011-12-07,4,1286.7,Champions,3,5,3,4,0.326,388.985,488.0,True,Đã chấm điểm
16629,United Kingdom,2011-09-04,2011-09-27,2,408.63,Need Attention,3,3,2,2,0.646,244.83,1224.0,False,Đã chấm điểm
18261,United Kingdom,2011-09-05,2011-10-27,2,324.24,Potential Loyalist,3,4,2,2,0.544,165.259,2026.0,False,Đã chấm điểm
15307,United Kingdom,2011-09-05,2011-09-05,1,205.3,Need Attention,0,3,1,1,0.745,143.485,2303.0,False,Đã chấm điểm
16820,United Kingdom,2011-09-05,2011-09-05,1,497.61,Need Attention,0,3,1,2,0.704,328.608,695.0,False,Đã chấm điểm
13949,United Kingdom,2011-09-06,2011-12-07,6,2427.32,Champions,1,5,4,4,0.241,553.253,226.0,True,Đã chấm điểm
14360,United Kingdom,2011-09-06,2011-11-08,4,2118.03,Champions,3,4,3,4,0.284,570.816,210.0,True,Đã chấm điểm
12526,Germany,2011-09-06,2011-12-09,3,1172.66,Potential Loyalist,3,5,3,3,0.415,461.012,329.0,True,Đã chấm điểm
13130,United Kingdom,2011-09-06,2011-09-06,1,64.0,Need Attention,0,3,1,1,0.771,46.761,3361.0,False,Đã chấm điểm
13210,United Kingdom,2011-09-07,2011-09-07,1,353.48,Need Attention,0,3,1,2,0.705,238.603,1289.0,False,Đã chấm điểm
17481,United Kingdom,2011-09-07,2011-12-06,4,1255.59,Champions,3,5,3,4,0.288,346.804,617.0,False,Đã chấm điểm
12685,France,2011-09-07,2011-11-11,6,2575.08,Champions,2,4,4,4,0.234,577.905,208.0,True,Đã chấm điểm
17573,United Kingdom,2011-09-07,2011-11-10,3,362.9,Potential Loyalist,3,4,3,2,0.498,173.133,1952.0,False,Đã chấm điểm
18222,United Kingdom,2011-09-08,2011-09-08,1,443.0,Need Attention,0,3,1,2,0.691,296.033,862.0,False,Đã chấm điểm
13244,United Kingdom,2011-09-08,2011-09-08,1,121.74,Need Attention,0,3,1,1,0.748,88.079,2998.0,False,Đã chấm điểm
12879,United Kingdom,2011-09-09,2011-10-26,3,573.22,Potential Loyalist,3,4,3,2,0.514,288.434,903.0,False,Đã chấm điểm
16603,United Kingdom,2011-09-09,2011-09-26,2,482.47,Need Attention,3,3,2,2,0.663,313.01,759.0,False,Đã chấm điểm
16910,United Kingdom,2011-09-09,2011-12-05,8,1508.96,Champions,1,5,4,4,0.184,272.203,1013.0,False,Đã chấm điểm
15035,United Kingdom,2011-09-11,2011-09-11,1,252.73,Need Attention,0,3,1,1,0.753,190.316,1747.0,False,Đã chấm điểm
13272,United Kingdom,2011-09-11,2011-11-08,2,276.56,Potential Loyalist,3,4,2,1,0.533,147.27,2265.0,False,Đã chấm điểm
17317,United Kingdom,2011-09-11,2011-10-24,3,2600.34,Champions,2,4,3,4,0.409,1063.006,51.0,True,Đã chấm điểm
13372,United Kingdom,2011-09-11,2011-09-11,1,328.64,Need Attention,0,3,1,2,0.741,243.444,1243.0,False,Đã chấm điểm
14250,United Kingdom,2011-09-11,2011-12-02,3,1904.05,Champions,3,5,3,4,0.406,772.502,107.0,True,Đã chấm điểm
16796,United Kingdom,2011-09-11,2011-09-11,1,305.62,Need Attention,0,3,1,2,0.727,222.245,1428.0,False,Đã chấm điểm
14432,United Kingdom,2011-09-11,2011-11-30,6,2248.5,Champions,1,5,4,4,0.213,478.229,301.0,True,Đã chấm điểm
12883,United Kingdom,2011-09-11,2011-11-15,4,703.47,Potential Loyalist,3,4,3,3,0.466,327.791,699.0,False,Đã chấm điểm
12965,United Kingdom,2011-09-11,2011-09-11,1,769.81,Need Attention,0,3,1,3,0.713,548.884,229.0,True,Đã chấm điểm
15533,United Kingdom,2011-09-11,2011-11-20,3,793.72,Potential Loyalist,3,4,3,3,0.392,310.989,776.0,False,Đã chấm điểm
18158,United Kingdom,2011-09-12,2011-11-30,2,453.4,Potential Loyalist,3,5,2,2,0.531,240.643,1268.0,False,Đã chấm điểm
12884,United Kingdom,2011-09-12,2011-09-12,1,309.05,Need Attention,0,3,1,2,0.735,227.077,1386.0,False,Đã chấm điểm
16360,United Kingdom,2011-09-12,2011-12-05,6,3372.71,Champions,1,5,4,5,0.199,671.091,143.0,True,Đã chấm điểm
13704,United Kingdom,2011-09-12,2011-12-04,9,2308.06,Champions,1,5,5,4,0.152,351.743,604.0,False,Đã chấm điểm
14359,United Kingdom,2011-09-13,2011-11-20,3,897.18,Potential Loyalist,3,4,3,3,0.371,333.095,677.0,False,Đã chấm điểm
12940,United Kingdom,2011-09-13,2011-10-16,2,899.69,Potential Loyalist,3,4,2,3,0.513,461.318,328.0,True,Đã chấm điểm
15522,United Kingdom,2011-09-13,2011-11-07,2,397.99,Potential Loyalist,3,4,2,2,0.502,199.69,1639.0,False,Đã chấm điểm
17037,United Kingdom,2011-09-13,2011-09-13,1,1267.32,Loyal,3,3,1,4,0.696,882.155,81.0,True,Đã chấm điểm
12822,United Kingdom,2011-09-13,2011-09-30,2,918.98,Loyal,3,3,2,3,0.589,541.338,237.0,True,Đã chấm điểm
15343,United Kingdom,2011-09-13,2011-09-13,1,364.5,Need Attention,0,3,1,2,0.754,274.721,999.0,False,Đã chấm điểm
16959,United Kingdom,2011-09-13,2011-09-13,1,117.35,Need Attention,0,3,1,1,0.723,84.868,3030.0,False,Đã chấm điểm
12895,United Kingdom,2011-09-14,2011-10-28,2,355.8,Potential Loyalist,3,4,2,2,0.516,183.419,1823.0,False,Đã chấm điểm
13860,United Kingdom,2011-09-14,2011-12-08,5,1245.9,Champions,3,5,4,4,0.261,324.965,709.0,False,Đã chấm điểm
12756,Japan,2011-09-14,2011-09-14,1,112.08,Need Attention,0,3,1,1,0.732,82.032,3079.0,False,Đã chấm điểm
15933,United Kingdom,2011-09-14,2011-11-18,3,1107.46,Potential Loyalist,3,4,3,3,0.355,393.042,471.0,True,Đã chấm điểm
17347,United Kingdom,2011-09-14,2011-09-14,1,228.96,Need Attention,0,3,1,1,0.794,181.877,1849.0,False,Đã chấm điểm
15103,United Kingdom,2011-09-14,2011-11-08,2,703.36,Potential Loyalist,3,4,2,3,0.497,349.558,610.0,False,Đã chấm điểm
15707,United Kingdom,2011-09-14,2011-11-04,4,916.98,Potential Loyalist,3,4,3,3,0.372,341.42,637.0,False,Đã chấm điểm
13430,United Kingdom,2011-09-14,2011-11-21,2,666.97,Potential Loyalist,3,5,2,3,0.51,340.098,644.0,False,Đã chấm điểm
12566,Germany,2011-09-14,2011-09-14,1,297.65,Need Attention,0,3,1,2,0.748,222.511,1424.0,False,Đã chấm điểm
13321,United Kingdom,2011-09-14,2011-09-28,2,567.36,Need Attention,3,3,2,2,0.672,381.184,508.0,False,Đã chấm điểm
17333,United Kingdom,2011-09-15,2011-09-15,1,494.25,Need Attention,0,3,1,2,0.766,378.583,518.0,False,Đã chấm điểm
13518,United Kingdom,2011-09-15,2011-09-15,1,627.16,Need Attention,0,3,1,3,0.772,483.992,294.0,True,Đã chấm điểm
16160,United Kingdom,2011-09-15,2011-10-05,2,1025.44,Loyal,3,3,2,3,0.573,587.555,197.0,True,Đã chấm điểm
17434,United Kingdom,2011-09-15,2011-12-07,7,2348.87,Champions,1,5,4,4,0.219,514.808,259.0,True,Đã chấm điểm
15511,United Kingdom,2011-09-15,2011-11-28,5,900.53,Champions,3,5,4,3,0.27,243.106,1248.0,False,Đã chấm điểm
16189,United Kingdom,2011-09-15,2011-11-24,2,215.48,Potential Loyalist,3,5,2,1,0.543,116.986,2659.0,False,Đã chấm điểm
15417,United Kingdom,2011-09-15,2011-09-15,1,508.8,Need Attention,0,3,1,2,0.77,391.808,477.0,True,Đã chấm điểm
12995,United Kingdom,2011-09-15,2011-09-15,1,211.32,Need Attention,0,3,1,1,0.784,165.617,2022.0,False,Đã chấm điểm
17144,United Kingdom,2011-09-16,2011-12-08,2,984.57,Potential Loyalist,3,5,2,3,0.513,504.844,267.0,True,Đã chấm điểm
16924,United Kingdom,2011-09-16,2011-11-18,3,763.89,Potential Loyalist,3,4,3,3,0.386,294.659,871.0,False,Đã chấm điểm
15099,United Kingdom,2011-09-16,2011-09-16,1,410.48,Need Attention,0,3,1,2,0.771,316.637,746.0,False,Đã chấm điểm
13323,United Kingdom,2011-09-16,2011-12-06,5,787.85,Champions,3,5,4,3,0.339,266.879,1047.0,False,Đã chấm điểm
14124,United Kingdom,2011-09-16,2011-09-16,1,419.58,Need Attention,0,3,1,2,0.771,323.549,713.0,False,Đã chấm điểm
15975,United Kingdom,2011-09-16,2011-09-16,1,371.01,Need Attention,0,3,1,2,0.774,287.089,916.0,False,Đã chấm điểm
15947,United Kingdom,2011-09-18,2011-09-18,1,1708.24,Loyal,2,3,1,4,0.764,1304.906,35.0,True,Đã chấm điểm
13247,United Kingdom,2011-09-18,2011-11-22,4,501.12,Potential Loyalist,3,5,3,2,0.463,232.07,1340.0,False,Đã chấm điểm
16689,United Kingdom,2011-09-18,2011-09-25,2,355.1,Need Attention,3,3,2,2,0.63,223.801,1408.0,False,Đã chấm điểm
16438,United Kingdom,2011-09-18,2011-12-04,5,798.35,Champions,3,5,4,3,0.251,200.409,1635.0,False,Đã chấm điểm
16460,United Kingdom,2011-09-19,2011-11-11,3,811.23,Potential Loyalist,3,4,3,3,0.376,305.375,808.0,False,Đã chấm điểm
13325,United Kingdom,2011-09-19,2011-09-19,1,675.3,Need Attention,0,3,1,3,0.782,528.082,242.0,True,Đã chấm điểm
12640,France,2011-09-19,2011-11-16,3,994.58,Potential Loyalist,3,4,3,3,0.347,345.24,622.0,False,Đã chấm điểm
13774,United Kingdom,2011-09-19,2011-09-19,1,345.0,Need Attention,0,3,1,2,0.777,268.074,1031.0,False,Đã chấm điểm
12752,Norway,2011-09-19,2011-09-19,1,4366.78,Loyal,2,3,1,5,0.705,3079.549,4.0,True,Đã chấm điểm
15500,United Kingdom,2011-09-19,2011-12-01,4,1131.56,Potential Loyalist,3,5,3,3,0.278,314.316,753.0,False,Đã chấm điểm
13228,United Kingdom,2011-09-19,2011-09-19,1,358.0,Need Attention,0,3,1,2,0.789,282.476,949.0,False,Đã chấm điểm
14356,United Kingdom,2011-09-19,2011-09-21,2,683.89,Loyal,3,3,2,3,0.645,440.986,366.0,True,Đã chấm điểm
17628,United Kingdom,2011-09-19,2011-09-19,1,75.75,Need Attention,0,3,1,1,0.788,59.685,3279.0,False,Đã chấm điểm
16215,United Kingdom,2011-09-20,2011-09-20,1,242.35,Need Attention,0,3,1,1,0.765,185.404,1796.0,False,Đã chấm điểm
14164,United Kingdom,2011-09-20,2011-09-30,2,1631.77,Loyal,2,3,2,4,0.615,1002.901,61.0,True,Đã chấm điểm
17564,United Kingdom,2011-09-20,2011-11-15,3,454.01,Potential Loyalist,3,4,3,2,0.403,183.163,1835.0,False,Đã chấm điểm
13356,United Kingdom,2011-09-20,2011-09-20,1,768.24,Need Attention,3,3,1,3,0.768,590.084,194.0,True,Đã chấm điểm
12390,Belgium,2011-09-21,2011-09-21,1,504.84,Need Attention,0,3,1,2,0.733,370.057,551.0,False,Đã chấm điểm
18228,United Kingdom,2011-09-21,2011-10-14,2,779.9,Potential Loyalist,3,4,2,3,0.575,448.407,351.0,True,Đã chấm điểm
17415,United Kingdom,2011-09-21,2011-09-21,1,507.84,Need Attention,0,3,1,2,0.769,390.602,483.0,True,Đã chấm điểm
13350,United Kingdom,2011-09-21,2011-11-23,2,829.17,Potential Loyalist,3,5,2,3,0.524,434.071,383.0,True,Đã chấm điểm
12550,Spain,2011-09-21,2011-09-21,1,824.83,Need Attention,3,3,1,3,0.741,611.515,181.0,True,Đã chấm điểm
16627,United Kingdom,2011-09-21,2011-09-21,1,322.8,Need Attention,0,3,1,2,0.771,248.867,1179.0,False,Đã chấm điểm
17475,United Kingdom,2011-09-21,2011-09-21,1,194.37,Need Attention,0,3,1,1,0.764,148.582,2242.0,False,Đã chấm điểm
14951,United Kingdom,2011-09-21,2011-09-21,1,311.69,Need Attention,0,3,1,2,0.762,237.385,1295.0,False,Đã chấm điểm
14780,United Kingdom,2011-09-21,2011-10-16,2,447.68,Potential Loyalist,3,4,2,2,0.52,232.801,1333.0,False,Đã chấm điểm
14887,United Kingdom,2011-09-21,2011-09-21,1,1862.0,Loyal,2,3,1,4,0.734,1366.909,29.0,True,Đã chấm điểm
15399,United Kingdom,2011-09-21,2011-12-08,3,815.77,Potential Loyalist,3,5,3,3,0.418,340.614,639.0,False,Đã chấm điểm
17466,United Kingdom,2011-09-22,2011-11-29,2,763.28,Potential Loyalist,3,5,2,3,0.508,387.959,490.0,True,Đã chấm điểm
16379,United Kingdom,2011-09-22,2011-12-05,4,2131.9,Champions,3,5,3,4,0.271,578.809,207.0,True,Đã chấm điểm
15239,United Kingdom,2011-09-22,2011-11-29,2,780.59,Potential Loyalist,3,5,2,3,0.503,392.578,474.0,True,Đã chấm điểm
16213,United Kingdom,2011-09-22,2011-09-22,1,159.0,Need Attention,0,3,1,1,0.78,123.961,2569.0,False,Đã chấm điểm
14261,United Kingdom,2011-09-22,2011-10-20,2,1163.45,Potential Loyalist,3,4,2,3,0.483,561.485,217.0,True,Đã chấm điểm
12657,France,2011-09-22,2011-11-28,3,988.56,Potential Loyalist,3,5,3,3,0.347,343.366,628.0,False,Đã chấm điểm
12936,United Kingdom,2011-09-22,2011-11-22,4,1063.9,Potential Loyalist,3,5,3,3,0.315,334.909,668.0,False,Đã chấm điểm
16236,United Kingdom,2011-09-22,2011-09-22,1,432.2,Need Attention,0,3,1,2,0.746,322.364,721.0,False,Đã chấm điểm
16669,United Kingdom,2011-09-22,2011-11-16,2,1344.48,Potential Loyalist,3,4,2,4,0.449,603.43,183.0,True,Đã chấm điểm
15398,United Kingdom,2011-09-22,2011-11-23,2,1345.53,Potential Loyalist,3,5,2,4,0.464,623.766,170.0,True,Đã chấm điểm
12906,United Kingdom,2011-09-22,2011-11-28,5,2919.81,Champions,3,5,4,5,0.376,1099.297,49.0,True,Đã chấm điểm
17079,United Kingdom,2011-09-22,2011-09-22,1,118.8,Need Attention,0,3,1,1,0.734,87.185,3006.0,False,Đã chấm điểm
14125,United Kingdom,2011-09-22,2011-11-29,3,2720.63,Champions,3,5,3,4,0.297,807.338,97.0,True,Đã chấm điểm
12952,United Kingdom,2011-09-22,2011-12-04,4,1387.79,Champions,3,5,3,4,0.301,417.738,409.0,True,Đã chấm điểm
12579,France,2011-09-22,2011-09-22,1,374.72,Need Attention,0,3,1,2,0.747,279.928,970.0,False,Đã chấm điểm
13279,United Kingdom,2011-09-22,2011-09-22,1,137.75,Need Attention,0,3,1,1,0.782,107.706,2789.0,False,Đã chấm điểm
12546,Spain,2011-09-23,2011-10-24,2,1001.5,Potential Loyalist,3,4,2,3,0.475,475.436,307.0,True,Đã chấm điểm
15744,United Kingdom,2011-09-23,2011-09-23,1,34.8,Need Attention,0,3,1,1,0.785,27.332,3430.0,False,Đã chấm điểm
13127,United Kingdom,2011-09-23,2011-09-23,1,259.17,Need Attention,0,3,1,1,0.763,197.819,1656.0,False,Đã chấm điểm
15763,United Kingdom,2011-09-23,2011-11-08,2,1061.42,Potential Loyalist,3,4,2,3,0.484,513.434,261.0,True,Đã chấm điểm
15075,United Kingdom,2011-09-23,2011-09-23,1,773.03,Need Attention,3,3,1,3,0.768,593.323,192.0,True,Đã chấm điểm
16240,United Kingdom,2011-09-23,2011-11-15,2,3718.8,Champions,3,4,2,5,0.396,1474.188,23.0,True,Đã chấm điểm
13336,United Kingdom,2011-09-23,2011-09-23,1,795.12,Need Attention,3,3,1,3,0.775,615.824,176.0,True,Đã chấm điểm
14652,United Kingdom,2011-09-23,2011-09-23,1,114.18,Need Attention,0,3,1,1,0.745,85.104,3026.0,False,Đã chấm điểm
15762,United Kingdom,2011-09-23,2011-10-05,2,583.75,Need Attention,3,3,2,2,0.61,356.084,589.0,False,Đã chấm điểm
15475,United Kingdom,2011-09-23,2011-09-23,1,454.11,Need Attention,0,3,1,2,0.737,334.534,669.0,False,Đã chấm điểm
12488,France,2011-09-25,2011-11-30,3,1244.66,Champions,3,5,3,4,0.349,434.027,384.0,True,Đã chấm điểm
16169,United Kingdom,2011-09-25,2011-12-01,4,1822.97,Champions,3,5,3,4,0.262,478.178,303.0,True,Đã chấm điểm
17506,United Kingdom,2011-09-25,2011-09-25,1,302.2,Need Attention,0,3,1,2,0.754,227.933,1375.0,False,Đã chấm điểm
16480,United Kingdom,2011-09-25,2011-09-25,1,769.29,Need Attention,3,3,1,3,0.755,580.442,204.0,True,Đã chấm điểm
17498,United Kingdom,2011-09-25,2011-09-25,1,272.22,Need Attention,0,3,1,1,0.764,207.911,1568.0,False,Đã chấm điểm
17131,United Kingdom,2011-09-25,2011-12-04,5,2463.17,Champions,3,5,4,4,0.27,665.085,149.0,True,Đã chấm điểm
13536,United Kingdom,2011-09-25,2011-12-08,7,3444.39,Champions,1,5,4,5,0.191,657.159,155.0,True,Đã chấm điểm
17154,United Kingdom,2011-09-25,2011-09-25,1,329.34,Need Attention,0,3,1,2,0.765,252.093,1158.0,False,Đã chấm điểm
15429,United Kingdom,2011-09-25,2011-11-13,2,397.35,Potential Loyalist,3,4,2,2,0.488,194.05,1701.0,False,Đã chấm điểm
16594,United Kingdom,2011-09-25,2011-09-25,1,181.09,Need Attention,0,3,1,1,0.734,132.853,2444.0,False,Đã chấm điểm
14757,United Kingdom,2011-09-25,2011-09-25,1,420.5,Need Attention,0,3,1,2,0.754,317.179,742.0,False,Đã chấm điểm
13670,United Kingdom,2011-09-25,2011-09-25,1,349.7,Need Attention,0,3,1,2,0.768,268.486,1028.0,False,Đã chấm điểm
12783,Portugal,2011-09-25,2011-12-07,4,1295.87,Champions,3,5,3,4,0.263,340.228,641.0,False,Đã chấm điểm
13429,United Kingdom,2011-09-25,2011-11-29,4,1006.8,Potential Loyalist,3,5,3,3,0.293,295.454,865.0,False,Đã chấm điểm
13390,United Kingdom,2011-09-26,2011-09-26,1,544.08,Need Attention,0,3,1,2,0.76,413.505,417.0,True,Đã chấm điểm
18205,United Kingdom,2011-09-26,2011-11-03,2,517.36,Potential Loyalist,3,4,2,2,0.522,269.921,1021.0,False,Đã chấm điểm
15492,United Kingdom,2011-09-26,2011-11-11,2,659.46,Potential Loyalist,3,4,2,3,0.46,303.136,818.0,False,Đã chấm điểm
15344,United Kingdom,2011-09-26,2011-12-09,3,504.14,Potential Loyalist,3,5,3,2,0.486,244.97,1221.0,False,Đã chấm điểm
13866,United Kingdom,2011-09-26,2011-09-26,1,145.67,Need Attention,0,3,1,1,0.779,113.428,2725.0,False,Đã chấm điểm
12612,Germany,2011-09-26,2011-09-26,1,668.04,Need Attention,3,3,1,3,0.757,505.47,266.0,True,Đã chấm điểm
16999,United Kingdom,2011-09-26,2011-11-16,2,484.82,Potential Loyalist,3,4,2,2,0.502,243.369,1244.0,False,Đã chấm điểm
13314,United Kingdom,2011-09-27,2011-12-08,3,549.16,Potential Loyalist,3,5,3,2,0.48,263.481,1068.0,False,Đã chấm điểm
16462,United Kingdom,2011-09-27,2011-09-27,1,68.0,Need Attention,0,3,1,1,0.854,58.081,3298.0,False,Đã chấm điểm
16181,United Kingdom,2011-09-27,2011-09-27,1,305.54,Need Attention,0,3,1,2,0.749,228.834,1369.0,False,Đã chấm điểm
15568,United Kingdom,2011-09-27,2011-12-07,3,758.29,Potential Loyalist,3,5,3,3,0.432,327.843,698.0,False,Đã chấm điểm
14109,United Kingdom,2011-09-28,2011-09-28,1,80.2,Need Attention,0,3,1,1,0.79,63.366,3255.0,False,Đã chấm điểm
16157,United Kingdom,2011-09-28,2011-11-24,3,656.69,Potential Loyalist,3,5,3,3,0.431,283.198,941.0,False,Đã chấm điểm
15348,United Kingdom,2011-09-28,2011-09-28,1,158.04,Need Attention,0,3,1,1,0.778,122.993,2575.0,False,Đã chấm điểm
13924,United Kingdom,2011-09-28,2011-12-08,6,1804.1,Champions,3,5,4,4,0.228,411.838,419.0,True,Đã chấm điểm
14434,United Kingdom,2011-09-28,2011-11-18,6,1372.8,Champions,3,4,4,4,0.341,468.156,321.0,True,Đã chấm điểm
13061,United Kingdom,2011-09-28,2011-09-28,1,248.61,Need Attention,0,3,1,1,0.771,191.626,1732.0,False,Đã chấm điểm
16909,United Kingdom,2011-09-28,2011-09-28,1,364.14,Need Attention,0,3,1,2,0.769,279.843,972.0,False,Đã chấm điểm
18192,United Kingdom,2011-09-29,2011-09-29,1,957.97,Need Attention,3,3,1,3,0.77,737.871,115.0,True,Đã chấm điểm
17447,United Kingdom,2011-09-29,2011-10-30,2,541.53,Potential Loyalist,3,4,2,2,0.536,290.016,894.0,False,Đã chấm điểm
17427,United Kingdom,2011-09-29,2011-09-29,1,100.8,Need Attention,0,3,1,1,0.762,76.808,3129.0,False,Đã chấm điểm
15175,United Kingdom,2011-09-29,2011-09-29,1,224.14,Need Attention,0,3,1,1,0.752,168.565,1992.0,False,Đã chấm điểm
13960,United Kingdom,2011-09-29,2011-11-18,2,230.22,Potential Loyalist,3,4,2,1,0.503,115.693,2684.0,False,Đã chấm điểm
17528,United Kingdom,2011-09-29,2011-12-08,8,3628.5,Champions,1,5,4,5,0.105,382.527,505.0,False,Đã chấm điểm
16361,United Kingdom,2011-09-29,2011-11-30,4,891.21,Potential Loyalist,3,5,3,3,0.3,267.698,1034.0,False,Đã chấm điểm
13886,United Kingdom,2011-09-29,2011-09-29,1,243.56,Need Attention,0,3,1,1,0.768,187.004,1779.0,False,Đã chấm điểm
13354,United Kingdom,2011-09-29,2011-09-29,1,743.53,Need Attention,3,3,1,3,0.754,560.9,219.0,True,Đã chấm điểm
16653,United Kingdom,2011-09-29,2011-11-23,2,1197.81,Potential Loyalist,3,5,2,4,0.488,584.119,200.0,True,Đã chấm điểm
13759,United Kingdom,2011-09-29,2011-11-06,2,659.41,Potential Loyalist,3,4,2,3,0.473,311.765,768.0,False,Đã chấm điểm
17813,United Kingdom,2011-09-29,2011-11-25,5,1644.62,Champions,3,5,4,4,0.246,404.543,438.0,True,Đã chấm điểm
12718,France,2011-09-29,2011-09-29,1,202.25,Need Attention,0,3,1,1,0.753,152.314,2195.0,False,Đã chấm điểm
15949,United Kingdom,2011-09-29,2011-11-23,2,364.72,Potential Loyalist,3,5,2,2,0.509,185.673,1792.0,False,Đã chấm điểm
16268,United Kingdom,2011-09-29,2011-09-29,2,617.65,Loyal,3,3,2,3,0.664,409.857,425.0,True,Đã chấm điểm
15565,United Kingdom,2011-09-30,2011-10-20,2,173.16,Potential Loyalist,3,4,2,1,0.774,133.988,2428.0,False,Đã chấm điểm
13954,United Kingdom,2011-09-30,2011-12-08,2,406.37,Potential Loyalist,3,5,2,2,0.544,221.004,1447.0,False,Đã chấm điểm
15593,United Kingdom,2011-09-30,2011-09-30,1,199.8,Need Attention,0,3,1,1,0.777,155.155,2157.0,False,Đã chấm điểm
13095,United Kingdom,2011-09-30,2011-09-30,1,74.4,Need Attention,0,3,1,1,0.801,59.571,3282.0,False,Đã chấm điểm
13347,United Kingdom,2011-09-30,2011-09-30,1,291.36,Need Attention,0,3,1,2,0.771,224.507,1403.0,False,Đã chấm điểm
15185,United Kingdom,2011-09-30,2011-09-30,1,310.62,Need Attention,0,3,1,2,0.755,234.508,1319.0,False,Đã chấm điểm
16404,United Kingdom,2011-09-30,2011-09-30,1,443.05,Need Attention,0,3,1,2,0.738,327.007,704.0,False,Đã chấm điểm
16613,United Kingdom,2011-09-30,2011-09-30,1,618.59,Need Attention,3,3,1,3,0.766,473.836,311.0,True,Đã chấm điểm
16591,United Kingdom,2011-10-02,2011-10-02,1,213.5,Need Attention,0,3,1,1,0.769,164.167,2041.0,False,Đã chấm điểm
13558,United Kingdom,2011-10-02,2011-12-04,4,594.52,Potential Loyalist,3,5,3,3,0.415,246.948,1195.0,False,Đã chấm điểm
16930,United Kingdom,2011-10-02,2011-11-13,3,378.89,Potential Loyalist,3,4,3,2,0.454,171.922,1966.0,False,Đã chấm điểm
16533,United Kingdom,2011-10-02,2011-11-20,3,1080.31,Potential Loyalist,3,4,3,3,0.347,374.614,532.0,False,Đã chấm điểm
18059,United Kingdom,2011-10-03,2011-11-16,3,306.46,Potential Loyalist,3,4,3,2,0.483,148.026,2253.0,False,Đã chấm điểm
14488,United Kingdom,2011-10-03,2011-10-03,1,1064.28,Need Attention,3,3,1,3,0.767,815.823,92.0,True,Đã chấm điểm
16747,United Kingdom,2011-10-03,2011-11-02,2,836.06,Potential Loyalist,3,4,2,3,0.483,403.701,443.0,True,Đã chấm điểm
14333,United Kingdom,2011-10-03,2011-10-03,1,402.7,Need Attention,0,3,1,2,0.764,307.641,792.0,False,Đã chấm điểm
14815,United Kingdom,2011-10-03,2011-11-03,2,778.5,Potential Loyalist,3,4,2,3,0.45,350.134,607.0,False,Đã chấm điểm
15088,United Kingdom,2011-10-03,2011-11-18,2,1160.07,Potential Loyalist,3,4,2,3,0.48,557.028,222.0,True,Đã chấm điểm
15930,United Kingdom,2011-10-03,2011-10-03,1,426.63,Need Attention,0,3,1,2,0.742,316.671,745.0,False,Đã chấm điểm
13801,United Kingdom,2011-10-04,2011-10-04,1,324.8,Need Attention,0,3,1,2,0.761,247.328,1190.0,False,Đã chấm điểm
16881,United Kingdom,2011-10-04,2011-10-04,1,432.0,Need Attention,0,3,1,2,0.784,338.574,652.0,False,Đã chấm điểm
17014,United Kingdom,2011-10-04,2011-12-01,3,583.43,Potential Loyalist,3,5,3,2,0.487,284.143,936.0,False,Đã chấm điểm
14184,United Kingdom,2011-10-04,2011-10-04,1,452.89,Need Attention,3,3,1,2,0.742,336.022,662.0,False,Đã chấm điểm
13351,United Kingdom,2011-10-04,2011-10-04,1,323.94,Need Attention,0,3,1,2,0.761,246.61,1196.0,False,Đã chấm điểm
15739,United Kingdom,2011-10-04,2011-10-04,1,449.12,Need Attention,0,3,1,2,0.741,332.753,679.0,False,Đã chấm điểm
12512,Israel,2011-10-04,2011-10-04,2,132.18,Need Attention,0,3,2,1,0.726,95.926,2923.0,False,Đã chấm điểm
17957,United Kingdom,2011-10-04,2011-10-04,1,110.72,Need Attention,0,3,1,1,0.767,84.937,3029.0,False,Đã chấm điểm
16106,United Kingdom,2011-10-05,2011-10-05,1,108.38,Need Attention,0,3,1,1,0.762,82.608,3066.0,False,Đã chấm điểm
13483,United Kingdom,2011-10-05,2011-10-05,1,140.34,Need Attention,0,3,1,1,0.778,109.172,2774.0,False,Đã chấm điểm
16478,United Kingdom,2011-10-05,2011-11-14,3,331.0,Potential Loyalist,3,4,3,2,0.497,164.577,2035.0,False,Đã chấm điểm
16020,United Kingdom,2011-10-05,2011-11-23,3,851.01,Potential Loyalist,3,5,3,3,0.443,376.866,525.0,False,Đã chấm điểm
16803,United Kingdom,2011-10-05,2011-10-05,1,332.3,Need Attention,0,3,1,2,0.757,251.519,1166.0,False,Đã chấm điểm
13947,United Kingdom,2011-10-05,2011-10-05,1,90.6,Need Attention,0,3,1,1,0.779,70.619,3188.0,False,Đã chấm điểm
16758,United Kingdom,2011-10-05,2011-10-05,1,369.34,Need Attention,0,3,1,2,0.757,279.712,973.0,False,Đã chấm điểm
12719,France,2011-10-05,2011-12-04,2,537.55,Potential Loyalist,3,5,2,2,0.553,297.064,854.0,False,Đã chấm điểm
14054,United Kingdom,2011-10-05,2011-10-05,1,92.46,Need Attention,0,3,1,1,0.778,71.907,3178.0,False,Đã chấm điểm
12723,France,2011-10-05,2011-12-06,5,707.07,Champions,3,5,4,3,0.286,202.335,1619.0,False,Đã chấm điểm
18033,United Kingdom,2011-10-05,2011-10-05,1,93.82,Need Attention,0,3,1,1,0.776,72.769,3168.0,False,Đã chấm điểm
13845,United Kingdom,2011-10-06,2011-10-06,1,312.98,Need Attention,0,3,1,2,0.75,234.813,1315.0,False,Đã chấm điểm
12628,Germany,2011-10-06,2011-12-05,3,732.46,Potential Loyalist,3,5,3,3,0.433,317.322,741.0,False,Đã chấm điểm
14317,United Kingdom,2011-10-06,2011-10-06,1,508.58,Need Attention,3,3,1,2,0.748,380.478,512.0,False,Đã chấm điểm
16295,United Kingdom,2011-10-06,2011-11-30,4,1328.55,Champions,3,5,3,4,0.288,382.899,504.0,False,Đã chấm điểm
17295,United Kingdom,2011-10-06,2011-11-11,3,547.0,Potential Loyalist,3,4,3,2,0.479,262.01,1079.0,False,Đã chấm điểm
13504,United Kingdom,2011-10-06,2011-10-06,1,295.93,Need Attention,0,3,1,2,0.752,222.49,1425.0,False,Đã chấm điểm
13422,United Kingdom,2011-10-06,2011-10-06,1,2626.3,Loyal,3,3,1,4,0.694,1822.404,15.0,True,Đã chấm điểm
16432,United Kingdom,2011-10-06,2011-10-06,1,287.4,Need Attention,0,3,1,2,0.739,212.439,1525.0,False,Đã chấm điểm
13816,Germany,2011-10-06,2011-11-16,2,499.67,Potential Loyalist,3,4,2,2,0.508,253.732,1149.0,False,Đã chấm điểm
14518,United Kingdom,2011-10-06,2011-10-06,1,174.37,Need Attention,0,3,1,1,0.759,132.375,2452.0,False,Đã chấm điểm
13882,United Kingdom,2011-10-06,2011-12-07,5,1131.28,Champions,3,5,4,3,0.284,321.359,726.0,False,Đã chấm điểm
15937,United Kingdom,2011-10-06,2011-10-06,1,145.35,Need Attention,0,3,1,1,0.771,112.015,2746.0,False,Đã chấm điểm
17453,United Kingdom,2011-10-06,2011-11-22,2,486.72,Potential Loyalist,3,5,2,2,0.498,242.204,1252.0,False,Đã chấm điểm
15300,United Kingdom,2011-10-06,2011-10-06,1,496.44,Need Attention,3,3,1,2,0.746,370.228,549.0,False,Đã chấm điểm
13348,United Kingdom,2011-10-06,2011-10-06,1,233.76,Need Attention,0,3,1,1,0.758,177.119,1912.0,False,Đã chấm điểm
14592,United Kingdom,2011-10-06,2011-11-04,3,557.94,Potential Loyalist,3,4,3,2,0.589,328.739,694.0,False,Đã chấm điểm
17030,United Kingdom,2011-10-07,2011-10-07,1,146.87,Need Attention,0,3,1,1,0.768,112.842,2736.0,False,Đã chấm điểm
12420,Cyprus,2011-10-07,2011-10-07,1,600.39,Need Attention,3,3,1,3,0.73,438.161,374.0,True,Đã chấm điểm
14792,United Kingdom,2011-10-07,2011-10-07,1,6.2,Need Attention,0,3,1,1,0.689,4.273,3460.0,False,Đã chấm điểm
14138,United Kingdom,2011-10-07,2011-12-08,2,965.88,Potential Loyalist,3,5,2,3,0.508,490.508,288.0,True,Đã chấm điểm
15297,United Kingdom,2011-10-07,2011-11-29,3,641.94,Potential Loyalist,3,5,3,3,0.407,261.136,1088.0,False,Đã chấm điểm
13876,United Kingdom,2011-10-07,2011-10-07,1,122.7,Need Attention,0,3,1,1,0.765,93.827,2943.0,False,Đã chấm điểm
12740,France,2011-10-07,2011-10-07,1,427.6,Need Attention,3,3,1,2,0.709,303.273,817.0,False,Đã chấm điểm
17086,United Kingdom,2011-10-07,2011-12-02,6,2050.08,Champions,3,5,4,4,0.218,447.237,353.0,True,Đã chấm điểm
13806,United Kingdom,2011-10-07,2011-10-07,1,256.38,Need Attention,0,3,1,1,0.765,196.107,1677.0,False,Đã chấm điểm
12856,United Kingdom,2011-10-07,2011-12-02,6,2170.78,Champions,1,5,4,4,0.219,475.782,306.0,True,Đã chấm điểm
13419,United Kingdom,2011-10-07,2011-10-07,1,221.06,Need Attention,0,3,1,1,0.752,166.29,2014.0,False,Đã chấm điểm
17509,United Kingdom,2011-10-07,2011-10-13,8,6083.64,Champions,1,4,4,5,0.204,1240.552,38.0,True,Đã chấm điểm
16900,United Kingdom,2011-10-07,2011-11-23,3,882.16,Potential Loyalist,3,5,3,3,0.35,308.873,787.0,False,Đã chấm điểm
13755,United Kingdom,2011-10-07,2011-12-06,9,2108.06,Champions,1,5,5,4,0.136,287.486,913.0,False,Đã chấm điểm
16248,United Kingdom,2011-10-09,2011-10-09,1,152.94,Need Attention,0,3,1,1,0.765,117.019,2658.0,False,Đã chấm điểm
15612,United Kingdom,2011-10-09,2011-11-03,2,195.15,Potential Loyalist,3,4,2,1,0.669,130.493,2488.0,False,Đã chấm điểm
15787,United Kingdom,2011-10-09,2011-11-13,3,933.26,Potential Loyalist,3,4,3,3,0.369,344.685,623.0,False,Đã chấm điểm
13260,United Kingdom,2011-10-09,2011-10-09,1,557.62,Need Attention,3,3,1,2,0.747,416.346,410.0,True,Đã chấm điểm
15821,United Kingdom,2011-10-09,2011-10-26,2,570.96,Potential Loyalist,3,4,2,2,0.617,352.27,601.0,False,Đã chấm điểm
18088,United Kingdom,2011-10-09,2011-10-09,1,166.03,Need Attention,0,3,1,1,0.757,125.705,2544.0,False,Đã chấm điểm
16685,United Kingdom,2011-10-09,2011-10-09,2,324.24,Need Attention,3,3,2,2,0.713,231.044,1347.0,False,Đã chấm điểm
13193,United Kingdom,2011-10-09,2011-10-09,1,112.08,Need Attention,0,3,1,1,0.754,84.482,3038.0,False,Đã chấm điểm
13212,United Kingdom,2011-10-09,2011-11-20,3,786.83,Potential Loyalist,3,4,3,3,0.431,338.779,649.0,False,Đã chấm điểm
14801,United Kingdom,2011-10-09,2011-10-09,1,189.34,Need Attention,0,3,1,1,0.72,136.405,2394.0,False,Đã chấm điểm
16380,United Kingdom,2011-10-09,2011-10-09,1,1743.15,Loyal,3,3,1,4,0.754,1314.34,32.0,True,Đã chấm điểm
15193,United Kingdom,2011-10-10,2011-10-10,1,499.32,Need Attention,3,3,1,2,0.743,370.764,546.0,False,Đã chấm điểm
14027,United Kingdom,2011-10-10,2011-10-10,1,104.82,Need Attention,0,3,1,1,0.743,77.931,3117.0,False,Đã chấm điểm
16179,United Kingdom,2011-10-10,2011-10-10,1,215.83,Need Attention,0,3,1,1,0.737,159.164,2107.0,False,Đã chấm điểm
17425,United Kingdom,2011-10-10,2011-11-20,2,759.17,Potential Loyalist,3,4,2,3,0.446,338.766,650.0,False,Đã chấm điểm
18169,United Kingdom,2011-10-10,2011-10-10,1,202.65,Need Attention,0,3,1,1,0.741,150.237,2224.0,False,Đã chấm điểm
18126,United Kingdom,2011-10-10,2011-10-10,1,198.58,Need Attention,0,3,1,1,0.731,145.247,2286.0,False,Đã chấm điểm
16688,United Kingdom,2011-10-10,2011-12-08,4,1260.86,Champions,3,5,3,4,0.282,355.268,590.0,False,Đã chấm điểm
16982,United Kingdom,2011-10-10,2011-10-10,1,384.06,Need Attention,3,3,1,2,0.735,282.382,952.0,False,Đã chấm điểm
15330,United Kingdom,2011-10-10,2011-11-07,2,714.96,Potential Loyalist,3,4,2,3,0.473,338.0,654.0,False,Đã chấm điểm
17186,United Kingdom,2011-10-10,2011-10-24,2,144.0,Potential Loyalist,3,4,2,1,0.813,117.031,2657.0,False,Đã chấm điểm
13685,United Kingdom,2011-10-10,2011-12-07,7,3119.44,Champions,1,5,4,5,0.21,653.807,157.0,True,Đã chấm điểm
13352,United Kingdom,2011-10-10,2011-10-10,1,347.98,Need Attention,0,3,1,2,0.741,257.97,1115.0,False,Đã chấm điểm
15553,United Kingdom,2011-10-10,2011-10-10,1,428.93,Need Attention,3,3,1,2,0.704,301.915,831.0,False,Đã chấm điểm
17459,United Kingdom,2011-10-10,2011-10-27,2,657.3,Potential Loyalist,3,4,2,3,0.562,369.608,555.0,False,Đã chấm điểm
12772,Portugal,2011-10-11,2011-10-11,1,752.47,Need Attention,3,3,1,3,0.693,521.754,251.0,True,Đã chấm điểm
16561,United Kingdom,2011-10-11,2011-12-04,2,511.12,Potential Loyalist,3,5,2,2,0.557,284.597,932.0,False,Đã chấm điểm
14121,United Kingdom,2011-10-11,2011-12-06,4,2780.15,Champions,3,5,3,4,0.224,622.684,171.0,True,Đã chấm điểm
17119,United Kingdom,2011-10-11,2011-12-06,2,606.91,Potential Loyalist,3,5,2,3,0.52,315.371,751.0,False,Đã chấm điểm
17620,United Kingdom,2011-10-11,2011-10-11,1,81.44,Need Attention,0,3,1,1,0.76,61.871,3265.0,False,Đã chấm điểm
12824,United Kingdom,2011-10-11,2011-10-11,1,397.12,Need Attention,3,3,1,2,0.734,291.612,889.0,False,Đã chấm điểm
16171,United Kingdom,2011-10-11,2011-10-11,1,73.2,Need Attention,0,3,1,1,0.753,55.155,3317.0,False,Đã chấm điểm
12536,France,2011-10-11,2011-10-11,1,4163.98,Loyal,2,3,1,5,0.681,2835.381,6.0,True,Đã chấm điểm
13690,United Kingdom,2011-10-11,2011-10-11,1,172.25,Need Attention,0,3,1,1,0.749,129.091,2506.0,False,Đã chấm điểm
14642,United Kingdom,2011-10-12,2011-10-12,1,96.12,Potential Loyalist,0,4,1,1,0.737,70.852,3186.0,False,Đã chấm điểm
12602,France,2011-10-12,2011-10-12,1,153.12,Potential Loyalist,0,4,1,1,0.729,111.563,2753.0,False,Đã chấm điểm
16753,United Kingdom,2011-10-12,2011-10-12,1,223.92,Potential Loyalist,0,4,1,1,0.74,165.59,2023.0,False,Đã chấm điểm
17737,United Kingdom,2011-10-12,2011-11-30,2,168.24,Potential Loyalist,3,5,2,1,0.636,106.987,2800.0,False,Đã chấm điểm
12667,Finland,2011-10-12,2011-10-12,1,460.13,Potential Loyalist,3,4,1,2,0.711,327.359,701.0,False,Đã chấm điểm
12498,Germany,2011-10-13,2011-11-18,3,349.7,Potential Loyalist,3,4,3,2,0.46,160.842,2089.0,False,Đã chấm điểm
17279,United Kingdom,2011-10-13,2011-10-13,1,187.83,Potential Loyalist,0,4,1,1,0.734,137.936,2376.0,False,Đã chấm điểm
14251,United Kingdom,2011-10-13,2011-12-08,5,2879.7,Champions,1,5,4,5,0.24,690.97,130.0,True,Đã chấm điểm
12446,RSA,2011-10-13,2011-10-13,1,1002.31,Potential Loyalist,3,4,1,3,0.709,710.697,122.0,True,Đã chấm điểm
14234,United Kingdom,2011-10-13,2011-11-17,4,754.12,Potential Loyalist,3,4,3,3,0.384,289.89,897.0,False,Đã chấm điểm
13853,United Kingdom,2011-10-13,2011-10-13,1,1090.14,Potential Loyalist,3,4,1,3,0.742,808.89,96.0,True,Đã chấm điểm
16793,United Kingdom,2011-10-13,2011-10-13,1,243.84,Potential Loyalist,0,4,1,1,0.75,182.881,1839.0,False,Đã chấm điểm
18130,United Kingdom,2011-10-13,2011-11-24,3,1059.39,Potential Loyalist,3,5,3,3,0.351,371.319,543.0,False,Đã chấm điểm
17614,United Kingdom,2011-10-13,2011-10-13,1,386.32,Potential Loyalist,3,4,1,2,0.713,275.263,995.0,False,Đã chấm điểm
13858,United Kingdom,2011-10-13,2011-10-13,1,216.17,Potential Loyalist,0,4,1,1,0.741,160.273,2099.0,False,Đã chấm điểm
14856,United Kingdom,2011-10-14,2011-11-03,3,1290.53,Champions,3,4,3,4,0.405,523.293,249.0,True,Đã chấm điểm
14089,United Kingdom,2011-10-14,2011-10-14,1,158.75,Potential Loyalist,0,4,1,1,0.752,119.329,2627.0,False,Đã chấm điểm
13810,Germany,2011-10-14,2011-11-11,2,827.51,Potential Loyalist,3,4,2,3,0.445,367.941,558.0,False,Đã chấm điểm
13006,United Kingdom,2011-10-14,2011-10-14,1,81.57,Potential Loyalist,0,4,1,1,0.767,62.6,3260.0,False,Đã chấm điểm
17986,United Kingdom,2011-10-14,2011-10-14,1,20.8,Potential Loyalist,0,4,1,1,0.754,15.673,3448.0,False,Đã chấm điểm
14910,United Kingdom,2011-10-16,2011-12-07,4,401.97,Potential Loyalist,3,5,3,2,0.475,191.102,1742.0,False,Đã chấm điểm
16243,United Kingdom,2011-10-16,2011-11-06,2,409.1,Potential Loyalist,3,4,2,2,0.562,230.047,1354.0,False,Đã chấm điểm
14547,United Kingdom,2011-10-16,2011-12-06,8,3974.75,Champions,1,5,4,5,0.101,400.925,453.0,True,Đã chấm điểm
16052,United Kingdom,2011-10-16,2011-10-16,1,362.06,Potential Loyalist,3,4,1,2,0.734,265.905,1050.0,False,Đã chấm điểm
15113,United Kingdom,2011-10-16,2011-11-30,3,3339.12,Champions,3,5,3,5,0.252,842.822,87.0,True,Đã chấm điểm
17520,United Kingdom,2011-10-17,2011-10-17,1,546.81,Potential Loyalist,3,4,1,2,0.718,392.785,472.0,True,Đã chấm điểm
13923,United Kingdom,2011-10-17,2011-10-17,1,351.13,Potential Loyalist,3,4,1,2,0.739,259.567,1098.0,False,Đã chấm điểm
15335,United Kingdom,2011-10-17,2011-10-17,1,170.22,Potential Loyalist,0,4,1,1,0.755,128.567,2517.0,False,Đã chấm điểm
17206,United Kingdom,2011-10-17,2011-10-17,1,204.24,Potential Loyalist,0,4,1,1,0.747,152.496,2194.0,False,Đã chấm điểm
15066,United Kingdom,2011-10-17,2011-10-17,1,833.24,Potential Loyalist,3,4,1,3,0.729,607.709,182.0,True,Đã chấm điểm
16363,United Kingdom,2011-10-17,2011-10-17,1,109.36,Potential Loyalist,0,4,1,1,0.738,80.708,3095.0,False,Đã chấm điểm
14830,United Kingdom,2011-10-17,2011-10-17,1,188.03,Potential Loyalist,0,4,1,1,0.739,138.975,2358.0,False,Đã chấm điểm
15355,United Kingdom,2011-10-17,2011-11-10,2,277.05,Potential Loyalist,3,4,2,1,0.541,149.89,2230.0,False,Đã chấm điểm
14015,United Kingdom,2011-10-18,2011-10-18,1,917.34,Potential Loyalist,3,4,1,3,0.732,671.159,142.0,True,Đã chấm điểm
15327,United Kingdom,2011-10-18,2011-10-18,1,208.75,Potential Loyalist,0,4,1,1,0.75,156.542,2145.0,False,Đã chấm điểm
14554,United Kingdom,2011-10-18,2011-11-29,4,2279.49,Champions,3,5,3,4,0.223,509.099,264.0,True,Đã chấm điểm
12611,Italy,2011-10-18,2011-10-18,1,1193.32,Potential Loyalist,3,4,1,4,0.665,793.267,102.0,True,Đã chấm điểm
14179,United Kingdom,2011-10-18,2011-10-30,2,701.57,Potential Loyalist,3,4,2,3,0.583,409.186,429.0,True,Đã chấm điểm
15604,United Kingdom,2011-10-18,2011-10-18,1,216.39,Potential Loyalist,0,4,1,1,0.744,161.042,2086.0,False,Đã chấm điểm
12572,Germany,2011-10-19,2011-12-01,2,912.42,Potential Loyalist,3,5,2,3,0.441,402.028,450.0,True,Đã chấm điểm
16123,United Kingdom,2011-10-19,2011-10-19,1,307.78,Potential Loyalist,3,4,1,2,0.723,222.621,1423.0,False,Đã chấm điểm
16851,United Kingdom,2011-10-19,2011-12-05,3,342.45,Potential Loyalist,3,5,3,2,0.481,164.796,2030.0,False,Đã chấm điểm
17148,United Kingdom,2011-10-19,2011-10-19,1,124.88,Potential Loyalist,0,4,1,1,0.747,93.295,2952.0,False,Đã chấm điểm
17549,United Kingdom,2011-10-19,2011-11-16,2,148.86,Potential Loyalist,3,4,2,1,0.686,102.055,2861.0,False,Đã chấm điểm
17973,United Kingdom,2011-10-19,2011-10-19,1,337.04,Potential Loyalist,3,4,1,2,0.729,245.752,1208.0,False,Đã chấm điểm
15610,United Kingdom,2011-10-19,2011-10-19,1,112.46,Potential Loyalist,0,4,1,1,0.737,82.843,3061.0,False,Đã chấm điểm
15853,United Kingdom,2011-10-19,2011-10-19,1,110.8,Potential Loyalist,0,4,1,1,0.752,83.267,3054.0,False,Đã chấm điểm
18019,United Kingdom,2011-10-19,2011-10-19,1,38.45,Potential Loyalist,0,4,1,1,0.763,29.325,3425.0,False,Đã chấm điểm
14698,United Kingdom,2011-10-19,2011-12-08,5,1217.27,Champions,3,5,4,4,0.258,314.431,752.0,False,Đã chấm điểm
16826,United Kingdom,2011-10-19,2011-10-19,1,341.7,Potential Loyalist,3,4,1,2,0.737,251.819,1161.0,False,Đã chấm điểm
17824,United Kingdom,2011-10-19,2011-10-19,1,298.4,Potential Loyalist,3,4,1,2,0.732,218.403,1470.0,False,Đã chấm điểm
12522,Germany,2011-10-19,2011-10-31,2,156.72,Potential Loyalist,3,4,2,1,0.824,129.096,2504.0,False,Đã chấm điểm
16260,United Kingdom,2011-10-20,2011-10-20,1,1035.45,Potential Loyalist,3,4,1,3,0.721,746.686,112.0,True,Đã chấm điểm
14638,United Kingdom,2011-10-20,2011-10-20,1,443.6,Potential Loyalist,3,4,1,2,0.688,305.312,809.0,False,Đã chấm điểm
14923,United Kingdom,2011-10-20,2011-10-20,1,749.1,Potential Loyalist,3,4,1,3,0.698,523.071,250.0,True,Đã chấm điểm
13366,United Kingdom,2011-10-20,2011-10-20,1,56.16,Potential Loyalist,0,4,1,1,0.84,47.197,3357.0,False,Đã chấm điểm
17125,United Kingdom,2011-10-20,2011-10-20,1,230.5,Potential Loyalist,0,4,1,1,0.749,172.68,1955.0,False,Đã chấm điểm
15836,United Kingdom,2011-10-20,2011-10-20,1,117.47,Potential Loyalist,0,4,1,1,0.715,84.029,3046.0,False,Đã chấm điểm
16313,United Kingdom,2011-10-21,2011-12-06,2,274.15,Potential Loyalist,3,5,2,1,0.524,143.609,2301.0,False,Đã chấm điểm
13460,United Kingdom,2011-10-21,2011-11-10,2,183.44,Potential Loyalist,3,4,2,1,0.689,126.42,2533.0,False,Đã chấm điểm
15286,United Kingdom,2011-10-21,2011-10-21,1,240.55,Potential Loyalist,0,4,1,1,0.761,183.049,1837.0,False,Đã chấm điểm
17832,United Kingdom,2011-10-21,2011-10-21,1,155.37,Potential Loyalist,0,4,1,1,0.731,113.601,2722.0,False,Đã chấm điểm
12646,USA,2011-10-21,2011-12-05,2,1346.97,Potential Loyalist,3,5,2,4,0.441,593.994,191.0,True,Đã chấm điểm
16015,United Kingdom,2011-10-21,2011-12-06,3,694.36,Potential Loyalist,3,5,3,3,0.434,301.494,834.0,False,Đã chấm điểm
16311,United Kingdom,2011-10-21,2011-11-22,2,616.26,Potential Loyalist,3,5,2,3,0.47,289.656,898.0,False,Đã chấm điểm
15740,United Kingdom,2011-10-21,2011-10-21,1,154.88,Potential Loyalist,0,4,1,1,0.748,115.836,2681.0,False,Đã chấm điểm
15000,United Kingdom,2011-10-23,2011-10-23,1,490.52,Potential Loyalist,3,4,1,2,0.71,348.325,612.0,False,Đã chấm điểm
13471,United Kingdom,2011-10-23,2011-12-08,4,2501.84,Champions,3,5,3,4,0.232,579.744,206.0,True,Đã chấm điểm
18005,United Kingdom,2011-10-23,2011-12-06,2,226.47,Potential Loyalist,3,5,2,1,0.495,112.017,2745.0,False,Đã chấm điểm
15427,United Kingdom,2011-10-23,2011-11-06,3,1430.54,Champions,3,4,3,4,0.357,510.654,263.0,True,Đã chấm điểm
17836,United Kingdom,2011-10-23,2011-10-23,1,109.83,Potential Loyalist,0,4,1,1,0.743,81.624,3086.0,False,Đã chấm điểm
14629,United Kingdom,2011-10-23,2011-12-05,2,955.26,Potential Loyalist,3,5,2,3,0.443,423.551,399.0,True,Đã chấm điểm
15592,United Kingdom,2011-10-24,2011-10-24,1,388.58,Potential Loyalist,3,4,1,2,0.727,282.473,950.0,False,Đã chấm điểm
15516,United Kingdom,2011-10-24,2011-10-26,3,62.43,Potential Loyalist,0,4,3,1,0.737,46.027,3366.0,False,Đã chấm điểm
14764,United Kingdom,2011-10-24,2011-10-24,1,278.3,Potential Loyalist,3,4,1,1,0.729,203.013,1611.0,False,Đã chấm điểm
18240,United Kingdom,2011-10-24,2011-10-24,1,422.58,Potential Loyalist,3,4,1,2,0.716,302.652,823.0,False,Đã chấm điểm
15844,United Kingdom,2011-10-24,2011-10-24,1,130.74,Potential Loyalist,0,4,1,1,0.761,99.485,2883.0,False,Đã chấm điểm
13176,United Kingdom,2011-10-24,2011-10-24,1,481.49,Potential Loyalist,3,4,1,2,0.708,340.882,638.0,False,Đã chấm điểm
12398,Switzerland,2011-10-25,2011-10-25,1,1435.66,Potential Loyalist,3,4,1,4,0.694,996.214,63.0,True,Đã chấm điểm
15345,United Kingdom,2011-10-25,2011-10-25,1,373.59,Potential Loyalist,3,4,1,2,0.74,276.369,991.0,False,Đã chấm điểm
16708,United Kingdom,2011-10-25,2011-10-25,1,656.63,Potential Loyalist,3,4,1,3,0.715,469.504,319.0,True,Đã chấm điểm
15963,United Kingdom,2011-10-25,2011-11-20,2,470.76,Potential Loyalist,3,4,2,2,0.478,225.038,1398.0,False,Đã chấm điểm
18045,United Kingdom,2011-10-25,2011-10-25,1,178.34,Potential Loyalist,0,4,1,1,0.752,134.05,2427.0,False,Đã chấm điểm
13182,United Kingdom,2011-10-25,2011-10-25,1,121.18,Potential Loyalist,0,4,1,1,0.75,90.842,2979.0,False,Đã chấm điểm
13028,United Kingdom,2011-10-25,2011-11-17,2,661.32,Potential Loyalist,3,4,2,3,0.432,285.987,924.0,False,Đã chấm điểm
13978,United Kingdom,2011-10-25,2011-11-25,2,196.79,Potential Loyalist,3,5,2,1,0.591,116.376,2666.0,False,Đã chấm điểm
16056,United Kingdom,2011-10-25,2011-10-25,1,650.75,Potential Loyalist,3,4,1,3,0.692,449.998,348.0,True,Đã chấm điểm
12812,Japan,2011-10-26,2011-10-26,1,229.64,Potential Loyalist,3,4,1,1,0.728,167.166,2003.0,False,Đã chấm điểm
14539,United Kingdom,2011-10-26,2011-11-24,2,537.48,Potential Loyalist,3,5,2,2,0.507,272.423,1011.0,False,Đã chấm điểm
17712,United Kingdom,2011-10-26,2011-10-26,1,522.91,Potential Loyalist,3,4,1,2,0.724,378.574,519.0,False,Đã chấm điểm
14102,United Kingdom,2011-10-26,2011-12-04,5,1073.78,Champions,3,5,4,3,0.311,333.829,673.0,False,Đã chấm điểm
14598,United Kingdom,2011-10-26,2011-10-26,1,221.97,Potential Loyalist,3,4,1,1,0.73,162.031,2072.0,False,Đã chấm điểm
15320,United Kingdom,2011-10-26,2011-10-26,1,267.13,Potential Loyalist,3,4,1,1,0.754,201.455,1629.0,False,Đã chấm điểm
12448,Spain,2011-10-26,2011-10-26,1,365.45,Potential Loyalist,3,4,1,2,0.727,265.592,1054.0,False,Đã chấm điểm
12827,United Kingdom,2011-10-26,2011-12-04,3,430.15,Potential Loyalist,3,5,3,2,0.451,193.929,1702.0,False,Đã chấm điểm
15993,United Kingdom,2011-10-26,2011-12-01,7,2753.02,Champions,1,5,4,4,0.162,444.918,358.0,True,Đã chấm điểm
17895,United Kingdom,2011-10-26,2011-10-26,1,95.45,Potential Loyalist,0,4,1,1,0.766,73.14,3164.0,False,Đã chấm điểm
12630,Finland,2011-10-27,2011-11-30,2,1030.88,Potential Loyalist,3,5,2,3,0.402,414.046,414.0,True,Đã chấm điểm
17684,United Kingdom,2011-10-27,2011-10-27,1,239.41,Potential Loyalist,3,4,1,1,0.749,179.289,1885.0,False,Đã chấm điểm
14752,United Kingdom,2011-10-27,2011-10-27,1,389.64,Potential Loyalist,3,4,1,2,0.742,289.054,901.0,False,Đã chấm điểm
14971,United Kingdom,2011-10-27,2011-11-04,3,1097.98,Potential Loyalist,3,4,3,3,0.43,471.7,315.0,True,Đã chấm điểm
16026,United Kingdom,2011-10-27,2011-10-27,1,236.09,Potential Loyalist,3,4,1,1,0.759,179.169,1888.0,False,Đã chấm điểm
16513,United Kingdom,2011-10-27,2011-12-05,4,874.59,Potential Loyalist,3,5,3,3,0.339,296.511,858.0,False,Đã chấm điểm
12430,Norway,2011-10-27,2011-10-27,1,216.4,Potential Loyalist,3,4,1,1,0.709,153.461,2178.0,False,Đã chấm điểm
14357,United Kingdom,2011-10-27,2011-10-27,1,225.12,Potential Loyalist,3,4,1,1,0.742,166.994,2005.0,False,Đã chấm điểm
16855,United Kingdom,2011-10-27,2011-11-16,2,328.4,Potential Loyalist,3,4,2,2,0.506,166.334,2012.0,False,Đã chấm điểm
16164,United Kingdom,2011-10-28,2011-11-22,3,822.48,Potential Loyalist,3,5,3,3,0.436,358.55,579.0,False,Đã chấm điểm
14218,United Kingdom,2011-10-28,2011-10-28,1,169.48,Potential Loyalist,0,4,1,1,0.742,125.812,2540.0,False,Đã chấm điểm
15096,United Kingdom,2011-10-28,2011-10-28,1,219.39,Potential Loyalist,3,4,1,1,0.74,162.273,2067.0,False,Đã chấm điểm
18030,United Kingdom,2011-10-28,2011-12-05,2,230.65,Potential Loyalist,3,5,2,1,0.502,115.872,2678.0,False,Đã chấm điểm
14416,United Kingdom,2011-10-28,2011-11-17,2,490.22,Potential Loyalist,3,4,2,2,0.474,232.38,1337.0,False,Đã chấm điểm
17839,United Kingdom,2011-10-28,2011-10-28,1,318.15,Potential Loyalist,3,4,1,2,0.731,232.506,1334.0,False,Đã chấm điểm
12912,United Kingdom,2011-10-30,2011-12-07,5,1662.3,Champions,3,5,4,4,0.238,395.826,467.0,True,Đã chấm điểm
14582,United Kingdom,2011-10-30,2011-10-30,1,114.11,Potential Loyalist,0,4,1,1,0.729,83.144,3055.0,False,Đã chấm điểm
16079,United Kingdom,2011-10-30,2011-11-23,3,1352.0,Champions,3,5,3,4,0.339,457.812,337.0,True,Đã chấm điểm
17590,United Kingdom,2011-10-30,2011-12-07,3,1466.77,Champions,3,5,3,4,0.305,446.667,354.0,True,Đã chấm điểm
15054,United Kingdom,2011-10-30,2011-11-27,2,302.1,Potential Loyalist,3,5,2,2,0.488,147.526,2260.0,False,Đã chấm điểm
14158,United Kingdom,2011-10-30,2011-10-30,1,507.66,Potential Loyalist,3,4,1,2,0.726,368.313,557.0,False,Đã chấm điểm
16506,United Kingdom,2011-10-30,2011-11-20,2,90.3,Potential Loyalist,3,4,2,1,0.647,58.459,3292.0,False,Đã chấm điểm
13822,United Kingdom,2011-10-30,2011-12-04,2,632.0,Potential Loyalist,3,5,2,3,0.429,271.094,1016.0,False,Đã chấm điểm
18067,United Kingdom,2011-10-30,2011-10-30,1,396.33,Potential Loyalist,3,4,1,2,0.727,287.944,909.0,False,Đã chấm điểm
15444,United Kingdom,2011-10-30,2011-11-30,2,1411.21,Potential Loyalist,3,5,2,4,0.343,483.404,296.0,True,Đã chấm điểm
12581,Germany,2011-10-31,2011-10-31,1,179.71,Potential Loyalist,3,4,1,1,0.679,122.093,2586.0,False,Đã chấm điểm
15360,United Kingdom,2011-10-31,2011-10-31,1,427.93,Potential Loyalist,3,4,1,2,0.687,293.886,877.0,False,Đã chấm điểm
15667,United Kingdom,2011-10-31,2011-10-31,1,301.32,Potential Loyalist,3,4,1,2,0.711,214.359,1507.0,False,Đã chấm điểm
12552,Italy,2011-10-31,2011-10-31,1,317.82,Potential Loyalist,3,4,1,2,0.71,225.778,1395.0,False,Đã chấm điểm
15977,United Kingdom,2011-10-31,2011-11-22,2,1054.73,Potential Loyalist,3,5,2,3,0.426,448.835,350.0,True,Đã chấm điểm
13697,United Kingdom,2011-11-01,2011-11-01,1,151.3,Potential Loyalist,3,4,1,1,0.761,115.147,2692.0,False,Đã chấm điểm
14345,United Kingdom,2011-11-01,2011-11-01,1,108.98,Potential Loyalist,0,4,1,1,0.752,81.948,3080.0,False,Đã chấm điểm
17503,United Kingdom,2011-11-01,2011-12-07,2,558.96,Potential Loyalist,3,5,2,2,0.523,292.3,884.0,False,Đã chấm điểm
12491,France,2011-11-01,2011-11-01,1,424.4,Potential Loyalist,3,4,1,2,0.663,281.237,962.0,False,Đã chấm điểm
14485,United Kingdom,2011-11-01,2011-11-01,1,162.8,Potential Loyalist,3,4,1,1,0.747,121.669,2591.0,False,Đã chấm điểm
13868,United Kingdom,2011-11-01,2011-12-02,2,3192.54,Champions,3,5,2,5,0.386,1231.334,39.0,True,Đã chấm điểm
17668,United Kingdom,2011-11-01,2011-12-08,2,347.75,Potential Loyalist,3,5,2,2,0.492,171.231,1969.0,False,Đã chấm điểm
16971,United Kingdom,2011-11-01,2011-11-01,1,357.21,Potential Loyalist,3,4,1,2,0.73,260.632,1092.0,False,Đã chấm điểm
16352,United Kingdom,2011-11-02,2011-11-22,2,494.44,Potential Loyalist,3,5,2,2,0.501,247.762,1186.0,False,Đã chấm điểm
15830,United Kingdom,2011-11-02,2011-11-02,1,556.2,Potential Loyalist,3,4,1,2,0.691,384.163,500.0,True,Đã chấm điểm
15275,United Kingdom,2011-11-02,2011-11-02,1,615.14,Potential Loyalist,3,4,1,3,0.687,422.371,400.0,True,Đã chấm điểm
16790,United Kingdom,2011-11-02,2011-12-06,6,1545.62,Champions,3,5,4,4,0.243,375.328,529.0,False,Đã chấm điểm
15576,United Kingdom,2011-11-02,2011-11-02,1,921.37,Potential Loyalist,3,4,1,3,0.684,630.303,166.0,True,Đã chấm điểm
18105,United Kingdom,2011-11-02,2011-11-02,1,113.48,Potential Loyalist,0,4,1,1,0.749,84.976,3028.0,False,Đã chấm điểm
18164,United Kingdom,2011-11-02,2011-11-02,1,399.65,Potential Loyalist,3,4,1,2,0.705,281.92,956.0,False,Đã chấm điểm
14974,United Kingdom,2011-11-02,2011-11-02,1,89.94,Potential Loyalist,0,4,1,1,0.778,69.938,3192.0,False,Đã chấm điểm
17947,United Kingdom,2011-11-02,2011-11-02,1,176.68,Potential Loyalist,3,4,1,1,0.745,131.606,2464.0,False,Đã chấm điểm
13318,United Kingdom,2011-11-02,2011-12-08,3,640.76,Potential Loyalist,3,5,3,3,0.441,282.868,944.0,False,Đã chấm điểm
18104,United Kingdom,2011-11-02,2011-11-02,1,754.64,Potential Loyalist,3,4,1,3,0.668,503.98,269.0,True,Đã chấm điểm
13271,United Kingdom,2011-11-02,2011-11-02,1,192.77,Potential Loyalist,3,4,1,1,0.728,140.375,2341.0,False,Đã chấm điểm
17595,United Kingdom,2011-11-02,2011-11-27,2,386.69,Potential Loyalist,3,5,2,2,0.474,183.199,1831.0,False,Đã chấm điểm
14528,United Kingdom,2011-11-02,2011-11-02,1,364.22,Potential Loyalist,3,4,1,2,0.719,261.919,1080.0,False,Đã chấm điểm
16337,United Kingdom,2011-11-03,2011-11-03,1,151.05,Potential Loyalist,3,4,1,1,0.755,114.053,2717.0,False,Đã chấm điểm
14098,United Kingdom,2011-11-03,2011-11-03,1,147.35,Potential Loyalist,3,4,1,1,0.753,110.901,2758.0,False,Đã chấm điểm
16322,United Kingdom,2011-11-03,2011-12-08,2,326.75,Potential Loyalist,3,5,2,2,0.501,163.686,2046.0,False,Đã chấm điểm
16914,United Kingdom,2011-11-03,2011-11-03,1,183.76,Potential Loyalist,3,4,1,1,0.713,130.985,2480.0,False,Đã chấm điểm
12544,Spain,2011-11-03,2011-11-03,1,316.7,Potential Loyalist,3,4,1,2,0.673,213.092,1521.0,False,Đã chấm điểm
13914,United Kingdom,2011-11-03,2011-11-28,2,613.95,Potential Loyalist,3,5,2,3,0.471,289.155,900.0,False,Đã chấm điểm
13467,United Kingdom,2011-11-03,2011-11-29,2,1071.91,Potential Loyalist,3,5,2,3,0.378,405.537,437.0,True,Đã chấm điểm
17078,United Kingdom,2011-11-03,2011-11-03,2,375.86,Potential Loyalist,3,4,2,2,0.687,258.333,1109.0,False,Đã chấm điểm
13447,United Kingdom,2011-11-04,2011-11-16,3,1129.14,Potential Loyalist,3,4,3,3,0.408,460.484,330.0,True,Đã chấm điểm
15010,United Kingdom,2011-11-04,2011-11-04,1,308.94,Potential Loyalist,3,4,1,2,0.686,212.062,1527.0,False,Đã chấm điểm
16318,United Kingdom,2011-11-04,2011-11-04,1,328.15,Potential Loyalist,3,4,1,2,0.694,227.854,1377.0,False,Đã chấm điểm
13938,United Kingdom,2011-11-04,2011-11-04,1,71.66,Potential Loyalist,0,4,1,1,0.788,56.446,3310.0,False,Đã chấm điểm
15017,United Kingdom,2011-11-06,2011-11-06,1,125.58,Potential Loyalist,3,4,1,1,0.749,94.083,2939.0,False,Đã chấm điểm
12882,United Kingdom,2011-11-06,2011-11-30,2,1463.04,Potential Loyalist,3,5,2,4,0.419,612.862,180.0,True,Đã chấm điểm
17387,United Kingdom,2011-11-06,2011-11-20,2,746.81,Potential Loyalist,3,4,2,3,0.433,323.396,714.0,False,Đã chấm điểm
13532,United Kingdom,2011-11-06,2011-11-06,1,210.31,Potential Loyalist,3,4,1,1,0.727,152.912,2189.0,False,Đã chấm điểm
15156,United Kingdom,2011-11-06,2011-12-08,3,961.49,Potential Loyalist,3,5,3,3,0.337,323.939,712.0,False,Đã chấm điểm
14174,United Kingdom,2011-11-06,2011-11-06,1,134.46,Potential Loyalist,3,4,1,1,0.767,103.105,2851.0,False,Đã chấm điểm
13040,United Kingdom,2011-11-06,2011-12-01,2,676.99,Potential Loyalist,3,5,2,3,0.426,288.327,904.0,False,Đã chấm điểm
15883,United Kingdom,2011-11-06,2011-12-07,2,396.48,Potential Loyalist,3,5,2,2,0.495,196.073,1678.0,False,Đã chấm điểm
14664,United Kingdom,2011-11-06,2011-11-20,2,636.24,Potential Loyalist,3,4,2,3,0.445,283.138,942.0,False,Đã chấm điểm
15526,United Kingdom,2011-11-06,2011-11-06,2,148.44,Potential Loyalist,3,4,2,1,0.732,108.617,2781.0,False,Đã chấm điểm
17831,United Kingdom,2011-11-06,2011-11-06,1,35.4,Potential Loyalist,0,4,1,1,0.791,28.0,3428.0,False,Đã chấm điểm
17761,United Kingdom,2011-11-07,2011-11-07,1,712.78,Potential Loyalist,3,4,1,3,0.7,499.225,272.0,True,Đã chấm điểm
13673,United Kingdom,2011-11-07,2011-11-21,2,387.44,Potential Loyalist,3,5,2,2,0.506,196.22,1676.0,False,Đã chấm điểm
14073,United Kingdom,2011-11-07,2011-11-07,1,139.54,Potential Loyalist,3,4,1,1,0.755,105.402,2824.0,False,Đã chấm điểm
16070,United Kingdom,2011-11-07,2011-11-17,2,852.15,Potential Loyalist,3,4,2,3,0.552,470.148,317.0,True,Đã chấm điểm
13066,United Kingdom,2011-11-07,2011-11-15,2,430.9,Potential Loyalist,3,4,2,2,0.524,225.849,1392.0,False,Đã chấm điểm
14140,United Kingdom,2011-11-08,2011-12-06,2,920.05,Potential Loyalist,3,5,2,3,0.418,384.596,499.0,True,Đã chấm điểm
16505,United Kingdom,2011-11-08,2011-11-08,1,777.6,Potential Loyalist,3,4,1,3,0.702,545.756,233.0,True,Đã chấm điểm
17313,United Kingdom,2011-11-08,2011-11-08,1,2328.84,Potential Loyalist,3,4,1,4,0.693,1612.78,19.0,True,Đã chấm điểm
18216,United Kingdom,2011-11-08,2011-11-08,1,481.75,Potential Loyalist,3,4,1,2,0.692,333.434,674.0,False,Đã chấm điểm
15153,United Kingdom,2011-11-08,2011-11-08,1,329.25,Potential Loyalist,3,4,1,2,0.713,234.774,1316.0,False,Đã chấm điểm
16759,United Kingdom,2011-11-09,2011-12-02,3,789.79,Potential Loyalist,3,5,3,3,0.397,313.77,754.0,False,Đã chấm điểm
16751,United Kingdom,2011-11-09,2011-11-09,1,1764.72,Potential Loyalist,3,4,1,4,0.742,1308.741,33.0,True,Đã chấm điểm
12893,United Kingdom,2011-11-09,2011-11-09,1,176.55,Potential Loyalist,3,4,1,1,0.739,130.538,2487.0,False,Đã chấm điểm
14836,United Kingdom,2011-11-09,2011-11-29,3,102.45,Potential Loyalist,3,5,3,1,0.643,65.913,3226.0,False,Đã chấm điểm
12532,France,2011-11-09,2011-11-09,1,313.83,Potential Loyalist,3,4,1,2,0.682,213.928,1511.0,False,Đã chấm điểm
16516,United Kingdom,2011-11-09,2011-11-09,1,101.7,Potential Loyalist,3,4,1,1,0.781,79.404,3108.0,False,Đã chấm điểm
13522,United Kingdom,2011-11-09,2011-11-09,1,125.8,Potential Loyalist,3,4,1,1,0.76,95.652,2927.0,False,Đã chấm điểm
14354,United Kingdom,2011-11-09,2011-12-04,2,163.62,Potential Loyalist,3,5,2,1,0.648,105.985,2817.0,False,Đã chấm điểm
16953,United Kingdom,2011-11-09,2011-11-09,1,20.8,Potential Loyalist,0,4,1,1,0.794,16.521,3447.0,False,Đã chấm điểm
15450,United Kingdom,2011-11-09,2011-11-09,1,429.84,Potential Loyalist,3,4,1,2,0.678,291.295,890.0,False,Đã chấm điểm
15531,United Kingdom,2011-11-09,2011-12-01,2,1972.39,Potential Loyalist,3,5,2,4,0.303,598.082,188.0,True,Đã chấm điểm
17500,United Kingdom,2011-11-10,2011-11-22,3,1138.0,Potential Loyalist,3,5,3,3,0.46,524.012,246.0,True,Đã chấm điểm
17197,United Kingdom,2011-11-10,2011-11-10,1,1013.01,Potential Loyalist,3,4,1,3,0.721,730.87,117.0,True,Đã chấm điểm
16025,United Kingdom,2011-11-10,2011-11-10,1,439.66,Potential Loyalist,3,4,1,2,0.677,297.479,850.0,False,Đã chấm điểm
12659,France,2011-11-10,2011-11-10,1,73.68,Potential Loyalist,0,4,1,1,0.733,54.031,3319.0,False,Đã chấm điểm
17461,United Kingdom,2011-11-10,2011-11-17,3,735.82,Potential Loyalist,3,4,3,3,0.49,360.677,576.0,False,Đã chấm điểm
17791,United Kingdom,2011-11-10,2011-11-10,1,106.1,Potential Loyalist,3,4,1,1,0.771,81.758,3084.0,False,Đã chấm điểm
15463,United Kingdom,2011-11-10,2011-11-10,1,126.14,Potential Loyalist,3,4,1,1,0.758,95.647,2928.0,False,Đã chấm điểm
12617,France,2011-11-10,2011-11-10,1,352.98,Potential Loyalist,3,4,1,2,0.697,246.123,1202.0,False,Đã chấm điểm
14863,United Kingdom,2011-11-10,2011-11-10,1,266.76,Potential Loyalist,3,4,1,1,0.738,196.868,1667.0,False,Đã chấm điểm
12508,France,2011-11-10,2011-11-13,2,397.88,Potential Loyalist,3,4,2,2,0.56,222.701,1421.0,False,Đã chấm điểm
17502,United Kingdom,2011-11-10,2011-11-30,4,689.1,Potential Loyalist,3,5,3,3,0.388,267.225,1043.0,False,Đã chấm điểm
14789,United Kingdom,2011-11-11,2011-11-11,1,197.64,Potential Loyalist,3,4,1,1,0.742,146.719,2270.0,False,Đã chấm điểm
18209,United Kingdom,2011-11-11,2011-11-11,1,139.1,Potential Loyalist,3,4,1,1,0.765,106.435,2808.0,False,Đã chấm điểm
12985,United Kingdom,2011-11-11,2011-12-09,2,1215.62,Potential Loyalist,3,5,2,4,0.374,454.672,340.0,True,Đã chấm điểm
15557,United Kingdom,2011-11-11,2011-11-11,1,468.91,Potential Loyalist,3,4,1,2,0.701,328.548,696.0,False,Đã chấm điểm
15692,United Kingdom,2011-11-11,2011-11-11,1,191.04,Potential Loyalist,3,4,1,1,0.725,138.589,2368.0,False,Đã chấm điểm
17052,United Kingdom,2011-11-11,2011-11-11,1,399.09,Potential Loyalist,3,4,1,2,0.722,288.278,905.0,False,Đã chấm điểm
18014,United Kingdom,2011-11-11,2011-11-11,1,154.27,Potential Loyalist,3,4,1,1,0.75,115.751,2683.0,False,Đã chấm điểm
13732,United Kingdom,2011-11-11,2011-11-11,1,491.86,Potential Loyalist,3,4,1,2,0.713,350.459,606.0,False,Đã chấm điểm
14661,United Kingdom,2011-11-13,2011-11-13,1,107.95,Potential Loyalist,3,4,1,1,0.762,82.255,3074.0,False,Đã chấm điểm
13170,United Kingdom,2011-11-13,2011-11-13,1,108.81,Potential Loyalist,3,4,1,1,0.755,82.135,3078.0,False,Đã chấm điểm
15654,United Kingdom,2011-11-13,2011-11-30,2,922.53,Potential Loyalist,3,5,2,3,0.41,377.914,524.0,False,Đã chấm điểm
13146,United Kingdom,2011-11-13,2011-11-13,1,228.91,Potential Loyalist,3,4,1,1,0.729,166.929,2006.0,False,Đã chấm điểm
13603,United Kingdom,2011-11-13,2011-11-13,1,164.34,Potential Loyalist,3,4,1,1,0.733,120.401,2610.0,False,Đã chấm điểm
12938,United Kingdom,2011-11-14,2011-11-14,1,114.14,Potential Loyalist,3,4,1,1,0.73,83.328,3053.0,False,Đã chấm điểm
15168,United Kingdom,2011-11-14,2011-11-14,1,106.56,Potential Loyalist,3,4,1,1,0.775,82.616,3065.0,False,Đã chấm điểm
17538,United Kingdom,2011-11-14,2011-11-14,1,98.42,Potential Loyalist,3,4,1,1,0.778,76.579,3131.0,False,Đã chấm điểm
18082,United Kingdom,2011-11-14,2011-11-14,1,680.84,Potential Loyalist,3,4,1,3,0.707,481.569,299.0,True,Đã chấm điểm
18117,United Kingdom,2011-11-14,2011-11-14,1,314.4,Potential Loyalist,3,4,1,2,0.728,228.761,1371.0,False,Đã chấm điểm
17566,United Kingdom,2011-11-14,2011-12-01,2,869.77,Potential Loyalist,3,5,2,3,0.371,322.621,718.0,False,Đã chấm điểm
16207,United Kingdom,2011-11-14,2011-11-14,1,394.38,Potential Loyalist,3,4,1,2,0.722,284.748,931.0,False,Đã chấm điểm
12762,Portugal,2011-11-14,2011-12-02,2,1702.52,Potential Loyalist,3,5,2,4,0.352,600.013,185.0,True,Đã chấm điểm
17793,United Kingdom,2011-11-14,2011-11-14,1,300.34,Potential Loyalist,3,4,1,2,0.719,215.796,1495.0,False,Đã chấm điểm
16504,United Kingdom,2011-11-14,2011-11-14,1,465.88,Potential Loyalist,3,4,1,2,0.702,327.058,702.0,False,Đã chấm điểm
15009,United Kingdom,2011-11-14,2011-11-27,3,1259.43,Champions,3,5,3,4,0.311,391.114,480.0,True,Đã chấm điểm
16423,United Kingdom,2011-11-15,2011-11-15,1,346.12,Potential Loyalist,3,4,1,2,0.73,252.782,1154.0,False,Đã chấm điểm
15419,United Kingdom,2011-11-15,2011-11-15,1,135.86,Potential Loyalist,3,4,1,1,0.769,104.535,2833.0,False,Đã chấm điểm
15758,United Kingdom,2011-11-15,2011-11-15,1,205.25,Potential Loyalist,3,4,1,1,0.75,153.983,2170.0,False,Đã chấm điểm
14666,United Kingdom,2011-11-15,2011-11-15,1,179.95,Potential Loyalist,3,4,1,1,0.732,131.754,2457.0,False,Đã chấm điểm
17153,United Kingdom,2011-11-15,2011-11-15,1,213.78,Potential Loyalist,3,4,1,1,0.736,157.425,2132.0,False,Đã chấm điểm
12950,United Kingdom,2011-11-15,2011-12-07,3,1843.0,Champions,3,5,3,4,0.325,599.468,187.0,True,Đã chấm điểm
15556,United Kingdom,2011-11-15,2011-11-15,1,279.77,Potential Loyalist,3,4,1,1,0.714,199.844,1638.0,False,Đã chấm điểm
17357,United Kingdom,2011-11-15,2011-11-15,2,384.39,Potential Loyalist,3,4,2,2,0.671,258.014,1114.0,False,Đã chấm điểm
13449,United Kingdom,2011-11-16,2011-11-16,1,291.88,Potential Loyalist,3,4,1,2,0.709,206.981,1576.0,False,Đã chấm điểm
14385,United Kingdom,2011-11-16,2011-11-30,3,202.11,Potential Loyalist,3,5,3,1,0.637,128.799,2513.0,False,Đã chấm điểm
13926,United Kingdom,2011-11-16,2011-11-16,1,223.85,Potential Loyalist,3,4,1,1,0.729,163.221,2055.0,False,Đã chấm điểm
17896,United Kingdom,2011-11-16,2011-11-16,1,256.32,Potential Loyalist,3,4,1,1,0.769,197.177,1661.0,False,Đã chấm điểm
17835,United Kingdom,2011-11-16,2011-12-07,3,342.24,Potential Loyalist,3,5,3,2,0.486,166.182,2018.0,False,Đã chấm điểm
15657,United Kingdom,2011-11-17,2011-11-17,1,30.0,Potential Loyalist,0,4,1,1,0.822,24.654,3434.0,False,Đã chấm điểm
13160,United Kingdom,2011-11-17,2011-11-17,1,91.8,Potential Loyalist,3,4,1,1,0.792,72.693,3170.0,False,Đã chấm điểm
17985,United Kingdom,2011-11-17,2011-11-17,1,631.35,Potential Loyalist,3,4,1,3,0.725,457.921,336.0,True,Đã chấm điểm
14362,United Kingdom,2011-11-17,2011-11-17,1,151.5,Potential Loyalist,3,4,1,1,0.765,115.842,2680.0,False,Đã chấm điểm
13828,United Kingdom,2011-11-17,2011-11-17,1,209.49,Potential Loyalist,3,4,1,1,0.74,155.054,2158.0,False,Đã chấm điểm
15435,United Kingdom,2011-11-17,2011-11-17,1,149.29,Potential Loyalist,3,4,1,1,0.762,113.795,2721.0,False,Đã chấm điểm
14641,United Kingdom,2011-11-18,2011-11-18,1,110.46,Potential Loyalist,3,4,1,1,0.747,82.516,3068.0,False,Đã chấm điểm
12603,Germany,2011-11-18,2011-11-18,1,613.2,Potential Loyalist,3,4,1,3,0.751,460.275,331.0,True,Đã chấm điểm
12618,Italy,2011-11-18,2011-11-18,1,137.31,Potential Loyalist,3,4,1,1,0.702,96.385,2919.0,False,Đã chấm điểm
15621,United Kingdom,2011-11-18,2011-12-05,4,1214.07,Champions,3,5,3,4,0.338,410.694,422.0,True,Đã chấm điểm
17904,United Kingdom,2011-11-18,2011-11-18,1,181.07,Potential Loyalist,3,4,1,1,0.737,133.377,2438.0,False,Đã chấm điểm
17650,United Kingdom,2011-11-18,2011-11-18,1,166.08,Potential Loyalist,3,4,1,1,0.746,123.816,2571.0,False,Đã chấm điểm
12702,Germany,2011-11-20,2011-11-20,1,201.0,Potential Loyalist,3,4,1,1,0.666,133.834,2432.0,False,Đã chấm điểm
14881,United Kingdom,2011-11-20,2011-11-20,1,255.4,Potential Loyalist,3,4,1,1,0.723,184.548,1811.0,False,Đã chấm điểm
17523,United Kingdom,2011-11-20,2011-11-28,4,652.74,Potential Loyalist,3,5,3,3,0.483,315.503,750.0,False,Đã chấm điểm
14950,United Kingdom,2011-11-20,2011-11-20,1,371.2,Potential Loyalist,3,4,1,2,0.707,262.609,1075.0,False,Đã chấm điểm
14860,United Kingdom,2011-11-20,2011-11-20,1,170.32,Potential Loyalist,3,4,1,1,0.729,124.118,2567.0,False,Đã chấm điểm
17636,United Kingdom,2011-11-20,2011-11-20,1,285.56,Potential Loyalist,3,4,1,2,0.678,193.707,1704.0,False,Đã chấm điểm
13142,United Kingdom,2011-11-20,2011-11-20,1,307.09,Potential Loyalist,3,4,1,2,0.686,210.745,1537.0,False,Đã chấm điểm
14300,United Kingdom,2011-11-21,2011-11-21,1,43.2,Potential Loyalist,3,5,1,1,0.812,35.084,3402.0,False,Đã chấm điểm
12658,Germany,2011-11-21,2011-11-21,1,632.05,Potential Loyalist,3,5,1,3,0.667,421.713,404.0,True,Đã chấm điểm
12795,Portugal,2011-11-21,2011-11-21,1,318.48,Potential Loyalist,3,5,1,2,0.681,216.844,1480.0,False,Đã chấm điểm
15567,United Kingdom,2011-11-21,2011-11-21,1,186.01,Potential Loyalist,3,5,1,1,0.722,134.301,2421.0,False,Đã chấm điểm
12984,United Kingdom,2011-11-21,2011-11-21,1,97.5,Potential Loyalist,3,5,1,1,0.775,75.543,3145.0,False,Đã chấm điểm
17253,United Kingdom,2011-11-21,2011-11-21,1,178.26,Potential Loyalist,3,5,1,1,0.726,129.428,2501.0,False,Đã chấm điểm
18139,United Kingdom,2011-11-21,2011-11-22,6,8438.34,Champions,1,5,4,5,0.26,2191.163,11.0,True,Đã chấm điểm
15274,United Kingdom,2011-11-21,2011-12-05,2,716.57,Potential Loyalist,3,5,2,3,0.442,316.84,743.0,False,Đã chấm điểm
17010,United Kingdom,2011-11-21,2011-11-21,1,195.36,Potential Loyalist,3,5,1,1,0.725,141.715,2321.0,False,Đã chấm điểm
17100,United Kingdom,2011-11-21,2011-11-21,2,971.74,Potential Loyalist,3,5,2,3,0.658,639.638,163.0,True,Đã chấm điểm
15699,United Kingdom,2011-11-22,2011-11-22,1,309.65,Potential Loyalist,3,5,1,2,0.682,211.182,1534.0,False,Đã chấm điểm
16956,United Kingdom,2011-11-22,2011-11-22,1,308.74,Potential Loyalist,3,5,1,2,0.682,210.468,1541.0,False,Đã chấm điểm
17600,United Kingdom,2011-11-22,2011-11-22,1,161.67,Potential Loyalist,3,5,1,1,0.726,117.3,2654.0,False,Đã chấm điểm
15877,United Kingdom,2011-11-22,2011-12-08,2,437.83,Potential Loyalist,3,5,2,2,0.482,211.046,1535.0,False,Đã chấm điểm
14424,United Kingdom,2011-11-22,2011-11-22,1,322.08,Potential Loyalist,3,5,1,2,0.765,246.48,1197.0,False,Đã chấm điểm
13322,United Kingdom,2011-11-22,2011-11-22,1,199.48,Potential Loyalist,3,5,1,1,0.724,144.455,2292.0,False,Đã chấm điểm
17297,United Kingdom,2011-11-22,2011-11-22,1,128.18,Potential Loyalist,3,5,1,1,0.73,93.58,2947.0,False,Đã chấm điểm
13986,United Kingdom,2011-11-22,2011-11-22,1,320.46,Potential Loyalist,3,5,1,2,0.696,223.104,1411.0,False,Đã chấm điểm
18249,United Kingdom,2011-11-22,2011-11-22,1,95.34,Potential Loyalist,3,5,1,1,0.795,75.792,3141.0,False,Đã chấm điểm
16376,United Kingdom,2011-11-22,2011-12-01,2,974.96,Potential Loyalist,3,5,2,3,0.355,346.023,620.0,False,Đã chấm điểm
16811,United Kingdom,2011-11-22,2011-12-05,2,547.07,Potential Loyalist,3,5,2,2,0.57,312.067,766.0,False,Đã chấm điểm
12452,Switzerland,2011-11-23,2011-11-23,1,348.57,Potential Loyalist,3,5,1,2,0.681,237.371,1296.0,False,Đã chấm điểm
13638,United Kingdom,2011-11-24,2011-11-24,1,122.64,Potential Loyalist,3,5,1,1,0.749,91.796,2969.0,False,Đã chấm điểm
16482,United Kingdom,2011-11-24,2011-11-24,1,220.62,Potential Loyalist,3,5,1,1,0.728,160.608,2093.0,False,Đã chấm điểm
14785,United Kingdom,2011-11-24,2011-11-29,2,77.4,Potential Loyalist,3,5,2,1,0.727,56.28,3311.0,False,Đã chấm điểm
15725,United Kingdom,2011-11-24,2011-11-24,1,415.25,Potential Loyalist,3,5,1,2,0.693,287.7,910.0,False,Đã chấm điểm
17247,United Kingdom,2011-11-24,2011-11-24,1,280.09,Potential Loyalist,3,5,1,1,0.696,194.803,1694.0,False,Đã chấm điểm
18184,United Kingdom,2011-11-24,2011-11-24,1,49.8,Potential Loyalist,3,5,1,1,0.865,43.057,3380.0,False,Đã chấm điểm
17727,United Kingdom,2011-11-24,2011-11-24,1,1042.55,Potential Loyalist,3,5,1,3,0.665,692.918,129.0,True,Đã chấm điểm
14703,United Kingdom,2011-11-25,2011-11-25,1,318.17,Potential Loyalist,3,5,1,2,0.694,220.907,1450.0,False,Đã chấm điểm
17385,United Kingdom,2011-11-25,2011-11-25,1,256.11,Potential Loyalist,3,5,1,1,0.742,189.982,1753.0,False,Đã chấm điểm
17232,United Kingdom,2011-11-25,2011-12-07,2,417.77,Potential Loyalist,3,5,2,2,0.534,222.882,1417.0,False,Đã chấm điểm
13332,United Kingdom,2011-11-25,2011-11-25,1,350.9,Potential Loyalist,3,5,1,2,0.713,250.031,1173.0,False,Đã chấm điểm
14946,United Kingdom,2011-11-25,2011-11-25,1,100.9,Potential Loyalist,3,5,1,1,0.797,80.383,3098.0,False,Đã chấm điểm
13596,United Kingdom,2011-11-27,2011-12-04,2,664.11,Potential Loyalist,3,5,2,3,0.4,265.612,1053.0,False,Đã chấm điểm
17885,United Kingdom,2011-11-27,2011-11-27,1,156.34,Potential Loyalist,3,5,1,1,0.729,113.991,2719.0,False,Đã chấm điểm
14093,United Kingdom,2011-11-27,2011-11-27,1,433.86,Potential Loyalist,3,5,1,2,0.678,294.25,873.0,False,Đã chấm điểm
15721,United Kingdom,2011-11-28,2011-11-28,1,471.4,Potential Loyalist,3,5,1,2,0.629,296.389,860.0,False,Đã chấm điểm
13844,United Kingdom,2011-11-28,2011-11-28,1,361.62,Potential Loyalist,3,5,1,2,0.673,243.322,1245.0,False,Đã chấm điểm
12660,France,2011-11-28,2011-11-28,1,227.1,Potential Loyalist,3,5,1,1,0.665,150.943,2217.0,False,Đã chấm điểm
12479,Germany,2011-11-28,2011-11-28,1,453.2,Potential Loyalist,3,5,1,2,0.59,267.29,1041.0,False,Đã chấm điểm
17379,United Kingdom,2011-11-28,2011-11-28,1,389.72,Potential Loyalist,3,5,1,2,0.654,254.907,1143.0,False,Đã chấm điểm
16800,United Kingdom,2011-11-28,2011-11-28,1,1162.65,Potential Loyalist,3,5,1,3,0.539,627.211,169.0,True,Đã chấm điểm
17806,United Kingdom,2011-11-28,2011-11-28,1,546.04,Potential Loyalist,3,5,1,2,0.607,331.631,681.0,False,Đã chấm điểm
13188,United Kingdom,2011-11-28,2011-11-28,1,114.6,Potential Loyalist,3,5,1,1,0.715,81.93,3081.0,False,Đã chấm điểm
13349,United Kingdom,2011-11-29,2011-11-29,1,197.32,Potential Loyalist,3,5,1,1,0.704,138.94,2361.0,False,Đã chấm điểm
15619,United Kingdom,2011-11-29,2011-11-29,1,336.4,Potential Loyalist,3,5,1,2,0.702,236.281,1305.0,False,Đã chấm điểm
15148,United Kingdom,2011-11-29,2011-11-29,1,301.29,Potential Loyalist,3,5,1,2,0.652,196.452,1674.0,False,Đã chấm điểm
14601,United Kingdom,2011-11-29,2011-11-29,1,213.96,Potential Loyalist,3,5,1,1,0.722,154.522,2164.0,False,Đã chấm điểm
15783,United Kingdom,2011-11-29,2011-11-29,1,246.3,Potential Loyalist,3,5,1,1,0.69,169.836,1984.0,False,Đã chấm điểm
16479,United Kingdom,2011-11-29,2011-11-29,2,300.83,Potential Loyalist,3,5,2,2,0.654,196.594,1670.0,False,Đã chấm điểm
15790,United Kingdom,2011-11-29,2011-11-29,1,218.75,Potential Loyalist,3,5,1,1,0.706,154.396,2165.0,False,Đã chấm điểm
13521,United Kingdom,2011-11-29,2011-12-08,3,1070.47,Potential Loyalist,3,5,3,3,0.348,372.45,539.0,False,Đã chấm điểm
14349,United Kingdom,2011-11-29,2011-11-29,1,133.5,Potential Loyalist,3,5,1,1,0.748,99.912,2878.0,False,Đã chấm điểm
12966,United Kingdom,2011-11-30,2011-11-30,1,160.18,Potential Loyalist,3,5,1,1,0.721,115.57,2689.0,False,Đã chấm điểm
15060,United Kingdom,2011-11-30,2011-12-01,4,293.0,Potential Loyalist,3,5,3,2,0.554,162.467,2065.0,False,Đã chấm điểm
17911,United Kingdom,2011-11-30,2011-11-30,1,366.23,Potential Loyalist,3,5,1,2,0.649,237.535,1294.0,False,Đã chấm điểm
14804,United Kingdom,2011-12-01,2011-12-01,1,353.27,Potential Loyalist,3,5,1,2,0.64,226.15,1391.0,False,Đã chấm điểm
15904,United Kingdom,2011-12-01,2011-12-01,1,164.68,Potential Loyalist,3,5,1,1,0.706,116.246,2670.0,False,Đã chấm điểm
16789,United Kingdom,2011-12-01,2011-12-01,1,80.8,Potential Loyalist,3,5,1,1,0.83,67.067,3217.0,False,Đã chấm điểm
17942,United Kingdom,2011-12-02,2011-12-02,1,77.5,Potential Loyalist,3,5,1,1,0.827,64.055,3247.0,False,Đã chấm điểm
12587,Finland,2011-12-02,2011-12-02,1,104.0,Potential Loyalist,3,5,1,1,0.747,77.697,3121.0,False,Đã chấm điểm
13560,United Kingdom,2011-12-02,2011-12-02,1,171.42,Potential Loyalist,3,5,1,1,0.704,120.699,2604.0,False,Đã chấm điểm
15539,United Kingdom,2011-12-02,2011-12-02,1,538.46,Potential Loyalist,3,5,1,2,0.485,261.036,1089.0,False,Đã chấm điểm
13017,United Kingdom,2011-12-02,2011-12-02,1,204.0,Potential Loyalist,3,5,1,1,0.758,154.567,2162.0,False,Đã chấm điểm
13153,United Kingdom,2011-12-04,2011-12-04,1,486.22,Potential Loyalist,3,5,1,2,0.559,271.972,1014.0,False,Đã chấm điểm
17936,United Kingdom,2011-12-04,2011-12-04,1,380.13,Potential Loyalist,3,5,1,2,0.59,224.125,1405.0,False,Đã chấm điểm
18015,United Kingdom,2011-12-05,2011-12-05,1,120.03,Potential Loyalist,3,5,1,1,0.729,87.558,3000.0,False,Đã chấm điểm
16597,United Kingdom,2011-12-05,2011-12-05,1,90.04,Potential Loyalist,3,5,1,1,0.831,74.851,3151.0,False,Đã chấm điểm
13790,United Kingdom,2011-12-05,2011-12-05,1,348.8,Potential Loyalist,3,5,1,2,0.612,213.447,1516.0,False,Đã chấm điểm
12367,Denmark,2011-12-05,2011-12-05,1,150.9,Potential Loyalist,3,5,1,1,0.703,106.138,2814.0,False,Đã chấm điểm
12478,Greece,2011-12-06,2011-12-06,1,545.99,Potential Loyalist,3,5,1,2,0.474,258.744,1105.0,False,Đã chấm điểm
15318,United Kingdom,2011-12-06,2011-12-06,1,312.62,Potential Loyalist,3,5,1,2,0.634,198.146,1654.0,False,Đã chấm điểm
17914,United Kingdom,2011-12-06,2011-12-06,1,329.36,Potential Loyalist,3,5,1,2,0.628,206.784,1581.0,False,Đã chấm điểm
16528,United Kingdom,2011-12-06,2011-12-06,1,244.41,Potential Loyalist,3,5,1,1,0.669,163.509,2049.0,False,Đã chấm điểm
12442,Spain,2011-12-06,2011-12-06,1,144.06,Potential Loyalist,3,5,1,1,0.685,98.727,2891.0,False,Đã chấm điểm
12650,France,2011-12-06,2011-12-06,1,242.44,Potential Loyalist,3,5,1,1,0.626,151.681,2207.0,False,Đã chấm điểm
14578,United Kingdom,2011-12-06,2011-12-06,1,168.63,Potential Loyalist,3,5,1,1,0.701,118.161,2646.0,False,Đã chấm điểm
16000,United Kingdom,2011-12-07,2011-12-07,3,12393.7,Champions,1,5,3,5,0.449,5560.074,1.0,True,Đã chấm điểm
15195,United Kingdom,2011-12-07,2011-12-07,1,3861.0,Potential Loyalist,3,5,1,5,0.528,2038.41,14.0,True,Đã chấm điểm
13436,United Kingdom,2011-12-08,2011-12-08,1,196.89,Potential Loyalist,3,5,1,1,0.616,121.314,2596.0,False,Đã chấm điểm
15520,United Kingdom,2011-12-08,2011-12-08,1,343.5,Potential Loyalist,3,5,1,2,0.589,202.46,1618.0,False,Đã chấm điểm
13298,United Kingdom,2011-12-08,2011-12-08,1,360.0,Potential Loyalist,3,5,1,2,0.619,222.908,1416.0,False,Đã chấm điểm
12713,Germany,2011-12-09,2011-12-09,1,794.55,Potential Loyalist,3,5,1,3,0.382,303.353,816.0,False,Đã chấm điểm
