StockCode,StandardDescription,AvgUnitPrice,MinUnitPrice,MaxUnitPrice,TimesOrdered,TotalQuantitySold
85048,15CM CHRISTMAS GLASS BALL 20 LIGHTS,7.75,6.95,7.95,418,2490.0
79323P,PINK CHERRY LIGHTS,6.42,5.45,6.75,196,1949.0
79323W,WHITE CHERRY LIGHTS,6.39,5.45,6.75,273,2592.0
22041,"RECORD FRAME 7"" SINGLE SIZE",2.45,2.1,4.96,303,6772.0
21232,STRAWBERRY CERAMIC TRINKET BOX,1.24,1.06,2.46,1875,34483.0
22064,PINK DOUGHNUT TRINKET POT,1.63,0.39,3.29,477,6209.0
21871,SAVE THE PLANET MUG,1.3,0.8,3.29,592,10376.0
21523,DOORMAT FANCY FONT HOME SWEET HOME,7.44,4.58,15.79,890,6559.0
22350,ILLUSTRATED CAT BOWL,2.54,2.1,2.69,250,2591.0
22349,DOG BOWL CHASING BALL DESIGN,3.74,2.46,7.46,317,2377.0
22195,LARGE HEART MEASURING SPOONS,1.68,1.45,3.29,520,4603.0
22353,LUNCH BOX WITH CUTLERY FAIRY CAKES,2.53,2.1,2.55,371,2800.0
48173C,DOORMAT BLACK FLOCK,7.42,4.0,8.25,458,4029.0
21755,LOVE BUILDING BLOCK WORD,5.97,5.45,12.46,1467,5323.0
21754,HOME BUILDING BLOCK WORD,5.96,5.45,11.63,1824,7213.0
84879,ASSORTED COLOUR BIRD ORNAMENT,1.68,1.45,1.69,2639,77688.0
22119,PEACE WOODEN BLOCK LETTERS,6.69,1.95,14.13,324,872.0
22142,CHRISTMAS CRAFT WHITE FAIRY,1.48,1.25,3.29,429,4090.0
22296,HEART IVORY TRELLIS LARGE,1.65,1.45,3.29,739,9416.0
22295,HEART FILIGREE DOVE LARGE,1.65,1.45,3.29,617,8123.0
22109,FULL ENGLISH BREAKFAST PLATE,3.76,3.39,7.46,384,2815.0
22107,PIZZA PLATE IN BOX,3.65,1.25,7.46,174,809.0
22194,BLACK DINER WALL CLOCK,8.46,7.65,8.5,141,351.0
35004B,SET OF 3 BLACK FLYING DUCKS,4.63,1.95,5.45,114,1198.0
82582,AREA PATROLLED METAL SIGN,2.1,1.69,4.13,692,7233.0
21181,PLEASE ONE PERSON METAL SIGN,2.07,1.49,2.4,1535,23886.0
21756,BATH BUILDING BLOCK WORD,5.99,5.45,11.63,517,1538.0
21333,CLASSIC WHITE FRAME,2.94,2.55,2.95,197,1007.0
84596F,SMALL MARSHMALLOWS PINK BOWL,0.72,0.42,1.25,409,4158.0
84596L,BISCUITS SMALL BOWL LIGHT BLUE,0.78,0.42,1.25,130,1262.0
22111,SCOTTIE DOG HOT WATER BOTTLE,4.89,4.25,5.1,1449,8997.0
22143,CHRISTMAS CRAFT HEART DECORATIONS,2.09,1.85,2.1,53,420.0
22145,CHRISTMAS CRAFT HEART STOCKING,2.09,1.85,2.1,169,1260.0
22130,PARTY CONE CHRISTMAS DECORATION,0.85,0.72,0.85,355,6728.0
21364,PEACE SMALL WOOD LETTERS,6.75,6.75,7.13,143,438.0
21360,JOY LARGE WOOD LETTERS,9.24,3.95,9.95,92,433.0
21351,CINAMMON & ORANGE WREATH,5.23,1.95,6.75,132,966.0
21352,EUCALYPTUS & PINECONE  WREATH,4.14,1.95,6.75,81,736.0
35400,WOODEN BOX ADVENT CALENDAR,8.88,4.0,8.95,320,1211.0
20695,FLORAL BLUE MONSTER,4.17,3.75,4.25,26,82.0
37370,RETRO COFFEE MUGS ASSORTED,1.22,1.06,1.65,339,6931.0
10002,INFLATABLE POLITICAL GLOBE,0.84,0.72,0.85,290,7245.0
84507B,STRIPES DESIGN MONKEY DOLL,2.36,0.85,2.55,86,1316.0
20703,BLUE PADDED SOFT MOBILE,4.23,3.75,4.25,156,440.0
21987,PACK OF 6 SKULL PAPER CUPS,0.65,0.53,0.65,342,5732.0
21989,PACK OF 20 SKULL PAPER NAPKINS,0.84,0.64,0.85,464,6897.0
84970S,HANGING HEART ZINC T-LIGHT HOLDER,0.85,0.64,2.08,1135,25317.0
20971,PINK BLUE FELT CRAFT TRINKET BOX,1.26,1.06,2.46,984,15952.0
22271,FELTCRAFT DOLL ROSIE,2.95,1.92,5.79,685,4447.0
22272,FELTCRAFT DOLL MARIA,2.93,1.92,2.95,276,1343.0
22274,FELTCRAFT DOLL EMILY,2.95,1.92,5.79,575,3611.0
21912,VINTAGE SNAKES & LADDERS,3.79,2.62,7.46,614,3315.0
22112,CHOCOLATE HOT WATER BOTTLE,4.88,4.25,10.79,1441,9824.0
21329,DINOSAURS  WRITING SET,1.66,0.98,3.29,368,1603.0
21252,SET OF MEADOW  FLOWER STICKERS,2.74,1.69,2.95,16,161.0
21100,CHARLIE AND LOLA CHARLOTTE BAG,1.57,0.72,1.65,156,2218.0
21033,JUMBO BAG CHARLIE AND LOLA TOYS,2.59,1.25,2.95,287,3396.0
20711,JUMBO BAG TOYS,1.95,1.3,2.08,658,11208.0
21410,COUNTRY COTTAGE  DOORSTOP GREEN,4.23,2.5,4.25,101,259.0
21411,GINGHAM HEART  DOORSTOP RED,4.09,1.95,8.29,504,1930.0
84031A,CHARLIE+LOLA RED HOT WATER BOTTLE,4.19,1.25,4.65,133,716.0
84031B,CHARLIE LOLA BLUE HOT WATER BOTTLE,4.18,1.25,4.65,109,544.0
84032A,CHARLIE+LOLA PINK HOT WATER BOTTLE,2.78,0.79,3.29,345,2256.0
84032B,CHARLIE + LOLA RED HOT WATER BOTTLE,2.77,0.79,3.29,402,2692.0
84519A,TOMATO CHARLIE+LOLA COASTER SET,2.34,1.25,5.79,158,1139.0
84519B,CARROT CHARLIE+LOLA COASTER SET,1.99,1.25,5.79,156,797.0
85132A,CHARLIE + LOLA BISCUITS TINS,5.55,1.95,9.95,143,1179.0
85132C,CHARLIE AND LOLA FIGURES TINS,3.79,1.95,9.95,189,1917.0
85183A,CHARLIE & LOLA WASTEPAPER BIN BLUE,2.11,0.75,3.75,132,1497.0
85183B,CHARLIE & LOLA WASTEPAPER BIN FLORA,2.03,0.75,3.75,154,1696.0
22065,CHRISTMAS PUDDING TRINKET POT,1.03,0.39,1.45,333,8257.0
22138,BAKING SET 9 PIECE RETROSPOT,4.96,1.0,10.79,1610,8419.0
22139,RETROSPOT TEA SET CERAMIC 11 PC,4.95,3.66,10.79,1823,9662.0
22352,LUNCH BOX WITH CUTLERY RETROSPOT,2.53,2.1,4.96,828,6660.0
85014A,BLACK/BLUE POLKADOT UMBRELLA,5.96,3.0,12.46,640,4564.0
85014B,RED RETROSPOT UMBRELLA,5.97,3.0,12.46,786,6005.0
16161P,WRAP ENGLISH ROSE,0.42,0.34,0.42,439,13173.0
16169N,WRAP BLUE RUSSIAN FOLKART,0.35,0.19,0.42,56,2025.0
21491,SET OF THREE VINTAGE GIFT WRAPS,1.93,1.65,1.95,219,2791.0
22333,RETROSPOT PARTY BAG + STICKER SET,1.64,1.45,3.29,588,8854.0
85216,ASSORTED CAKES FRIDGE MAGNETS,0.65,0.53,0.65,147,2766.0
21493,VINTAGE DESIGN GIFT TAGS,0.85,0.85,0.85,22,247.0
21731,RED TOADSTOOL LED NIGHT LIGHT,1.65,1.25,3.29,1024,26204.0
85232B,SET/3 RUSSIAN DOLL STACKING TINS,4.91,4.25,4.95,427,2630.0
84691,PACK 20 DOLLY PEGS,0.84,0.72,0.85,179,2616.0
20749,ASSORTED COLOUR MINI CASES,7.78,6.09,16.63,705,2942.0
22321,BIRD DECORATION RED SPOT,0.85,0.72,0.85,157,2224.0
84029E,RED WOOLLY HOTTIE WHITE HEART.,3.78,2.95,8.29,946,9221.0
21955,DOORMAT UNION JACK GUNS AND ROSES,7.28,4.0,8.25,569,3685.0
84899E,YELLOW + BROWN BEAR FELT PURSE KIT,1.25,1.25,1.25,14,46.0
85123A,WHITE HANGING HEART T-LIGHT HOLDER,2.87,1.9,5.79,4828,86556.0
21582,KINGS CHOICE SMALL TUBE MATCHES,1.65,1.65,1.65,16,117.0
21586,KINGS CHOICE GIANT TUBE MATCHES,2.51,2.1,2.55,233,2531.0
21590,KINGS CHOICE CIGAR BOX MATCHES,1.25,1.06,1.25,279,3412.0
22091,EMPIRE TISSUE BOX,0.86,0.39,2.46,240,3003.0
84251J,"GREETING CARD, THE BLACK CAT",0.42,0.42,0.42,4,60.0
22024,RAINY LADIES BIRTHDAY CARD,0.42,0.36,0.83,289,5119.0
22026,BANQUET BIRTHDAY  CARD,0.41,0.36,0.42,259,3856.0
22029,SPACEBOY BIRTHDAY CARD,0.42,0.36,0.83,859,16943.0
22025,RING OF ROSES BIRTHDAY CARD,0.41,0.36,0.42,202,3805.0
22031,BOTANICAL LAVENDER BIRTHDAY CARD,0.44,0.36,0.83,79,951.0
21428,SET3 BOOK BOX GREEN GINGHAM FLOWER,4.19,2.66,4.25,360,2739.0
21430,SET/3 RED GINGHAM ROSE STORAGE BOX,3.71,2.33,4.25,573,4127.0
21916,SET 12 RETRO WHITE CHALK STICKS,0.42,0.36,0.83,527,10177.0
21790,VINTAGE SNAP CARDS,0.85,0.58,1.63,1472,24923.0
21888,BINGO SET,3.78,3.39,7.46,620,3135.0
85178,VICTORIAN SEWING KIT,1.25,0.85,2.46,251,4994.0
20754,RETROSPOT RED WASHING UP GLOVES,2.08,1.69,2.1,663,4769.0
21035,SET/2 RED SPOTTY TEA TOWELS,3.07,2.55,6.63,614,5331.0
82001S,VINYL RECORD FRAME SILVER,3.73,3.39,7.46,193,2810.0
82580,BATHROOM METAL SIGN,0.55,0.42,1.25,917,12247.0
85150,LADIES & GENTLEMEN METAL SIGN,2.52,1.69,2.55,886,8060.0
21041,RED RETROSPOT OVEN GLOVE DOUBLE,2.94,2.55,2.95,328,2216.0
35916C,PINK FELT HANGING HEART W FLOWER,0.85,0.85,0.85,9,85.0
35916B,BLUE FELT HANGING HEART W FLOWER,0.85,0.85,0.85,5,37.0
22180,RETRO SPOT LAMP,9.89,8.5,9.95,341,891.0
22128,PARTY CONES CANDY ASSORTED,1.24,1.06,1.25,185,3855.0
22163,HEART STRING MEMO HOLDER HANGING,2.21,0.79,2.95,100,883.0
35951,FOLKART BAUBLE CHRISTMAS DECORATION,0.75,0.38,1.25,40,1339.0
22253,6 CROCHET STRAWBERRIES,1.24,1.06,1.25,69,937.0
84988,SET OF 72 PINK HEART PAPER DOILIES,1.46,1.25,2.92,617,7583.0
22219,LOVEBIRD HANGING DECORATION WHITE,0.85,0.72,1.63,718,8279.0
18097C,WHITE TALL PORCELAIN T-LIGHT HOLDER,2.51,1.25,2.55,158,1246.0
21299,EDWARDIAN TOILET ROLL UNIT,8.35,3.95,12.75,28,160.0
21099,SET/6 STRAWBERRY PAPER CUPS,0.63,0.1,0.65,28,13188.0
21085,SET/6 WOODLAND PAPER CUPS,0.64,0.1,0.65,56,13712.0
21929,JUMBO BAG PINK VINTAGE PAISLEY,1.98,1.33,4.13,1211,23234.0
22241,GARLAND WOODEN HAPPY EASTER,1.25,0.7,1.25,333,3802.0
21091,SET/6 WOODLAND PAPER PLATES,0.82,0.1,0.85,34,13668.0
21733,RED HANGING HEART T-LIGHT HOLDER,2.92,2.55,5.79,1623,16850.0
22178,VICTORIAN GLASS HANGING T-LIGHT,1.35,0.9,2.46,1423,36523.0
22125,UNION JACK HOT WATER BOTTLE,5.93,4.95,5.95,157,608.0
21671,RED SPOT CERAMIC DRAWER KNOB,1.26,0.85,1.49,563,8892.0
22086,PAPER CHAIN KIT 50'S CHRISTMAS,2.92,2.0,5.79,1674,27674.0
22294,HEART FILIGREE DOVE  SMALL,1.25,1.06,1.25,703,16164.0
22199,FRYING PAN RED POLKADOT,4.07,1.25,4.25,269,1125.0
22083,PAPER CHAIN KIT RETROSPOT,2.92,0.5,5.79,1062,11939.0
22114,HOT WATER BOTTLE TEA AND SYMPATHY,4.03,3.45,8.29,1285,8629.0
21485,RETROSPOT HEART HOT WATER BOTTLE,4.92,4.25,10.79,1216,7235.0
21928,JUMBO BAG SCANDINAVIAN PAISLEY,1.97,1.33,4.13,1153,21482.0
85099B,JUMBO BAG RED RETROSPOT,1.96,1.65,4.13,3193,87828.0
22356,CHARLOTTE BAG PINK POLKADOT,0.85,0.72,1.63,1081,15849.0
20724,RED RETROSPOT CHARLOTTE BAG,0.84,0.72,1.63,1483,25631.0
21592,RETROSPOT CIGAR BOX MATCHES,1.19,0.39,1.25,465,5837.0
20725,LUNCH BAG RED RETROSPOT,1.65,1.19,4.13,2528,35566.0
20728,LUNCH BAG CARS BLUE,1.65,1.19,4.13,1785,22375.0
20726,LUNCH BAG WOODLAND,1.65,1.45,4.13,1569,19969.0
21217,RED SPOTTY ROUND CAKE TINS,9.85,8.95,9.95,748,2643.0
85066,CREAM SWEETHEART MINI CHEST,12.66,7.93,24.96,764,2823.0
20827,GOLD APERITIF GLASS,1.63,0.39,2.12,8,173.0
20825,GOLD WINE GLASS,3.61,3.39,3.75,5,354.0
20823,GOLD WINE GOBLET,2.91,0.79,4.65,16,244.0
20826,SILVER APERITIF GLASS,1.35,0.39,2.12,14,355.0
22087,PAPER BUNTING WHITE LACE,2.89,2.55,2.95,656,7685.0
85206A,CREAM FELT EASTER EGG BASKET,1.64,1.45,1.65,283,2148.0
21895,POTTING SHED SOW 'N' GROW SET,4.2,1.4,4.25,70,529.0
21896,POTTING SHED TWINE,2.09,1.38,2.4,225,2294.0
84946,ANTIQUE SILVER TEA GLASS ETCHED,1.23,1.06,2.46,1312,30797.0
21977,PACK OF 60 PINK PAISLEY CAKE CASES,0.54,0.4,1.25,1545,53820.0
84991,60 TEATIME FAIRY CAKE CASES,0.54,0.4,1.25,1752,52468.0
22273,FELTCRAFT DOLL MOLLY,2.95,1.97,5.79,698,5757.0
22179,SET 10 LIGHTS NIGHT OWL,6.71,5.95,13.29,391,1771.0
22320,BIRDS MOBILE VINTAGE DESIGN,6.01,5.45,11.63,161,556.0
22232,JIGSAW TOADSTOOLS 3 PIECE,1.26,0.59,1.65,108,947.0
84598,BOYS ALPHABET IRON ON PATCHES,0.21,0.17,0.21,39,17665.0
79323S,SILVER CHERRY LIGHTS,6.69,5.45,6.75,41,295.0
84568,GIRLS ALPHABET IRON ON PATCHES,0.2,0.17,0.21,70,32928.0
21668,RED STRIPE CERAMIC DRAWER KNOB,1.28,1.06,3.29,610,9343.0
21669,BLUE STRIPE CERAMIC DRAWER KNOB,1.29,1.06,3.29,629,9787.0
21670,BLUE SPOT CERAMIC DRAWER KNOB,1.27,0.85,1.49,575,8040.0
21672,WHITE SPOT RED CERAMIC DRAWER KNOB,1.27,0.85,1.49,616,10199.0
21673,WHITE SPOT BLUE CERAMIC DRAWER KNOB,1.27,0.85,1.49,558,9112.0
85071A,BLUE CHARLIE+LOLA PERSONAL DOORSIGN,1.16,0.38,2.95,122,1687.0
85071B,RED CHARLIE+LOLA PERSONAL DOORSIGN,1.03,0.38,2.95,138,2289.0
21161,KEEP OUT BOYS DOOR HANGER,1.38,0.38,1.45,159,2200.0
21162,TOXIC AREA  DOOR HANGER,0.94,0.38,1.45,237,2241.0
21248,DOOR HANGER  MUM + DADS ROOM,1.41,0.38,1.45,131,936.0
21159,MOODY BOY  DOOR HANGER,1.03,0.38,1.45,213,1988.0
82494L,WOODEN FRAME ANTIQUE WHITE,2.91,2.55,7.46,1716,13250.0
82486,WOOD S/3 CABINET ANT WHITE FINISH,8.16,6.95,16.63,1149,4506.0
82483,WOOD 2 DRAWER CABINET WHITE FINISH,6.26,4.95,14.13,960,4359.0
90200D,PINK SWEETHEART BRACELET,4.24,3.75,4.25,55,199.0
90200E,GREEN SWEETHEART BRACELET,4.24,3.75,4.25,53,170.0
21212,PACK OF 72 RETROSPOT CAKE CASES,0.54,0.38,1.25,2486,88306.0
72756,FAIRY CAKE CANDLES,1.47,1.25,1.49,126,3976.0
22063,CERAMIC BOWL WITH STRAWBERRY DESIGN,2.85,0.79,2.95,252,2153.0
37450,CERAMIC CAKE BOWL + HANGING CAKES,2.87,2.55,2.95,305,2321.0
90200A,PURPLE SWEETHEART BRACELET,4.25,4.25,4.25,43,118.0
90200C,BLUE SWEETHEART BRACELET,4.25,4.25,4.25,40,133.0
90200B,BLACK SWEETHEART BRACELET,4.25,4.25,4.25,44,140.0
90185C,BLACK DIAMANTE EXPANDABLE RING,4.25,4.25,4.25,15,31.0
90185B,AMETHYST DIAMANTE EXPANDABLE RING,4.25,4.25,4.25,10,26.0
90003C,MIDNIGHT BLUE PAIR HEART HAIR SLIDE,3.75,3.75,3.75,9,21.0
90003D,CRYSTAL PAIR HEART HAIR SLIDES,3.75,3.75,3.75,14,31.0
90003B,ROSE COLOUR PAIR HEART HAIR SLIDES,3.75,3.75,3.75,8,20.0
90209C,PINK ENAMEL+GLASS HAIR COMB,2.04,1.75,2.1,23,327.0
90209A,PURPLE ENAMEL+GLASS HAIR COMB,1.98,1.75,2.1,9,167.0
90082D,DIAMANTE BOW BROOCH BLACK COLOUR,6.35,6.35,6.35,35,83.0
21707,FOLDING UMBRELLA BLACKBLUE POLKADOT,4.88,1.95,9.96,132,952.0
21710,FOLDING UMBRELLA PINKWHITE POLKADOT,4.61,1.95,9.96,85,689.0
21708,FOLDING UMBRELLA  CREAM/MULTI  SPOT,4.7,1.95,4.95,87,546.0
21706,FOLDING UMBRELLA RED/WHITE POLKADOT,4.78,1.95,9.96,177,1189.0
21711,FOLDING UMBRELLA WHITE/RED POLKADOT,4.7,1.95,4.95,54,359.0
20747,PICCADILLY TEA SET,14.73,12.75,14.95,69,307.0
20752,BLUE POLKADOT WASHING UP GLOVES,2.08,0.85,2.1,265,1312.0
20753,RETRO PINK SPOT WASHING UP GLOVES,2.06,0.5,2.1,38,187.0
20751,FUNKY WASHING UP GLOVES ASSORTED,2.1,1.69,2.1,408,2736.0
48185,DOORMAT FAIRY CAKE,7.46,4.0,15.79,724,5676.0
21481,FAWN BLUE HOT WATER BOTTLE,3.13,2.55,5.79,814,6750.0
85042,ANTIQUE LILY FAIRY LIGHTS,4.83,4.25,4.95,269,2602.0
72760B,VINTAGE CREAM 3 BASKET CAKE STAND,9.86,8.49,9.95,439,1552.0
21482,MUSHROOM BLUE HOT WATER BOTTLE,2.94,2.55,2.95,136,665.0
21484,CHICK GREY HOT WATER BOTTLE,3.62,2.95,7.46,672,4023.0
20967,GREY FLORAL FELTCRAFT SHOULDER BAG,3.74,2.66,3.75,272,1017.0
20970,PINK FLORAL FELTCRAFT SHOULDER BAG,3.76,2.66,7.46,503,2402.0
84582,PINK CROCHET CAT WITH SCARF,4.25,4.25,4.25,9,11.0
20972,PINK CREAM FELT CRAFT TRINKET BOX,1.26,0.89,2.46,1216,18584.0
84327A,PINK JUMPER LARRY THE LAMB,2.06,1.69,2.1,117,949.0
21490,SET OF THREE 50'S GIFT WRAPS,1.91,1.65,1.95,37,598.0
21063,PARTY INVITES JAZZ HEARTS,0.86,0.72,1.63,198,1363.0
21058,PARTY INVITES WOODLAND,0.85,0.72,1.63,206,2204.0
84997D,PINK 3 PIECE MINI DOTS CUTLERY SET,3.88,2.29,8.29,987,10212.0
84997C,BLUE 3 PIECE MINI DOTS CUTLERY SET,3.84,2.29,4.15,879,8446.0
22301,COFFEE MUG CAT + BIRD DESIGN,2.52,1.12,2.55,456,4677.0
22300,COFFEE MUG DOG + BALL DESIGN,2.52,1.12,2.55,405,3892.0
21231,SWEETHEART CERAMIC TRINKET BOX,1.25,1.06,2.46,1161,18361.0
20870,OPULENT VELVET CANDLE IN BOX,1.89,1.25,2.1,4,26.0
90121B,VINTAGE ROSE BEAD BRACELET BLUE,4.25,4.25,4.25,8,16.0
90175A,WHITE GLASS CHUNKY CHARM BRACELET,8.7,2.5,8.95,26,61.0
90195B,BLACK GEMSTONE BRACELET,8.63,2.95,8.95,19,41.0
90062,CARNIVAL BRACELET,12.75,12.75,12.75,35,109.0
21930,JUMBO STORAGE BAG SKULLS,1.98,1.3,2.08,994,12302.0
21472,LADYBIRD + BEE RAFFIA FOOD COVER,3.74,2.95,3.75,235,999.0
47566B,TEA TIME PARTY BUNTING,4.73,3.75,4.95,648,5340.0
22275,WEEKEND BAG VINTAGE ROSE PAISLEY,8.36,7.65,8.5,273,892.0
21479,WHITE SKULL HOT WATER BOTTLE,3.88,3.39,4.25,736,4535.0
21791,VINTAGE HEADS AND TAILS CARD GAME,1.26,1.06,2.46,1041,14939.0
71477,COLOUR GLASS. STAR T-LIGHT HOLDER,3.24,2.75,6.63,678,13480.0
37449,CERAMIC CAKE STAND + HANGING CAKES,9.55,6.79,9.95,367,2082.0
37446,MINI CAKE STAND WITH HANGING CAKES,1.42,1.25,1.45,310,3495.0
21258,VICTORIAN SEWING BOX LARGE,12.6,10.95,24.96,326,1186.0
20892,SET/3 TALL GLASS CANDLE HOLDER PINK,10.5,3.95,12.75,22,84.0
47591D,PINK FAIRY CAKE CHILDRENS APRON,1.95,1.19,4.13,1033,9156.0
21867,PINK UNION JACK  LUGGAGE TAG,1.26,1.06,2.46,200,972.0
82551,LAUNDRY 15C METAL SIGN,1.38,1.06,2.46,550,5350.0
82567,"AIRLINE LOUNGE,METAL SIGN",2.08,1.63,2.1,290,892.0
82613D,METAL SIGN CUPCAKE SINGLE HOOK,1.13,0.42,1.25,126,852.0
21179,NO JUNK MAIL METAL SIGN,0.98,0.38,1.25,359,4039.0
21865,PINK UNION JACK  PASSPORT COVER,2.1,1.69,2.1,206,759.0
72783,BLACK SIL'T SQU CANDLE PLATE,2.1,2.1,2.1,7,40.0
20719,WOODLAND CHARLOTTE BAG,0.84,0.72,1.63,1050,18824.0
21869,POTTING SHED COFFEE MUG,1.21,1.06,1.25,103,1245.0
21876,POTTERING MUG,1.31,0.42,3.29,396,5228.0
84849B,FAIRY SOAP SOAP HOLDER,1.68,1.45,1.69,225,1807.0
21864,UNION JACK FLAG PASSPORT COVER,2.08,1.69,2.1,259,1483.0
21470,FLOWER VINE RAFFIA FOOD COVER,3.78,2.95,7.46,265,1008.0
20897,VINTAGE NOTEBOOK PARIS DAYS,2.89,1.25,2.95,35,286.0
44230,SQUARE MIRROR CURTAIN,7.61,6.36,7.95,42,200.0
37485,ENGLISH ROSE TEA SET IN GIFT BOX,4.6,3.81,4.65,15,49.0
84997A,GREEN 3 PIECE MINI DOTS CUTLERY SET,3.88,2.29,8.29,543,5092.0
21245,GREEN  SPOTTY PLATE,1.69,1.45,3.29,254,2434.0
21241,GREEN SPOTTY CUP,0.85,0.72,0.85,215,2140.0
21705,BAG 500g SWIRLY MARBLES,1.56,0.39,3.29,181,2377.0
21913,VINTAGE SEASIDE JIGSAW PUZZLES,3.77,3.39,7.46,203,986.0
16207A,PINK STRAWBERRY HANDBAG,2.95,2.95,2.95,19,55.0
21821,GLITTER STAR GARLAND WITH BELLS,3.74,3.39,3.75,105,638.0
22319,HAIRCLIPS FORTIES FABRIC ASSORTED,0.62,0.19,0.65,159,2897.0
21584,RETROSPOT SMALL TUBE MATCHES,1.65,1.45,1.65,345,3736.0
21931,JUMBO STORAGE BAG SUKI,1.98,1.3,4.13,1671,23704.0
47591A,CAROUSEL DES CHILD'S APRON,1.65,1.65,1.65,36,98.0
84997B,RED 3 PIECE MINI DOTS CUTLERY SET,3.85,2.29,8.29,925,8513.0
22122,SET OF 2 FANCY FONT TEA TOWELS,2.95,2.55,2.95,156,1053.0
21837,CROSS STITCH ALPHABET CUSHION COVER,5.95,5.95,5.95,70,216.0
84951A,SET OF 4 PISTACHIO LOVEBIRD COASTER,1.43,0.79,2.55,45,437.0
22335,HEART DECORATION PAINTED ZINC,0.65,0.55,1.25,330,7668.0
85129A,"WHITE PEARL BEADED HEART, SMALL",1.25,1.25,1.25,61,416.0
84791,GINGHAM HEART DECORATION,2.94,2.55,2.95,74,290.0
21244,BLUE POLKADOT PLATE,1.68,1.45,1.69,358,4647.0
20675,BLUE POLKADOT BOWL,1.24,1.06,2.46,529,5802.0
82616B,FRAPPUCINO SCARF KNITTING KIT,2.02,1.25,2.95,75,533.0
22276,WASH BAG VINTAGE ROSE PAISLEY,2.52,2.1,2.55,302,1779.0
84912B,GREEN ROSE WASHBAG,3.73,2.0,3.75,84,870.0
85014C,BLUE/BROWN DOTS RUFFLED UMBRELLA,5.89,3.0,5.95,64,347.0
85014D,PINK/BROWN DOTS RUFFLED UMBRELLA,5.82,3.0,5.95,86,1912.0
21326,AGED GLASS SILVER T-LIGHT HOLDER,0.64,0.55,0.65,529,16931.0
84949,SILVER HANGING T-LIGHT HOLDER,1.64,1.45,1.65,584,10129.0
21908,CHOCOLATE THIS WAY METAL SIGN,2.11,1.48,4.13,797,9354.0
21371,MIRRORED WALL ART POPPIES,1.28,0.75,2.55,41,368.0
85152,HAND OVER THE CHOCOLATE   SIGN,2.08,1.4,5.0,1290,15942.0
21133,PAINTED BIRD ASSORTED CHRISTMAS,1.69,1.69,1.69,41,409.0
20984,12 PENCILS TALL TUBE POSY,0.45,0.19,0.85,224,5797.0
20982,12 PENCILS TALL TUBE SKULLS,0.85,0.72,0.85,485,4588.0
84971L,LARGE HEART FLOWERS HOOK,1.24,1.06,1.25,43,544.0
90168,2 DAISIES HAIR COMB,2.95,2.95,2.95,2,12.0
84884A,ANT WHITE WIRE HEART SPIRAL,3.94,1.95,8.29,269,1654.0
90013C,GREEN VINTAGE EARRINGS,3.75,3.75,3.75,10,35.0
90023,FILIGREE DIAMANTE EARRINGS,4.25,4.25,4.25,11,21.0
90067A,PINK VINTAGE VICTORIAN EARRINGS,2.95,2.95,2.95,8,25.0
90067B,BROWN VINTAGE VICTORIAN EARRINGS,2.95,2.95,2.95,2,12.0
90145,SILVER HOOP EARRINGS WITH FLOWER,5.95,5.95,5.95,23,50.0
90000A,RASPBERRY ANT COPPER FLOWER NECKLAC,5.95,5.95,5.95,14,25.0
90024B,NEW BAROQUE B'FLY NECKLACE RED,8.5,8.5,8.5,5,7.0
90036D,"FLOWER GLASS GARLAND NECKL.36""BLACK",7.95,7.95,7.95,12,34.0
90134,OLD ROSE COMBO BEAD NECKLACE,2.95,2.95,2.95,2,12.0
90131,PINK/AMETHYST/GOLD NECKLACE,6.95,6.95,6.95,4,9.0
90199C,5 STRAND GLASS NECKLACE CRYSTAL,6.32,5.49,6.35,25,93.0
35751C,PURPLE CURRENT CANDLE RING,0.47,0.19,0.75,2,31.0
72739B,WHITE CHOCOLATE SCENT CANDLE,0.89,0.65,1.25,10,351.0
22212,FOUR HOOK  WHITE LOVEBIRDS,2.1,0.79,4.13,592,3688.0
48187,DOORMAT NEW ENGLAND,7.5,4.0,8.25,1145,7088.0
48195,DOOR MAT GREEN PAISLEY,7.13,4.0,7.49,72,251.0
72741,GRAND CHOCOLATECANDLE,1.42,1.25,1.45,819,19248.0
85232D,SET/3 DECOUPAGE STACKING TINS,4.93,4.25,4.95,173,627.0
20828,GLITTER BUTTERFLY CLIPS,2.53,2.1,2.55,498,4196.0
22080,RIBBON REEL SPOTS DESIGN,1.65,1.45,1.65,435,3704.0
22082,RIBBON REEL STRIPES DESIGN,1.66,1.45,3.29,815,6847.0
21784,SHOE SHINE BOX,9.94,8.5,9.95,131,224.0
21172,PARTY METAL SIGN,1.46,1.25,4.13,801,7396.0
82600,NO SINGING METAL SIGN,2.07,1.69,2.41,999,12247.0
22282,12 EGG HOUSE PAINTED WOOD,12.69,8.0,24.96,142,474.0
21842,PINK HEART CANDY BUTTON CALCULATOR,2.5,2.1,2.55,38,541.0
22089,PAPER BUNTING VINTAGE PAISLEY,2.93,2.0,2.95,420,3190.0
20734,SILVER MINI TAPE MEASURE,0.84,0.72,0.85,68,1379.0
35071,ASSORTED SANTA CHRISTMAS DECORATION,0.85,0.85,0.85,5,48.0
22121,NOEL WOODEN BLOCK LETTERS,5.97,5.45,11.63,385,1409.0
84836,ZINC METAL HEART DECORATION,1.25,1.06,2.46,1239,19253.0
37492A,YELLOW RED FLOWER PIGGY BANK,3.36,1.65,4.65,7,104.0
10133,COLOURING PENCILS BROWN TUBE,0.66,0.42,0.85,201,3287.0
22113,GREY HEART HOT WATER BOTTLE,3.87,2.95,7.46,909,5602.0
20782,CAMOUFLAGE EAR MUFF HEADPHONES,5.53,1.95,10.79,48,93.0
22190,LOCAL CAFE MUG,1.96,0.39,2.46,124,1164.0
84029G,KNITTED UNION FLAG HOT WATER BOTTLE,3.82,3.39,7.46,748,5661.0
21489,BLUE WHITE SCARF HOT WATER BOTTLE,3.95,3.95,3.95,6,16.0
20987,GEISHA GIRL CHOPSTICKS SET/5,1.95,1.95,1.95,12,117.0
20989,URBAN CHIC CHOPSTICKS SET/5,1.94,1.65,1.95,48,397.0
21868,POTTING SHED TEA MUG,1.27,0.8,3.29,712,8650.0
21875,KINGS CHOICE MUG,1.28,0.85,3.29,325,6657.0
21826,EIGHT PIECE DINOSAUR SET,1.25,1.06,1.25,187,1677.0
21827,EIGHT PIECE CREEPY CRAWLIE SET,1.25,1.06,1.25,119,810.0
21828,EIGHT PIECE SNAKE  SET,1.25,1.06,1.25,146,1060.0
16225,RATTLE SNAKE EGGS,1.18,0.38,3.29,112,1420.0
21829,DINOSAUR KEYRINGS ASSORTED,0.21,0.18,0.42,296,13868.0
21638,ASSORTED TUTTI FRUTTI NOTEBOOK,2.1,2.1,2.1,118,982.0
22218,CAKE STAND LACE WHITE,4.19,3.75,4.25,180,1083.0
22222,CAKE PLATE LOVEBIRD WHITE,4.62,1.95,4.95,295,1215.0
22305,COFFEE MUG PINK PAISLEY DESIGN,2.54,1.47,4.96,125,2224.0
22304,COFFEE MUG BLUE PAISLEY DESIGN,2.51,1.12,4.96,140,2318.0
22302,COFFEE MUG PEARS  DESIGN,2.51,1.12,4.96,350,4801.0
22303,COFFEE MUG APPLES DESIGN,2.51,1.12,4.96,474,5231.0
22127,PARTY CONES CARNIVAL ASSORTED,1.24,1.06,1.25,144,3397.0
21143,ANTIQUE GLASS HEART DECORATION,1.94,1.65,1.95,151,1991.0
21639,ASSORTED TUTTI FRUTTI KEYRING,0.85,0.85,0.85,13,249.0
22154,ANGEL DECORATION 3 BUTTONS,0.42,0.36,0.42,224,6705.0
22155,STAR DECORATION RUSTIC,0.42,0.42,0.42,220,5439.0
21889,WOODEN BOX OF DOMINOES,1.26,1.06,2.46,865,11671.0
85045,GREEN CHRISTMAS TREE STRING 20LIGHT,4.89,4.25,4.95,69,453.0
85044,RED REINDEER STRING OF 20 LIGHTS,4.87,4.25,4.95,26,131.0
21587,COSY HOUR GIANT TUBE MATCHES,2.54,2.1,2.55,254,2047.0
21588,RETROSPOT GIANT TUBE MATCHES,2.52,2.1,2.55,282,3327.0
21818,GLITTER CHRISTMAS HEART,0.66,0.39,1.63,261,4104.0
21819,GLITTER CHRISTMAS STAR,0.66,0.39,1.63,231,3780.0
21817,GLITTER CHRISTMAS TREE,0.69,0.39,0.85,121,1671.0
48111,DOORMAT 3 SMILEY CATS,7.32,4.0,8.25,570,4057.0
20685,DOORMAT RED RETROSPOT,7.42,4.0,15.79,1458,9201.0
48194,DOORMAT HEARTS,7.54,4.0,15.79,1132,7427.0
21495,SKULLS AND CROSSBONES WRAP,0.42,0.34,0.42,373,12365.0
47505,MINATURE COLOURED GARDENING SET,4.85,2.0,4.95,158,710.0
10135,COLOURING PENCILS BROWN TUBE,1.22,0.25,2.46,248,3877.0
37492C,GREEN BLUE FLOWER PIGGY BANK,3.74,1.65,4.65,22,240.0
20677,PINK POLKADOT BOWL,1.25,1.06,2.46,543,6878.0
20676,RED RETROSPOT BOWL,1.24,1.06,2.46,714,9287.0
21086,SET/6 RED SPOTTY PAPER CUPS,0.65,0.53,1.63,617,14298.0
21948,SET OF 6 CAKE CHOPSTICKS,1.32,1.06,2.46,114,1990.0
21833,CAMOUFLAGE LED TORCH,1.68,1.45,1.69,334,5883.0
21832,CHOCOLATE CALCULATOR,1.68,1.45,3.29,281,2995.0
22315,200 RED + WHITE BENDY STRAWS,1.25,1.06,1.25,296,1930.0
21870,I CAN ONLY PLEASE ONE PERSON MUG,1.24,1.06,1.25,535,5871.0
22115,METAL SIGN EMPIRE TEA,2.18,0.79,5.79,350,2709.0
21166,COOK WITH WINE METAL SIGN,1.98,1.4,2.41,1217,19111.0
21175,GIN + TONIC DIET METAL SIGN,2.27,1.4,2.67,1417,18181.0
21174,POTTERING IN THE SHED METAL SIGN,1.99,1.4,2.4,855,9247.0
22197,SMALL POPCORN HOLDER,0.84,0.72,1.63,1746,76686.0
21094,SET/6 RED SPOTTY PAPER PLATES,0.83,0.64,0.85,690,16600.0
72724,SET/6 CHRISTMAS ICICLE T-LIGHTS,1.25,1.25,1.25,9,34.0
22103,MIRROR MOSAIC T-LIGHT HOLDER ROUND,1.62,1.25,1.65,46,649.0
37424,WHITE WITH BLACK CATS MUG,0.82,0.13,0.85,46,3041.0
21136,PAINTED METAL PEARS ASSORTED,1.69,1.45,3.12,712,10035.0
21238,RED SPOTTY CUP,0.85,0.72,1.63,691,8524.0
21240,BLUE  SPOTTY CUP,0.84,0.72,0.85,563,6740.0
21239,PINK  SPOTTY CUP,0.85,0.72,1.63,547,6436.0
84007,MAGIC GARDEN MOUNT FUJI,2.55,2.55,2.55,37,152.0
84012,MAGIC SHEEP WOOL GROWING FROM PAPER,1.65,0.85,2.55,154,1661.0
22077,6 RIBBONS RUSTIC CHARM,1.72,1.45,3.29,1352,15946.0
85049A,TRADITIONAL CHRISTMAS RIBBONS,1.27,1.06,2.46,553,5705.0
85049E,SCANDINAVIAN REDS RIBBONS,1.27,1.06,2.46,678,5908.0
22075,6 RIBBONS ELEGANT CHRISTMAS,1.59,0.39,3.29,255,2789.0
22076,6 RIBBONS EMPIRE,1.55,0.39,1.65,240,2100.0
79323LP,LIGHT PINK CHERRY LIGHTS,6.44,5.45,6.75,140,1274.0
79342B,BROWN FLOWER LIGHTS,6.69,5.45,6.75,23,105.0
79341,WILLOW BRANCH LIGHTS.,6.62,5.45,6.75,59,693.0
21976,PACK OF 60 MUSHROOM CAKE CASES,0.55,0.42,1.25,711,14005.0
21498,RED RETROSPOT WRAP,0.42,0.34,0.42,796,26572.0
84948,SILVER HANGING T-LIGHT HOLDER DOME,1.65,1.65,1.65,33,268.0
21537,RED RETROSPOT PUDDING BOWL,4.24,3.75,4.25,223,962.0
20718,RED RETROSPOT SHOPPER BAG,1.25,1.06,2.46,859,12209.0
21539,RED RETROSPOT BUTTER DISH,4.9,4.25,4.95,555,2540.0
16169F,WRAP BLIZZARD,0.42,0.42,0.42,34,975.0
21527,RED RETROSPOT TRADITIONAL TEAPOT,7.83,4.75,7.95,701,3180.0
21533,RETRO SPOT LARGE MILK JUG,4.89,4.25,4.95,837,3156.0
21531,RED RETROSPOT SUGAR JAM BOWL,2.52,2.1,2.55,604,3860.0
20914,SET/5 RED RETROSPOT LID GLASS BOWLS,2.93,2.55,5.79,1754,17813.0
21242,RED RETROSPOT PLATE,1.68,1.45,1.69,516,6445.0
21535,RED RETROSPOT SMALL MILK JUG,2.54,2.1,2.55,953,6560.0
21844,RED RETROSPOT MUG,2.9,2.55,2.95,422,5183.0
22073,RED RETROSPOT STORAGE JAR,3.72,3.39,3.75,356,1913.0
22072,RED RETROSPOT TEA CUP AND SAUCER,3.64,1.25,3.75,399,2164.0
15056BL,EDWARDIAN PARASOL BLACK,5.79,1.95,12.46,779,9208.0
15056N,EDWARDIAN PARASOL NATURAL,5.79,1.95,12.46,857,10858.0
46000S,POLYESTER FILLER PAD 40x40cm,1.45,1.45,1.45,364,3381.0
20964,POLYESTER FILLER PAD 60x40cm,2.55,2.55,2.55,6,20.0
20682,RED RETROSPOT CHILDRENS UMBRELLA,3.27,2.75,6.63,474,2888.0
84832,ZINC WILLIE WINKIE  CANDLE STICK,0.86,0.72,1.63,441,6154.0
85063,CREAM SWEETHEART MAGAZINE RACK,16.77,14.95,16.95,122,210.0
48129,DOORMAT TOPIARY,7.51,4.0,15.79,482,3025.0
22030,SWALLOWS GREETING CARD,0.42,0.36,0.83,600,12316.0
21081,SET/20 POSIES PAPER NAPKINS,0.85,0.85,0.85,4,4.0
20773,BLUE PAISLEY NOTEBOOK,1.63,0.15,1.65,94,3302.0
20767,BLUE PAISLEY JOURNAL,2.52,0.85,4.96,147,744.0
22028,PENNY FARTHING BIRTHDAY CARD,0.42,0.36,0.83,365,6083.0
20622,VIPPASSPORT COVER,2.05,0.75,2.1,82,523.0
21122,SET/10 PINK POLKADOT PARTY CANDLES,1.25,1.06,2.46,736,12028.0
21124,SET/10 BLUE SPOTTY PARTY CANDLES,1.25,1.06,1.25,597,9915.0
20657,TROPICAL LUGGAGE TAG,1.24,0.15,2.46,71,1692.0
16156N,"WRAP, FRIENDSHIP ON GREEN",0.42,0.42,0.42,55,1450.0
20673,STRAWBERRIES PRINT BOWL,1.25,1.25,1.25,2,5.0
84520B,PACK 20 ENGLISH ROSE PAPER NAPKINS,0.84,0.64,0.85,527,6586.0
20619,TROPICAL PASSPORT COVER,2.15,0.75,4.13,68,373.0
21866,UNION JACK FLAG LUGGAGE TAG,1.27,1.06,2.46,294,1659.0
20660,VIP LUGGAGE TAG,1.25,1.25,1.25,26,71.0
20777,CHRYSANTHEMUM NOTEBOOK,1.63,0.15,1.65,94,3525.0
20774,GREEN FERN NOTEBOOK,1.63,0.15,1.65,75,3418.0
22037,ROBOT BIRTHDAY CARD,0.42,0.36,0.83,474,6751.0
22036,DINOSAUR BIRTHDAY CARD,0.42,0.36,0.42,109,1570.0
21726,MULTI HEARTS  STICKERS,0.85,0.72,0.85,126,1036.0
21544,SKULLS  WATER TRANSFER TATTOOS,0.84,0.65,0.85,364,5746.0
21004,ROSE DU SUD CHILDS APRON,4.25,4.25,4.25,48,105.0
84402D,PINK DRESS JEWELLERY STAND,1.61,0.85,2.95,11,371.0
84660B,BLACK STITCHED WALL CLOCK,2.16,0.79,3.75,44,727.0
21429,RED GINGHAM ROSE JEWELLERY BOX,1.71,1.45,1.95,760,5897.0
72754B,F FAIRY POTPOURRI CUSHIONS LAVENDER,1.17,0.65,1.69,8,170.0
21500,PINK POLKADOT WRAP,0.42,0.34,0.42,489,15850.0
21431,GREEN GINGHAM FLOWER JEWELLERY BOX,1.65,1.45,1.65,225,1412.0
20748,KENSINGTON COFFEE SET,12.16,3.95,12.75,114,359.0
72802B,OCEAN SCENT CANDLE IN JEWELLED BOX,4.2,0.5,4.25,185,1079.0
79029,GLASS HONEYPOT WASP CATCHER,1.93,1.65,1.95,290,2840.0
21591,COSY HOUR CIGAR BOX MATCHES,1.25,1.06,1.25,355,3301.0
72801E,S/4 FESTIVE GREEN DINNER CANDLES,1.14,0.42,1.25,23,768.0
21034,REX CASH+CARRY JUMBO SHOPPER,0.95,0.95,0.95,1849,3865.0
85049D,BRIGHT BLUES RIBBONS,1.25,1.06,1.25,372,2283.0
21985,PACK OF 12 HEARTS DESIGN TISSUES,0.31,0.2,0.83,732,24706.0
21980,PACK OF 12 RED RETROSPOT TISSUES,0.31,0.2,0.83,564,30910.0
16235,RECYCLED PENCIL WITH RABBIT ERASER,0.21,0.16,0.42,157,4956.0
84347,ROTATING SILVER ANGELS T-LIGHT HLDR,2.57,1.66,4.96,523,19240.0
84990,60 GOLD AND SILVER FAIRY CAKE CASES,0.54,0.4,0.55,159,4153.0
85231E,STRAWBERRY SCENTED SET/9 T-LIGHTS,0.85,0.72,0.85,92,803.0
85231B,CINAMMON SET OF 9 T-LIGHTS,0.87,0.72,1.63,286,1868.0
72008,FROSTED BOX 9 WHITE T-LIGHT CANDLES,0.42,0.36,0.42,193,3699.0
22071,SMALL WHITE RETROSPOT MUG IN BOX,3.73,0.5,7.46,233,1222.0
22070,SMALL RED RETROSPOT MUG IN BOX,3.81,0.5,7.46,270,1437.0
84270,ASSTD DESIGN BUBBLE GUM RING,0.21,0.16,0.21,379,20730.0
85049C,ROMANTIC PINKS RIBBONS,1.25,1.06,2.46,457,2903.0
84352,SILVER CHRISTMAS TREE BAUBLE STAND,16.72,14.95,16.95,114,193.0
79067,CORONA MEXICAN TRAY,3.72,2.95,3.75,274,1449.0
22203,MILK PAN RED RETROSPOT,3.68,1.25,7.46,269,1224.0
21353,SILVER SLEIGHBELL  WREATH,7.95,7.95,7.95,8,18.0
21540,DAIRY MAID CERAMIC BUTTER DISH,4.19,1.25,4.25,70,1293.0
21538,DAIRY MAID  PUDDING BOWL,3.69,1.25,3.75,44,1296.0
21534,DAIRY MAID LARGE MILK JUG,4.91,4.25,4.95,289,841.0
85053,FRENCH ENAMEL CANDLEHOLDER,2.13,1.69,4.13,275,1837.0
22118,JOY WOODEN BLOCK LETTERS,4.73,1.25,11.63,242,763.0
21375,LARGE CAMPHOR WOOD FIELD MUSHROOM,4.8,1.25,5.45,28,93.0
22186,RED STAR CARD HOLDER,2.67,1.95,5.79,279,1841.0
47504K,ENGLISH ROSE GARDEN SECATEURS,1.37,0.79,1.95,262,2568.0
47504F,ENGLISH ROSE TORCH,1.54,0.25,1.65,13,526.0
21809,CHRISTMAS HANGING TREE WITH BELL,0.95,0.39,2.46,148,2868.0
21186,WHITE DOVE HONEYCOMB PAPER GARLAND,1.62,1.45,1.65,274,5017.0
21611,SET OF 12 LILY BOTANICAL T-LIGHTS,2.94,2.55,2.95,134,735.0
21480,PINK STRIPE HOT WATER BOTTLE,2.92,2.55,2.95,38,245.0
85170A,SET/6 IVORY BIRD T-LIGHT CANDLES,1.97,0.85,2.1,62,799.0
85033S,SET/6 SILVER REINDEER T-LIGHTS,0.98,0.65,1.95,38,241.0
35991,SET/6 BLACK SNOWFLAKE T-LIGHTS,0.58,0.42,1.69,47,387.0
22185,SLATE TILE NATURAL HANGING,1.62,0.79,3.29,374,3737.0
21786,POLKADOT RAIN HAT,0.43,0.32,0.83,215,6818.0
84388,WISE MAN STAR SHAPE EGG PAN,1.49,0.39,1.65,22,70.0
21918,SET 12 KIDS COLOUR  CHALK STICKS,0.42,0.36,0.83,582,14110.0
51012C,"FEATHER DUSTER, COAL BLACK",1.25,1.25,1.25,26,170.0
84671B,CROCHET BEAR WITH BLUE STRIPES,2.55,2.55,2.55,24,98.0
21747,SMALL SKULL WINDMILL,1.24,1.05,1.25,125,1857.0
22330,72 ROUND PINK DOILIES,1.45,1.45,1.45,14,103.0
84375,SET OF 20 KIDS COOKIE CUTTERS,2.09,1.65,4.13,609,7202.0
84952B,BLACK LOVE BIRD T-LIGHT HOLDER,3.04,0.85,7.46,20,308.0
20961,STRAWBERRY BATH SPONGE,1.27,1.06,2.46,312,3038.0
20960,WATERMELON BATH SPONGE,1.25,1.06,1.25,141,1739.0
20966,SANDWICH BATH SPONGE,1.25,1.06,1.25,231,2575.0
17164D,ASS COL SMALL SAND FROG P'WEIGHT,0.42,0.37,0.42,27,1144.0
21890,S/6 WOODEN SKITTLES IN COTTON BAG,3.06,1.98,5.79,411,3296.0
85170D,SET/6 PINK BIRD T-LIGHT CANDLES,2.11,0.85,4.13,76,573.0
17091J,VANILLA INCENSE IN TIN,0.73,0.38,1.25,161,3931.0
20975,12 PENCILS SMALL TUBE RED RETROSPOT,0.65,0.55,0.65,746,15898.0
21440,12 MINI TOADSTOOL PEGS,1.25,1.25,1.25,88,465.0
22174,PHOTO CUBE,1.69,1.25,3.29,303,3928.0
22150,3 STRIPEY MICE FELTCRAFT,1.95,1.33,4.13,823,6870.0
22147,FELTCRAFT BUTTERFLY HEARTS,1.45,1.18,3.29,1022,11740.0
21356,TOAST ITS - FAIRY FLOWER,1.23,0.83,2.46,177,1148.0
21357,TOAST ITS - DINOSAUR,1.25,1.05,1.25,163,1262.0
21677,HEARTS  STICKERS,0.88,0.72,1.63,194,1937.0
21680,WOODLAND  STICKERS,0.85,0.72,0.85,149,2652.0
21730,GLASS STAR FROSTED T-LIGHT HOLDER,4.92,4.25,9.96,258,1044.0
21788,KIDS RAIN MAC BLUE,0.85,0.65,1.63,171,3162.0
21789,KIDS RAIN MAC PINK,0.85,0.65,1.63,172,2680.0
70007,HI TEC ALPINE HAND WARMER,1.49,0.42,1.65,103,1077.0
70006,LOVE HEART POCKET WARMER,1.4,0.42,1.65,171,4184.0
21650,ASSORTED TUTTI FRUTTI BRACELET,0.4,0.19,0.65,100,2767.0
21892,TRADITIONAL WOODEN CATCH CUP GAME,1.27,1.06,2.46,598,7243.0
85227,SET OF 6 3D KIT CARDS FOR KIDS,0.86,0.64,1.63,288,3096.0
20655,QUEEN OF SKIES LUGGAGE TAG,1.27,1.06,2.46,91,264.0
21990,MODERN FLORAL STATIONERY SET,1.81,1.25,2.95,233,1786.0
21934,SKULL SHOULDER BAG,1.63,1.45,1.65,344,3248.0
21578,WOODLAND DESIGN  COTTON TOTE BAG,2.24,1.75,2.25,276,1908.0
21579,LOLITA  DESIGN  COTTON TOTE BAG,2.14,0.85,2.25,88,949.0
21577,SAVE THE PLANET COTTON TOTE BAG,2.23,1.75,2.25,328,2198.0
20713,JUMBO BAG OWLS,1.97,1.65,4.13,906,18791.0
20712,JUMBO BAG WOODLAND ANIMALS,1.99,1.65,4.13,910,15476.0
16047,POP ART PEN CASE & PENS,0.82,0.08,0.85,22,5403.0
21561,DINOSAUR LUNCH BOX WITH CUTLERY,2.55,2.1,4.96,441,2864.0
20814,SILVER FINCH DECORATION,1.2,1.06,1.25,12,187.0
22068,BLACK PIRATE TREASURE CHEST,1.54,0.39,1.65,178,925.0
21377,SMALL CAMPHOR WOOD FIELD  MUSHROOM,1.48,0.39,1.65,42,420.0
21379,CAMPHOR WOOD PORTOBELLO MUSHROOM,1.15,0.39,1.25,52,541.0
20956,PORCELAIN T-LIGHT HOLDERS ASSORTED,1.26,0.85,2.46,140,2120.0
21018,BIRD BOX CHRISTMAS TREE DECORATION,0.85,0.85,0.85,37,207.0
35995,SET/6 BLACK GLITTER REINDEER CANDLE,0.84,0.42,2.1,4,4.0
22355,CHARLOTTE BAG SUKI DESIGN,0.84,0.72,1.63,1186,19360.0
21581,SKULLS  DESIGN  COTTON TOTE BAG,2.15,0.85,2.25,128,1027.0
20727,LUNCH BAG  BLACK SKULL.,1.64,1.19,1.65,1966,24228.0
21071,VINTAGE BILLBOARD DRINK ME MUG,1.23,0.8,2.46,282,3789.0
21068,VINTAGE BILLBOARD LOVE/HATE MUG,1.19,0.38,1.25,247,3781.0
22189,CREAM HEART CARD HOLDER,3.88,2.3,8.29,1119,15897.0
48179,DOOR MAT SWEET HOME,6.29,4.0,6.75,6,28.0
48188,DOORMAT WELCOME PUPPIES,7.51,4.0,15.79,590,4747.0
48184,DOORMAT ENGLISH ROSE,7.49,4.58,8.25,749,4589.0
21777,RECIPE BOX WITH METAL HEART,7.91,6.95,7.95,307,1047.0
20969,RED FLORAL FELTCRAFT SHOULDER BAG,3.78,2.66,7.46,516,2802.0
20968,GREEN FLORAL FELTCRAFT SHOULDER BAG,3.75,3.75,3.75,14,37.0
21737,SET 3 WICKER LOG BASKETS,19.73,16.95,19.95,163,397.0
84899F,YELLOW PURPLE DAISY FELT PURSE KIT,1.25,1.25,1.25,23,86.0
84898F,YELLOW FLOWERS FELT HANDBAG KIT,2.1,2.1,2.1,47,154.0
22207,FRYING PAN UNION FLAG,4.29,3.75,8.29,320,2704.0
21016,LIGHT BIRD HOUSE TREE DECORATION,0.81,0.42,0.85,65,804.0
20829,GLITTER HANGING BUTTERFLY STRING,2.12,1.69,4.13,393,3452.0
85231G,ORANGE SCENTED SET/9 T-LIGHTS,0.85,0.72,1.63,207,1392.0
21407,BROWN CHECK CAT DOORSTOP,4.22,3.0,4.25,325,1124.0
72800F,4 IVORY DINNER CANDLES GOLD FLOCK,2.3,0.79,2.55,62,816.0
21993,FLORAL FOLK STATIONERY SET,1.83,1.25,2.95,281,2039.0
21486,PINK HEART DOTS HOT WATER BOTTLE,3.63,1.65,3.75,168,841.0
21813,GARLAND WITH STARS AND BELLS,4.93,4.25,4.95,85,466.0
21812,GARLAND WITH HEARTS AND BELLS,4.93,4.25,4.95,118,559.0
21488,RED WHITE SCARF  HOT WATER BOTTLE,3.9,3.45,3.95,301,2157.0
75013B,"STRING OF 8 BUTTERFLIES,PINK",1.65,1.25,2.7,58,360.0
72800E,4 IVORY DINNER CANDLES SILVER FLOCK,2.25,0.79,2.55,225,1256.0
72801G,4 BURGUNDY WINE DINNER CANDLES,1.14,0.42,1.25,52,1306.0
72801F,S/4 FESTIVE RED DINNER CANDLES,1.25,1.25,1.25,25,234.0
21732,RED HANGING METAL STAR TLIGHT HLDR,3.68,3.39,3.75,56,923.0
85041,SET/4 PINK ORCHID CANDLES IN BOWL,1.62,1.08,1.65,77,1805.0
85040B,SET/4 BLUE FLOWER CANDLES IN BOWL,1.64,1.45,1.65,228,2263.0
37461,FUNKY MONKEY MUG,1.21,0.85,1.25,66,710.0
21700,BIG DOUGHNUT FRIDGE MAGNETS,0.85,0.72,0.85,321,5655.0
20692,FLORAL ELEPHANT SOFT TOY,4.18,3.75,4.25,116,879.0
16237,SLEEPING CAT ERASERS,0.21,0.16,0.21,336,9579.0
37410,BLACK AND WHITE PAISLEY FLOWER MUG,1.03,0.1,1.25,17,25679.0
84251F,"GREETING CARD, RITA",0.19,0.19,0.19,31,312.0
21080,SET/20 RED RETROSPOT PAPER NAPKINS,0.84,0.64,0.85,1667,28318.0
21967,PACK OF 12 SKULL TISSUES,0.31,0.25,0.39,371,15449.0
22110,BIRD HOUSE HOT WATER BOTTLE,2.7,1.25,7.46,322,1864.0
84977,WIRE FLOWER T-LIGHT HOLDER,1.25,1.25,1.25,41,220.0
18010,ASSORTED FRAGRANCE BATH CONFETTI,0.42,0.42,0.42,6,56.0
22152,PLACE SETTING WHITE STAR,0.42,0.36,1.63,219,6129.0
72267,PREMIUM CHURCH CANDLE,2.08,1.69,2.1,40,247.0
22081,RIBBON REEL FLORA + FAUNA,1.69,1.45,3.29,209,1414.0
22079,RIBBON REEL HEARTS DESIGN,1.67,1.45,3.29,537,4675.0
20758,ABSTRACT CIRCLES POCKET BOOK,0.84,0.1,0.85,74,5378.0
20756,GREEN FERN POCKET BOOK,0.83,0.1,0.85,44,5679.0
21126,SET OF 6 GIRLS CELEBRATION CANDLES,1.22,0.38,1.25,208,2185.0
21125,SET 6 FOOTBALL CELEBRATION CANDLES,1.22,0.38,1.25,194,2028.0
22102,MIRROR MOSAIC T-LIGHT HOLDER,1.63,0.85,1.65,38,297.0
35955,SMALL FOLKART CHRISTMAS TREE DEC,0.37,0.19,0.42,4,135.0
35954,SMALL FOLKART STAR CHRISTMAS DEC,0.34,0.19,0.42,66,1975.0
35957,SMALLFOLKART BAUBLE CHRISTMAS DEC,0.33,0.19,0.42,61,3217.0
84050,PINK HEART SHAPE EGG FRYING PAN,1.61,1.25,4.13,550,9513.0
47568,ENGLISH ROSE DESIGN PEG BAG,2.09,1.69,2.1,315,2232.0
84782A,PINK 3 TIER GLASS PLATE STAND,9.39,3.95,12.75,22,115.0
22169,FAMILY ALBUM WHITE PICTURE FRAME,8.38,5.64,16.63,533,1965.0
84933A,LARGE GREEN PEONY FOLDING STOOL,4.72,2.1,9.95,6,131.0
84933B,LARGE PINK PEONY FOLDING STOOL,3.41,2.1,9.95,6,136.0
22201,FRYING PAN BLUE POLKADOT,4.07,1.25,4.25,105,410.0
37503,TEA TIME CAKE STAND IN GIFT BOX,10.62,7.46,10.75,458,2337.0
21593,SWALLOW CIGAR BOX MATCHES,1.25,1.06,1.25,92,1366.0
22085,PAPER CHAIN KIT SKULLS,2.93,2.3,2.95,186,1337.0
85099C,JUMBO  BAG BAROQUE BLACK WHITE,1.96,1.65,2.08,1434,28473.0
22348,TEA BAG PLATE RED RETROSPOT,0.85,0.72,1.63,685,11800.0
85061W,WHITE JEWELLED HEART DECORATION,0.85,0.64,1.63,330,5858.0
21781,MA CAMPAGNE CUTLERY BOX,14.86,12.75,14.95,288,563.0
20768,GREEN FERN JOURNAL,2.47,0.85,4.96,117,702.0
21082,SET/20 FRUIT SALAD PAPER NAPKINS,0.84,0.17,0.85,115,3988.0
47591B,SCOTTIES CHILDRENS APRON,1.65,1.33,1.65,137,659.0
22196,SMALL HEART MEASURING SPOONS,0.86,0.72,1.63,563,5761.0
84968C,SET OF 16 VINTAGE PISTACHIO CUTLERY,12.71,10.95,12.75,95,350.0
84968F,SET OF 16 VINTAGE SKY BLUE CUTLERY,12.72,10.95,12.75,65,155.0
84968B,S/16 VINTAGE IVORY CUTLERY,12.71,10.95,12.75,80,280.0
85231L,LAVENDER SCENTED SET/9 T-LIGHTS,0.84,0.72,0.85,101,1018.0
21618,4 WILDFLOWER BOTANICAL CANDLES,2.78,1.25,3.75,98,594.0
21615,4 LAVENDER BOTANICAL DINNER CANDLES,2.18,1.25,3.75,134,1116.0
21619,4 VANILLA BOTANICAL CANDLES,2.21,1.25,3.75,168,1052.0
21612,SET 12 WILDFLOWER BOTANICAL T-LIGHT,2.92,2.55,2.95,95,664.0
85049B,LUSH GREENS RIBBONS,1.25,1.06,1.25,317,2092.0
85049G,CHOCOLATE BOX RIBBONS,1.26,1.06,2.46,453,3703.0
21770,OPEN CLOSED METAL SIGN,4.95,4.25,9.96,576,2848.0
37500,TEA TIME TEAPOT IN GIFT BOX,8.53,4.95,9.95,214,818.0
21637,ASSORTED SANSKRIT MINI NOTEBOOK,1.25,1.06,1.25,44,1256.0
21901,"KEY FOB , BACK DOOR",0.66,0.53,1.63,575,6014.0
21900,"KEY FOB , SHED",0.66,0.53,1.63,654,8033.0
21902,"KEY FOB , FRONT  DOOR",0.66,0.53,1.63,407,5217.0
21223,SET/4 BADGES WOODLAND ANIMAL,1.24,1.06,1.25,35,482.0
85049H,URBAN BLACK RIBBONS,1.19,0.42,2.46,210,1627.0
21576,LETS GO SHOPPING COTTON TOTE BAG,2.27,1.75,4.96,144,601.0
21580,RABBIT  DESIGN  COTTON TOTE BAG,2.23,1.75,2.25,89,361.0
20866,BLUE ROSE FABRIC MIRROR,1.27,0.38,2.46,86,843.0
20867,PINK ROSE FABRIC MIRROR,1.22,0.38,1.25,75,844.0
20979,36 PENCILS TUBE RED RETROSPOT,1.25,1.06,1.25,494,7050.0
20983,12 PENCILS TALL TUBE RED RETROSPOT,0.85,0.72,0.85,544,6022.0
20981,12 PENCILS TALL TUBE WOODLAND,0.85,0.72,0.85,423,4393.0
20977,36 PENCILS TUBE WOODLAND,1.25,1.06,1.25,354,3444.0
20974,12 PENCILS SMALL TUBE SKULL,0.65,0.25,0.65,680,12605.0
21114,LAVENDER SCENTED FABRIC HEART,1.27,1.06,10.79,458,5566.0
85232A,SET/3 POLKA DOT STACKING TINS,4.94,4.25,4.95,117,342.0
35971,ROSE FOLKART HEART DECORATIONS,1.27,0.42,2.46,120,1834.0
21740,COSY SLIPPER SHOES LARGE RED,2.95,2.95,2.95,48,164.0
21624,VINTAGE UNION JACK DOORSTOP,5.93,4.95,5.96,346,1665.0
21738,COSY SLIPPER SHOES SMALL  RED,2.94,2.55,2.95,103,386.0
22280,POCKET BAG PINK PAISELY BROWN SPOT,1.65,1.25,2.46,87,579.0
21841,BABY MOUSE RED GINGHAM DRESS,4.23,3.75,4.25,122,424.0
21621,VINTAGE UNION JACK BUNTING,8.5,6.98,16.63,1109,6427.0
21622,VINTAGE UNION JACK CUSHION COVER,4.95,4.25,6.89,545,3500.0
20750,RED RETROSPOT MINI CASES,7.77,6.09,7.95,863,3600.0
82482,WOODEN PICTURE FRAME WHITE FINISH,2.57,1.92,5.79,1620,14545.0
20665,RED SPOTTY PURSE,2.94,2.55,2.95,222,1165.0
84837,WHITE SWEETHEARTS CABINET 4 DRAWERS,12.62,10.75,12.75,133,239.0
21439,BASKET OF TOADSTOOLS,1.25,1.25,1.25,161,1715.0
16169D,WRAP WINTER FOREST,0.42,0.42,0.42,9,250.0
16169C,WRAP BLUE REINDEER,0.42,0.42,0.42,43,1350.0
21017,RED BIRD HOUSE TREE DECORATION,0.8,0.42,0.85,39,548.0
21210,SET OF 72 RETROSPOT PAPER  DOILIES,1.45,1.25,2.92,924,14590.0
21039,RED SPOTTY SHOPPING BAG,2.61,2.1,5.79,199,1277.0
21432,SET OF 3 CASES WOODLAND DESIGN,5.9,5.45,5.95,226,926.0
21424,WOODLAND STORAGE BOX LARGE,2.78,1.25,2.95,59,686.0
21426,WOODLAND STORAGE BOX SMALL,1.91,0.85,2.1,47,858.0
21891,TRADITIONAL WOODEN SKIPPING ROPE,1.32,1.02,1.45,655,11628.0
21098,CHRISTMAS TOILET ROLL,1.27,1.06,2.46,411,6359.0
22415,WHITE TISSUE REAM,7.95,7.95,7.95,204,317.0
17165D,ASS COL LARGE SAND FROG P'WEIGHT,1.03,0.62,1.05,89,716.0
17165B,ASS COL LARGE SAND GECKO P'WEIGHT,1.03,0.62,1.05,56,809.0
85208,SET/12 FUNKY FELT FLOWER PEG IN BAG,2.09,1.69,2.1,59,353.0
16161C,WRAP SPEED DEMONS,0.1,0.1,0.1,2,450.0
35160,BUDDHA INCENSE HOLDER ASSORTED,0.82,0.67,0.85,53,2176.0
17108D,FLOWER FAIRY SUMMER BOUQUET SACHET,0.42,0.42,0.42,23,355.0
21805,WHITE CHRISTMAS TREE DECORATION,0.42,0.36,0.42,82,2124.0
84578,ELEPHANT TOY WITH BLUE T-SHIRT,3.74,3.39,3.75,78,160.0
84901,BLACK FACE LAMB WITH PANTS,3.74,3.39,3.75,56,98.0
35931,PINK STAR CHRISTMAS DECORATION,0.48,0.38,1.95,15,156.0
35933,PINK STOCKING CHRISTMAS DECORATION,0.38,0.38,0.38,23,312.0
21807,WHITE CHRISTMAS STAR DECORATION,0.42,0.36,0.42,131,2999.0
21806,WHITE CHRISTMAS HEART DECORATION,0.42,0.36,0.42,104,2590.0
21815,STAR  T-LIGHT HOLDER,1.45,1.25,1.45,64,612.0
21816,CHRISTMAS TREE T-LIGHT HOLDER,1.45,1.45,1.45,41,405.0
35051B,PINK BEADED CONE CHRISTMAS,0.42,0.42,0.42,2,14.0
22153,ANGEL DECORATION STARS ON DRESS,0.42,0.36,0.42,188,5245.0
20943,SET/6 GINGERBREAD STAR T-LIGHTS,1.25,1.25,1.25,47,331.0
72816,SET/3 CHRISTMAS DECOUPAGE CANDLES,1.25,0.95,2.46,74,1178.0
85038,6 CHOCOLATE LOVE HEART T-LIGHTS,2.1,1.69,4.13,282,2502.0
20978,36 PENCILS TUBE SKULLS,1.25,1.06,1.25,394,3771.0
20942,SET/6 GINGERBREAD TREE T-LIGHTS,1.25,1.25,1.25,3,5.0
84559A,3D SHEET OF DOG STICKERS,0.86,0.85,1.63,151,1161.0
84466,TOP SECRET PEN SET,1.21,0.95,1.25,49,1210.0
20994,JAZZ HEARTS SPIRAL NOTEPAD,0.85,0.85,0.85,12,47.0
20992,JAZZ HEARTS PURSE NOTEBOOK,0.59,0.38,0.85,377,6030.0
84670,JAPANESE CROCHETED ANIMAL,0.42,0.36,0.42,167,5078.0
84077,WORLD WAR 2 GLIDERS ASSTD DESIGNS,0.26,0.18,0.63,910,104513.0
84029C,BROWN FURRY HOT WATER BOTTLE,3.71,2.95,3.75,38,191.0
22336,DOVE DECORATION PAINTED ZINC,0.58,0.19,0.65,150,4442.0
22156,HEART DECORATION WITH PEARLS,0.86,0.72,1.63,406,5617.0
22338,STAR DECORATION PAINTED ZINC,0.43,0.19,1.25,177,5419.0
21825,PAINTED METAL TREE WITH HOLLY BELLS,1.45,1.25,1.45,66,719.0
21822,GLITTER CHRISTMAS TREE WITH BELLS,1.38,0.79,4.13,96,862.0
22277,COSMETIC BAG VINTAGE ROSE PAISLEY,2.13,1.85,4.13,189,1303.0
35979,SIX STRING SCANDINAVIAN HEART DECS,2.95,2.95,2.95,18,77.0
47566,PARTY BUNTING,4.77,2.3,10.79,2053,23123.0
21344,MOROCCAN BEATEN METAL DISH,7.91,2.95,9.95,24,164.0
21477,STRING OF 20 ROSE LIGHTS,12.45,10.95,12.75,36,261.0
85047,WHITE BEADED GARLAND STRING 20LIGHT,6.3,5.55,6.35,195,982.0
20681,PINK SPOTTY CHILDS UMBRELLA,3.24,2.75,3.25,263,1287.0
84648,NEW BAROQUE WALL MIRROR,12.75,12.75,12.75,1,1.0
84472,PINK AND LILAC QUILTED THROW,44.27,10.0,45.95,25,33.0
84910A,PINK PAISLEY CUSHION COVER,5.63,1.65,5.95,40,412.0
84656,WHITE ROSE C/COVER,5.95,5.95,5.95,12,20.0
84580,MOUSE TOY WITH PINK T-SHIRT,3.76,3.75,4.13,311,856.0
84622,PINK GINGHAM ROSE CUSHION COVER,5.95,5.95,5.95,7,21.0
22151,PLACE SETTING WHITE HEART,0.42,0.36,1.63,637,25715.0
35962,12 ASS ZINC CHRISTMAS DECORATIONS,2.1,2.1,2.1,60,520.0
22337,ANGEL DECORATION PAINTED ZINC,0.66,0.55,1.25,82,2165.0
90090,PINK CRYSTAL HEART PHONE CHARM,0.85,0.85,0.85,15,221.0
90125C,TURQUOISE BERTIE GLASS BEAD CHARM,1.68,0.85,2.1,6,88.0
90125D,PURPLE BERTIE GLASS BEAD BAG CHARM,1.76,0.85,2.1,11,102.0
90214H,"LETTER ""H"" BLING KEY RING",1.17,0.29,1.25,23,50.0
90085,CRYSTAL STILETTO PHONE CHARM,0.85,0.85,0.85,15,207.0
90092,BLUE CRYSTAL BOOT PHONE CHARM,0.85,0.85,0.85,6,64.0
90087,CRYSTAL SEA HORSE PHONE CHARM,0.99,0.19,1.63,19,226.0
90088,CRYSTAL KEY+LOCK PHONE CHARM,0.85,0.85,0.85,10,74.0
90084,PINK CRYSTAL GUITAR PHONE CHARM,0.85,0.85,0.85,8,52.0
90093,CLEAR CRYSTAL STAR PHONE CHARM,0.86,0.19,1.63,16,173.0
20901,VINTAGE KEEPSAKE BOX PINK FLOWER,6.35,6.35,6.35,15,31.0
22172,METAL SHELF WITH RAIL,8.47,7.65,8.5,154,337.0
85067,CREAM SWEETHEART WALL CABINET,18.49,12.89,18.95,146,464.0
21156,RETROSPOT CHILDRENS APRON,1.95,1.2,4.13,795,8855.0
72127,COLUMBIAN CANDLE ROUND,1.24,1.06,1.25,59,358.0
84992,72 SWEETHEART FAIRY CAKE CASES,0.55,0.4,1.25,1160,32222.0
84929,ASSTD FRUIT+FLOWERS FRIDGE MAGNETS,0.36,0.19,0.55,89,2922.0
21649,ASSORTED TUTTI FRUTTI PHOTO FRAME,2.92,2.55,2.95,23,413.0
84839,SWEETHEART KEY CABINET,6.6,3.38,6.75,348,1474.0
85064,CREAM SWEETHEART LETTER RACK,5.4,3.88,5.45,238,1536.0
84706C,PINK FLOCK TABLE CLOCK,3.7,1.95,8.95,4,84.0
21804,WHITE CHRISTMAS GARLAND STARS TREES,3.74,3.39,3.75,106,543.0
85036C,ROSE 1 WICK MORRIS BOXED CANDLE,3.01,0.5,8.29,117,680.0
22162,HEART GARLAND RUSTIC PADDED,2.95,2.55,2.95,131,916.0
22297,HEART IVORY TRELLIS SMALL,1.25,1.06,2.46,644,12672.0
85104,SILVER GLASS T-LIGHT SET,2.98,1.25,5.79,51,327.0
84813,SET OF 4 DIAMOND NAPKIN RINGS,10.52,2.95,24.96,69,379.0
20894,HANGING BAUBLE T-LIGHT HOLDER LARGE,2.94,2.55,2.95,59,224.0
72799D,BLUE PILLAR CANDLE SILVER FLOCK,2.92,2.55,2.95,13,65.0
21741,COSY SLIPPER SHOES LARGE GREEN,2.94,2.55,2.95,132,618.0
85071D,CHARLIE+LOLA MY ROOM DOOR SIGN,1.09,0.38,2.55,87,838.0
21724,PANDA AND BUNNIES STICKER SHEET,0.85,0.85,0.85,125,914.0
21524,DOORMAT SPOTTY HOME SWEET HOME,7.54,4.0,16.63,994,5042.0
48197,DOOR MAT BIRD ON THE WIRE,7.06,4.0,7.49,137,785.0
84684,BEACH HUT PHOTO FRAME,1.96,0.85,2.55,20,526.0
20812,EMBOSSED FLOWER TRELLIS PHOTO FRAME,2.55,2.55,2.55,3,5.0
22035,VINTAGE CARAVAN GREETING CARD,0.42,0.36,0.83,243,3882.0
21508,VINTAGE KID DOLLY CARD,0.42,0.36,0.83,408,6460.0
22027,TEA PARTY BIRTHDAY CARD,0.42,0.36,0.83,631,10604.0
85059,FRENCH ENAMEL WATER BASIN,3.52,1.25,7.46,142,536.0
21465,PINK FLOWER CROCHET FOOD COVER,3.77,2.95,7.46,156,693.0
21466,RED FLOWER CROCHET FOOD COVER,3.8,2.95,7.46,240,823.0
21467,CHERRY CROCHET FOOD COVER,3.73,1.25,7.46,209,948.0
21471,STRAWBERRY RAFFIA FOOD COVER,3.73,2.95,3.75,229,1225.0
21314,SMALL GLASS HEART TRINKET POT,2.09,1.85,4.13,707,10137.0
84975,HEART SHAPED MIRROR,1.68,1.45,1.69,167,1923.0
21949,SET OF 6 STRAWBERRY CHOPSTICKS,1.27,1.06,2.46,135,2343.0
21947,SET OF 6 HEART CHOPSTICKS,1.3,1.06,2.46,169,1371.0
21528,DAIRY MAID TRADITIONAL TEAPOT,6.87,4.0,6.95,213,829.0
21548,CERAMIC BIRDHOUSE FINCH BLUE ROOF,2.92,2.0,2.95,77,641.0
21684,SMALL MEDINA STAMPED METAL BOWL,0.86,0.64,2.46,85,1631.0
21549,CERAMIC BIRDHOUSE RED ROOF SMALL,2.9,2.0,2.95,42,535.0
21545,CERAMIC BIRDHOUSE BUTTERFLY SMALL,2.89,1.85,2.95,64,678.0
21547,CERAMIC BIRDHOUSE CRESTED TIT SMALL,2.92,2.0,2.95,90,684.0
85054,FRENCH ENAMEL POT W LID,2.86,1.25,5.79,157,840.0
21532,DAIRY MAID SUGAR JAM BOWL,2.08,0.75,2.1,75,1371.0
21530,DAIRY MAID TOASTRACK,1.78,0.79,2.95,127,879.0
37444A,YELLOW BREAKFAST CUP AND SAUCER,1.71,0.13,2.95,25,1376.0
37444B,BLUE BREAKFAST CUP AND SAUCER,2.77,0.13,2.95,16,1012.0
22042,CHRISTMAS CARD SINGING ANGEL,0.39,0.19,0.42,94,1601.0
84247C,PACK/12 BLUE REINDEER CARD,2.95,2.95,2.95,22,72.0
22034,ROBIN CHRISTMAS CARD,0.42,0.36,0.42,77,1461.0
84754,S/15 SILVER GLASS BAUBLES IN BAG,1.24,1.06,1.25,160,1814.0
21313,GLASS HEART T-LIGHT HOLDER,0.83,0.64,1.63,252,5605.0
84509A,SET OF 4 ENGLISH ROSE PLACEMATS,3.76,2.95,7.46,266,1166.0
84510A,SET OF 4 ENGLISH ROSE COASTERS,1.26,1.06,2.46,307,2166.0
84340,LARGE FIBRE OPTIC CHRISTMAS TREE,1.49,0.42,2.55,6,15.0
21625,VINTAGE UNION JACK APRON,6.96,5.95,14.13,245,838.0
18096C,WHITE ROUND PORCELAIN TLIGHT HOLDER,2.5,1.95,2.55,11,94.0
85147,JARDIN ETCHED GLASS CANDLEHLDR LONG,4.95,4.95,4.95,16,61.0
37444C,PINK BREAKFAST CUP AND SAUCER,2.11,0.13,2.95,16,828.0
85055,FRENCH ENAMEL UTENSIL HOLDER,3.72,2.95,3.75,79,316.0
85028L,FRENCH CHATEAU LARGE FRUIT BOWL,5.22,1.95,7.95,22,219.0
85028S,FRENCH CHATEAU SMALL FRUITBOWL,3.18,1.25,4.95,29,355.0
21214,SET OF 72 IVORY PAPER DOILIES,1.44,1.25,1.45,125,1884.0
84985B,SET OF 72 BLACK PAPER DOILIES,1.45,1.45,1.45,19,122.0
84985A,SET OF 72 GREEN PAPER DOILIES,1.45,1.45,1.45,118,568.0
47021G,SET/6 BEAD COASTERS GAUZE BAG GOLD,1.04,0.39,1.25,45,631.0
21911,GARDEN METAL SIGN,1.65,1.0,1.65,250,2302.0
21070,VINTAGE BILLBOARD MUG,1.25,0.38,2.46,163,1908.0
21066,VINTAGE RED MUG,1.04,0.38,1.25,109,2246.0
21067,VINTAGE RED TEATIME MUG,1.09,0.38,1.25,179,4494.0
21069,VINTAGE BILLBOARD TEA MUG,1.23,0.8,1.25,176,4194.0
21986,PACK OF 12 PINK POLKADOT TISSUES,0.31,0.2,0.83,375,13079.0
22325,MOBILE VINTAGE HEARTS,4.94,4.25,4.95,146,403.0
20940,SET/6 GARDEN GNOME T-LIGHT CANDLES,2.91,2.55,2.95,18,113.0
72798C,SET/4 GARDEN ROSE DINNER CANDLE,1.65,1.65,1.65,11,24.0
40018F,CHERRY DESIGN PAPERLANTERNS,1.94,1.69,1.95,97,1064.0
40018E,TEA TIME PAPER LANTERNS,1.94,1.69,1.95,48,334.0
85176,SEWING SUSAN 21 NEEDLE SET,0.88,0.64,1.63,173,2396.0
21893,POTTING SHED SEED TIN,4.14,2.8,4.25,13,164.0
21745,GAOLERS KEYS DECORATIVE GARDEN,3.74,2.0,8.29,459,2654.0
17084J,LOVE POTION MASALA INCENSE,0.21,0.21,0.21,19,454.0
71279,PINK GLASS CANDLEHOLDER,2.94,2.55,2.95,52,251.0
21417,COCKLE SHELL DISH,1.91,0.79,2.1,57,400.0
22088,PAPER BUNTING COLOURED LACE,2.9,2.0,2.95,475,3968.0
22093,MOTORING TISSUE BOX,0.79,0.39,2.46,245,2267.0
84288B,SET/2 BLUE  NOODLE BASKETS,1.95,1.95,1.95,21,57.0
35924,HANGING FAIRY CAKE DECORATION,2.02,1.69,2.1,100,1859.0
20941,FROG CANDLE,1.18,0.38,1.25,67,904.0
21553,CERAMIC BIRDHOUSE FINCH BLUE  LARGE,5.88,4.0,5.95,27,75.0
21554,CERAMIC BIRDHOUSE RED ROOF LARGE,5.82,4.0,5.95,19,163.0
22215,CAKE STAND WHITE TWO TIER LACE,8.13,2.95,8.5,299,983.0
20804,GLASS CHICKEN BUTTER DISH,1.64,1.45,1.65,24,283.0
21260,FIRST AID TIN,3.24,2.75,3.4,439,3321.0
21015,DARK BIRD HOUSE TREE DECORATION,0.46,0.29,0.85,90,1431.0
21014,SWISS CHALET TREE DECORATION,0.56,0.29,0.85,107,1662.0
21917,SET 12 KIDS  WHITE CHALK STICKS,0.42,0.36,0.83,379,7888.0
22069,BROWN  PIRATE TREASURE CHEST,1.55,0.39,1.65,89,639.0
47591C,BLUE FAIRY CAKE CHILD'S APRON,1.93,1.65,1.95,146,995.0
21743,STAR PORTABLE TABLE LIGHT,2.92,2.55,2.95,139,1229.0
21744,SNOWFLAKE PORTABLE TABLE LIGHT,3.08,2.95,5.79,153,702.0
21385,IVORY HANGING DECORATION  HEART,0.85,0.72,1.63,505,10146.0
85099F,JUMBO BAG STRAWBERRY,1.96,1.65,4.13,1494,34397.0
35001G,HAND OPEN SHAPE GOLD,3.71,1.25,4.25,60,600.0
84855,BLOKEY SILVER TOOL SET,4.95,4.95,4.95,11,31.0
84854,GIRLY PINK TOOL SET,4.89,4.25,4.95,57,280.0
21216,"SET 3 RETROSPOT TEA,COFFEE,SUGAR",4.9,4.25,10.79,521,3483.0
21243,PINK  SPOTTY PLATE,1.68,1.45,1.69,393,5171.0
21155,RED RETROSPOT PEG BAG,2.28,1.5,4.96,706,5750.0
21412,VINTAGE GOLD TINSEL REEL,0.6,0.42,2.1,41,227.0
72799F,IVORY PILLAR CANDLE GOLD FLOCK,2.7,1.25,2.95,72,1065.0
72799E,IVORY PILLAR CANDLE SILVER FLOCK,2.7,0.79,2.95,131,1126.0
72799C,PINK PILLAR CANDLE SILVER FLOCK,2.4,0.79,2.95,39,452.0
21499,BLUE POLKADOT WRAP,0.42,0.34,0.42,456,14800.0
21246,RED SPOTTY BIG BOWL,4.94,4.25,4.95,135,616.0
21247,SET OF RED SALAD SERVERS,1.49,1.49,1.49,61,400.0
85136C,RED SHARK HELICOPTER,7.95,7.95,7.95,79,124.0
21218,RED SPOTTY BISCUIT TIN,3.72,3.25,8.29,575,4426.0
21975,PACK OF 60 DINOSAUR CAKE CASES,0.55,0.4,1.25,1123,30641.0
21213,PACK OF 72 SKULL CAKE CASES,0.54,0.38,0.55,1153,38410.0
72799B,PURPLE PILLAR CANDLE BLACK FLOCK,1.82,1.25,2.95,9,313.0
84970L,SINGLE HEART ZINC T-LIGHT HOLDER,0.98,0.79,2.08,817,16397.0
84984D,ORIENTAL RED CUSHION COVER,4.17,1.25,4.65,15,152.0
84773,RED ROSE AND LACE C/COVER,2.95,2.95,2.95,46,187.0
84601A,NEW BAROQUE IVORY CUSHION COVER,2.8,1.25,2.95,11,104.0
85174,S/4 CACTI CANDLES,4.92,1.95,10.79,228,1278.0
71028B,SILVER BLUE EGG T-LIGHT HOLDER,0.86,0.38,1.65,8,483.0
84755,COLOUR GLASS T-LIGHT HOLDER HANGING,0.64,0.55,1.24,1090,38458.0
72140F,HAPPY ANNIVERSARY CANDLE LETTERS,0.42,0.36,0.42,14,175.0
84950,ASSORTED COLOUR T-LIGHT HOLDER,0.73,0.55,1.38,217,5562.0
85175,CACTI T-LIGHT CANDLES,0.42,0.27,0.83,403,14902.0
72487,ROSES WHITE ROUND CANDLE,0.98,0.38,1.49,13,826.0
84360,TABLE LAMP WHITE SHADE WOOD BASE,5.66,4.65,5.95,35,173.0
21335,LIBRARY LAMP,21.5,18.95,21.95,20,34.0
35001W,HAND OPEN SHAPE DECO.WHITE,3.39,1.5,3.49,107,749.0
84396,6 HOOK JEWELLERY STAND BLACK DRESS,3.59,1.95,8.49,28,516.0
72753A,S/3 FLWR FAIRY LILLY CANDLES,2.63,2.1,7.95,11,312.0
72750C,"F.FAIRY S/3 CANDLE/GLASS, ROSE",2.75,1.95,5.95,15,232.0
85211,S/4 GROOVY CAT MAGNETS,1.5,0.79,1.65,49,276.0
84341B,SMALL PINK MAGIC CHRISTMAS TREE,0.69,0.38,0.85,94,1690.0
22211,WOOD STAMP SET FLOWERS,1.23,0.5,3.29,201,1233.0
22283,6 EGG HOUSE PAINTED WOOD,7.94,5.85,15.79,291,905.0
22187,GREEN CHRISTMAS TREE CARD HOLDER,3.38,1.95,8.29,287,1952.0
22120,WELCOME  WOODEN BLOCK LETTERS,9.86,8.5,10.13,314,955.0
48189,DOOR MAT FRIENDSHIP,7.18,4.58,7.95,206,1216.0
48116,DOOR MAT MULTICOLOUR STRIPE,7.31,4.0,15.79,384,3308.0
21761,WOOD AND GLASS MEDICINE CABINET,29.56,26.95,29.95,23,64.0
21257,VICTORIAN SEWING BOX MEDIUM,7.93,6.95,15.79,354,1257.0
21767,FRENCH STYLE WIRE DOOR CABINET,29.95,29.95,29.95,1,1.0
85068,CREAM SWEETHEART SHELF + HOOKS,7.73,5.37,7.95,173,922.0
21768,WALL MOUNTED VINTAGE ORGANISER,14.72,9.26,14.95,122,446.0
22171,3 HOOK PHOTO SHELF ANTIQUE WHITE,8.37,5.88,8.5,506,2884.0
72349B,SET/6 PURPLE BUTTERFLY T-LIGHTS,2.08,1.69,2.1,236,1902.0
84596K,JELLY BABIES YELLOW SMALL BOWL,1.24,1.06,1.25,64,358.0
84596E,SMALL LICORICE DES PINK BOWL,1.12,0.42,1.25,124,880.0
84596G,SMALL CHOCOLATES PINK BOWL,0.71,0.42,1.25,222,1967.0
37448,CERAMIC CAKE DESIGN SPOTTED MUG,1.48,1.25,1.49,428,4362.0
22131,FOOD CONTAINER SET 3 LOVE HEART,1.97,1.65,4.13,494,4963.0
37447,CERAMIC CAKE DESIGN SPOTTED PLATE,1.48,0.88,1.49,261,2671.0
22055,MINI CAKE STAND  HANGING STRAWBERY,1.58,0.39,1.65,472,4476.0
84596B,SMALL DOLLY MIX DESIGN ORANGE BOWL,0.7,0.42,1.25,508,5468.0
22347,PIZZA SLICE DISH,1.23,1.06,1.25,76,2641.0
84507C,BLUE CIRCLES DESIGN MONKEY DOLL,2.41,0.85,2.55,61,419.0
84508A,CAMOUFLAGE DESIGN TEDDY,2.44,2.1,2.55,103,3803.0
79302M,"ART LIGHTS,FUNK MONKEY",2.85,2.55,2.95,74,587.0
37502,TEA TIME MUG IN GIFT BOX,2.94,2.55,2.95,148,806.0
84534B,FAIRY CAKE NOTEBOOK A5 SIZE,0.85,0.85,0.85,106,709.0
84535B,FAIRY CAKES NOTEBOOK A6 SIZE,0.66,0.42,1.46,248,2566.0
84536B,FAIRY CAKES NOTEBOOK A7 SIZE,0.42,0.32,0.83,222,2813.0
85090,CANDY SPOT APRON,4.65,4.65,4.65,34,79.0
21121,SET/10 RED POLKADOT PARTY CANDLES,1.25,1.06,1.25,783,14939.0
90167,BEADED LOVE HEART JEWELLERY SET,0.84,0.72,0.85,71,1774.0
21543,BUTTERFLY WATER TRANSFER TATTOOS,0.83,0.65,0.85,13,267.0
21642,ASSORTED TUTTI FRUTTI PEN,0.62,0.29,0.85,178,4040.0
72023F,RED ORGANIC CANDLE IN GLASS,1.22,0.85,1.25,38,613.0
20886,BOX OF 9 PEBBLE CANDLES,1.94,1.65,1.95,243,1680.0
85172,HYACINTH BULB T-LIGHT CANDLES,0.42,0.36,0.42,134,4034.0
21469,POLKA DOT RAFFIA FOOD COVER,3.68,1.25,7.46,176,1091.0
21897,POTTING SHED CANDLE CITRONELLA,2.94,2.55,3.21,100,857.0
21898,POTTING SHED ROSE CANDLE,2.95,2.55,3.21,88,760.0
20771,CHRYSANTHEMUM  JOURNAL,2.47,0.85,4.96,111,545.0
72815,3 WICK CHRISTMAS BRIAR CANDLE,3.75,3.75,3.75,58,256.0
47504G,ENGLISH ROSE TAPE MEASURE,1.25,1.06,1.25,45,254.0
84986B,SET OF 36 SILVER PAPER DOILIES,1.45,1.45,1.45,67,415.0
20684,STRAWBERRY DREAM CHILDS UMBRELLA,3.24,2.75,3.25,157,560.0
85006,SET 4 NURSERY DES ROUND BOXES,2.44,0.31,2.95,30,1577.0
85199S,SMALL HANGING IVORY/RED WOOD BIRD,0.43,0.36,0.83,290,5312.0
85199L,LARGE HANGING IVORY & RED WOOD BIRD,0.65,0.53,0.65,186,3279.0
21556,CERAMIC STRAWBERRY MONEY BOX,2.54,2.25,2.55,174,1370.0
82081,PINK HEARTS PHOTO ALBUM,3.04,1.95,8.5,12,159.0
21164,HOME SWEET HOME METAL SIGN,2.93,2.0,3.21,627,5821.0
21843,RED RETROSPOT CAKE STAND,10.87,4.0,10.95,1205,5347.0
47504E,ENGLISH ROSE SCISSORS,1.22,0.15,1.25,37,4372.0
84934,ASSTD DESIGN POP ART SLIM PEN,0.85,0.85,0.85,12,684.0
21165,BEWARE OF THE CAT METAL SIGN,1.66,1.0,1.69,769,8960.0
21877,HOME SWEET HOME MUG,1.32,0.8,3.29,640,12524.0
21398,RED POLKADOT COFFEE  MUG,1.35,0.39,2.1,97,2233.0
16161U,WRAP SUKI AND FRIENDS,0.42,0.34,0.42,312,9876.0
21497,FANCY FONTS BIRTHDAY WRAP,0.42,0.34,0.42,483,17450.0
22051,BLUE SCANDINAVIAN PAISLEY WRAP,0.42,0.34,0.42,116,3175.0
22117,METAL SIGN HER DINNER IS SERVED,2.88,0.85,3.2,195,1723.0
22116,METAL SIGN HIS DINNER IS SERVED,1.68,0.79,2.95,125,717.0
21042,RED SPOTTY APRON,5.92,4.65,5.95,332,1394.0
22165,"DIAMANTE HEART SHAPED WALL MIRROR,",11.01,3.95,12.75,119,770.0
46000P,POLYESTER FILLER PAD 65CMx65CM,4.25,4.25,4.25,47,209.0
46000M,POLYESTER FILLER PAD 45x45cm,1.55,1.55,1.55,335,2478.0
21685,MEDINA STAMPED METAL TRAY,14.95,14.95,14.95,2,3.0
84658,WHITE STITCHED CUSHION COVER,6.6,1.65,8.29,56,198.0
20887,BOX OF 6 PEBBLE CANDLES,3.45,3.45,3.45,4,5.0
21692,SILVER LATTICE VANILLA CANDLE POT,3.74,3.39,3.75,104,493.0
21691,SILVER VANILLA FLOWER CANDLE POT,3.75,3.39,3.75,66,240.0
21814,HEART T-LIGHT HOLDER,1.45,1.25,1.45,71,639.0
47570B,TEA TIME TABLE CLOTH,10.54,8.49,10.65,187,926.0
21541,DINOSAURS WATER TRANSFER TATTOOS,0.85,0.65,0.85,145,1778.0
51014C,"FEATHER PEN,COAL BLACK",0.65,0.39,0.85,172,3829.0
20659,ECONOMY LUGGAGE TAG,1.35,1.06,2.46,89,287.0
20658,RED SPOTTY LUGGAGE TAG,1.25,1.06,1.25,223,1333.0
21355,TOAST ITS - I LOVE YOU,1.24,1.05,1.25,277,3327.0
84378,SET OF 3 HEART COOKIE CUTTERS,1.29,1.06,2.46,938,10911.0
84380,SET OF 3 BUTTERFLY COOKIE CUTTERS,1.3,1.06,2.46,801,9346.0
72807B,SET/3 OCEAN SCENT CANDLE JEWEL BOX,4.22,3.81,4.25,162,955.0
72814,SET OF 3 CHRISTMAS BRIAR CANDLES,3.73,2.95,3.75,49,259.0
85125,SMALL ROUND CUT GLASS CANDLESTICK,4.85,4.25,4.95,42,263.0
85126,LARGE ROUND CUTGLASS CANDLESTICK,6.7,5.95,6.75,29,138.0
72529W,WHITE ADVENT CANDLE,2.09,1.69,2.12,39,443.0
21795,SET OF 3 BLUE STRIPE BASKET,12.67,6.86,12.75,75,435.0
21796,SET OF 3 RED STRIPE BASKETS,12.66,6.86,12.75,66,323.0
15036,ASSORTED COLOURS SILK FAN,0.77,0.48,0.83,616,38690.0
21742,LARGE ROUND WICKER PLATTER,5.95,5.95,5.95,189,429.0
21221,SET/4 BADGES CUTE CREATURES,1.27,1.25,2.46,61,454.0
84559B,3D SHEET OF CAT STICKERS,0.85,0.85,0.85,150,1140.0
84559D,3D SHEET OF SEA WORLD STICKERS,0.85,0.85,0.85,29,145.0
15056P,EDWARDIAN PARASOL PINK,5.84,3.0,12.46,318,2422.0
84199,GLOW IN DARK DOLPHINS,0.21,0.18,0.21,62,511.0
17003,BROCADE RING PURSE,0.27,0.14,0.63,385,69346.0
15034,PAPER POCKET TRAVELING FAN,0.14,0.07,0.14,170,8474.0
16238,PARTY TIME PENCIL ERASERS,0.23,0.16,0.42,135,2232.0
35085E,IVORY ROSE LAMPSHADE,1.17,0.5,1.25,9,39.0
10120,DOGGY RUBBER,0.21,0.21,0.21,61,618.0
17164B,ASS COL SMALL SAND GECKO P'WEIGHT,0.42,0.36,0.42,79,1582.0
84006,MAGIC TREE -PAPER FLOWERS,0.85,0.85,0.85,142,1655.0
20723,STRAWBERRY CHARLOTTE BAG,0.85,0.72,1.63,982,14474.0
47556B,TEA TIME TEA TOWELS,2.94,2.1,2.95,404,4979.0
84750A,PINK SMALL GLASS CAKE STAND,1.93,1.65,1.95,48,423.0
84987,SET OF 36 TEATIME PAPER DOILIES,1.45,1.25,2.92,638,7782.0
85008,SET OF 3 CONEY ISLAND OVAL BOXES,4.73,1.5,4.95,88,258.0
85184C,S/4 VALENTINE DECOUPAGE HEART BOX,2.73,1.25,5.79,255,2098.0
84709B,PINK OVAL JEWELLED MIRROR,5.92,4.65,5.95,41,111.0
35095A,BLUE VICTORIAN FABRIC OVAL BOX,0.42,0.29,0.42,78,1665.0
82583,HOT BATHS METAL SIGN,2.07,1.49,2.4,816,11723.0
82578,KITCHEN METAL SIGN,0.55,0.42,1.25,543,5379.0
82581,TOILET METAL SIGN,0.55,0.42,1.25,718,8057.0
20830,SILVER PHOTO FRAME,2.07,0.85,2.1,45,290.0
35095B,RED VICTORIAN FABRIC OVAL BOX,0.41,0.29,0.42,92,1824.0
20831,GOLD PHOTO FRAME,1.94,0.79,2.1,50,388.0
84533B,FAIRY CAKES ROUND NESTING BOXES,5.81,4.65,5.95,19,52.0
22173,METAL 4 HOOK HANGER FRENCH CHATEAU,2.99,2.0,5.79,707,4333.0
84792,ENCHANTED BIRD COATHANGER 5 HOOK,4.63,2.8,9.13,434,2140.0
21272,SALLE DE BAIN HOOK,1.25,1.06,1.48,230,2179.0
84406B,CREAM CUPID HEARTS COAT HANGER,3.38,2.75,4.15,716,6472.0
22214,CANDLE PLATE LACE WHITE,2.46,0.79,2.55,52,462.0
21349,IVY HEART WREATH,6.7,5.95,6.75,125,484.0
21108,FAIRY CAKE FLANNEL ASSORTED COLOUR,2.0,0.79,2.55,405,9382.0
21112,"SWISS ROLL TOWEL, PINK  SPOTS",2.81,1.25,5.79,126,2047.0
21111,"SWISS ROLL TOWEL, CHOCOLATE  SPOTS",2.62,1.25,2.95,127,1202.0
85034A,3 GARDENIA MORRIS BOXED CANDLES,2.99,1.25,8.29,110,819.0
72807A,SET/3 ROSE CANDLE IN JEWELLED BOX,4.21,3.81,4.25,136,811.0
21640,ASSORTED TUTTI FRUTTI  FOB NOTEBOOK,0.85,0.72,0.85,135,2002.0
20716,PARTY FOOD SHOPPER BAG,1.24,1.06,1.25,167,1372.0
20730,STRAWBERRY CANDY BAG,1.21,0.15,1.25,40,1649.0
20729,RED SPOTTY CANDY BAG,1.23,0.15,1.25,61,4598.0
22167,"WALL MIRROR , DIAMANTE OVAL SHAPE",9.49,3.95,9.95,148,504.0
37343,SPOTS DESIGN MUG W PINK INSIDE,1.59,0.39,1.65,73,962.0
22231,JIGSAW TREE WITH BIRDHOUSE,1.19,0.59,1.45,215,1899.0
10125,MINI FUNKY DESIGN TAPES,0.82,0.42,0.85,120,1970.0
21025,SPACE FROG,1.35,1.06,2.46,36,221.0
21031,SPACE CADET BLACK,1.28,1.06,2.46,25,126.0
21589,SWALLOW GIANT TUBE MATCHES,2.5,2.1,2.55,85,1103.0
20770,ABSTRACT CIRCLE JOURNAL,2.43,0.85,2.55,112,896.0
22023,EMPIRE BIRTHDAY CARD,0.41,0.36,0.83,309,4788.0
21839,MUMMY MOUSE RED GINGHAM RIBBON,5.43,4.95,5.45,80,196.0
20776,ABSTRACT CIRCLES NOTEBOOK,1.62,0.15,1.65,53,3187.0
20679,EDWARDIAN PARASOL RED,5.82,3.0,12.46,617,6008.0
22193,RED DINER WALL CLOCK,8.48,7.65,16.63,544,1793.0
22191,IVORY DINER WALL CLOCK,8.46,7.65,8.5,580,1909.0
22192,BLUE DINER WALL CLOCK,8.46,4.0,16.63,504,1341.0
82597,BOMBS AWAY METAL SIGN,2.08,1.69,2.1,163,1153.0
40016,CHINESE DRAGON PAPER LANTERNS,0.44,0.25,8.29,196,15301.0
15044B,BLUE PAPER PARASOL,2.92,2.55,2.95,148,1624.0
15044D,RED PAPER PARASOL,2.93,2.55,5.79,187,1538.0
84814B,RHOMBUS CRYSTAL PERFUME BOTTLE,1.95,1.95,1.95,2,6.0
79323GR,GREEN CHERRY LIGHTS,6.5,5.45,6.75,58,424.0
79323B,BLACK CHERRY LIGHTS,6.61,5.45,6.75,46,226.0
79323G,GOLD  CHERRY LIGHTS,6.59,5.45,6.75,48,280.0
84358,FLOOR LAMP SHADE WOOD BASE,9.29,7.0,9.95,22,113.0
22101,MIRROR MOSAIC VOTIVE HOLDER,2.0,0.85,2.1,46,439.0
84920,PINK FLOWER FABRIC PONY,3.72,2.95,3.75,54,145.0
21811,HANGING HEART WITH BELL,0.9,0.39,2.46,269,5711.0
16156S,WRAP PINK FAIRY CAKES,0.42,0.34,0.42,413,16344.0
20765,CHRYSANTHEMUM SKETCHBOOK,3.73,1.25,7.46,119,401.0
21137,BLACK RECORD COVER FRAME,3.63,3.39,7.46,533,18393.0
22246,"GARLAND, MAGIC GARDEN 1.8M",2.03,1.65,4.13,100,820.0
51008,AFGHAN SLIPPER SOCK PAIR,3.4,2.95,3.45,71,2267.0
21396,RED SPOTTY EGG CUP,1.24,1.06,1.25,58,909.0
20913,SET/5 BLUE SPOTTY LID GLASS BOWLS,2.94,2.55,2.95,30,295.0
21107,CREAM SLICE FLANNEL PINK SPOT,2.9,2.55,2.95,228,2157.0
79072,TEATIME CAKE TIN WITH HANDLE,9.7,8.95,9.95,60,220.0
84510B,SET OF 4 FAIRY CAKES COASTERS,1.24,1.06,1.25,96,1094.0
84509B,SET OF 4 FAIRY CAKE PLACEMATS,3.72,2.95,3.75,138,555.0
21658,GLASS  BEURRE DISH,3.91,3.39,3.95,331,1990.0
22339,CHRISTMAS TREE PAINTED ZINC,0.44,0.19,1.25,98,3209.0
21810,CHRISTMAS HANGING STAR WITH BELL,0.76,0.39,2.46,239,6222.0
85112,S/3 TEAR DROP CUT GLASS DECORATION,1.22,0.5,1.25,23,429.0
79534,MULTICOLOUR GLASS PLATE,0.55,0.55,0.55,16,116.0
35594,WOODEN CHRISTMAS TREE 3 HANGING,0.42,0.42,0.42,21,138.0
82615,PINK MARSHMALLOW SCARF KNITTING KIT,2.9,2.55,2.95,76,567.0
21354,TOAST ITS - BEST MUM,1.22,1.05,1.25,169,2401.0
22095,LADS ONLY TISSUE BOX,0.89,0.39,1.25,187,2808.0
20934,SET/3 POT PLANT CANDLES,5.39,4.95,5.45,43,153.0
21610,SET 12 PEAR BOTANICAL T-LIGHTS,2.92,2.55,2.95,87,529.0
72802A,ROSE SCENT CANDLE IN JEWELLED BOX,4.28,3.81,8.29,167,893.0
35004C,SET OF 3 COLOURED  FLYING DUCKS,5.14,4.65,5.45,222,2816.0
85220,SMALL FAIRY CAKE FRIDGE MAGNETS,1.26,0.3,1.65,4,9732.0
21341,KASBAH LANTERN WITH GLASS,4.62,4.25,4.65,15,56.0
21323,HANGING MEDINA LANTERN LARGE,4.17,2.8,4.25,53,701.0
21504,SKULLS GREETING CARD,0.41,0.36,0.42,283,4826.0
21340,CLASSIC METAL BIRDCAGE PLANT HOLDER,12.12,7.0,24.96,373,1656.0
21347,GOTHIC CARRIAGE LANTERN,5.95,5.95,5.95,4,8.0
84947,ANTIQUE SILVER TEA GLASS ENGRAVED,1.24,1.06,2.46,559,15028.0
22184,CAKE STAND VICTORIAN FILIGREE LARGE,7.44,3.95,8.5,61,249.0
71459,HANGING JAM JAR T-LIGHT HOLDER,0.83,0.72,1.66,878,31452.0
84371,BIG PINK POODLE,15.21,5.0,19.95,4,28.0
21734,SMALL MARAKESH LANTERN ON STICK,3.75,3.75,3.75,14,55.0
22181,SNOWSTORM PHOTO FRAME FRIDGE MAGNET,0.85,0.72,0.85,102,1449.0
22134,LADLE LOVE HEART RED,0.44,0.36,0.83,126,1981.0
21448,12 DAISY PEGS IN WOOD BOX,1.65,1.65,1.65,178,895.0
22322,BIRD DECORATION GREEN  SPOT,0.85,0.85,0.85,91,1048.0
84795C,OCEAN STRIPE HAMMOCK,7.89,6.95,7.95,105,294.0
21304,ARCHED GREY MIRROR,9.34,4.95,12.75,16,84.0
21259,VICTORIAN SEWING BOX SMALL,5.92,4.95,12.46,548,2165.0
21752,GLASS CAKE STAND MIRRORED BASE,14.79,12.75,14.95,28,66.0
35649,VINTAGE BEAD COSMETIC BAG,3.14,0.6,3.35,21,1776.0
35646,VINTAGE BEAD PINK EVENING BAG,1.81,1.25,4.25,51,533.0
35651,VINTAGE BEAD PINK SCARF,2.53,1.65,7.95,35,313.0
35648,VINTAGE BEAD PINK PURSE,1.23,0.83,2.95,66,819.0
85226C,BLUE PULL BACK RACING CAR,0.55,0.42,0.55,66,952.0
16212,FUNKY GIRLZ ASST MAGNETIC MEMO PAD,0.65,0.65,0.65,30,357.0
35096A,BLUE VICTORIAN FABRIC HEART BOX,0.41,0.29,0.42,19,710.0
84536A,ENGLISH ROSE NOTEBOOK A7 SIZE,0.42,0.42,0.83,411,4414.0
47503K,ASSORTED FLORAL SECATEURS,1.87,0.3,1.95,32,3140.0
85222,ASSORTED COLOUR SILK COSMETIC PURSE,1.9,0.65,2.1,41,1394.0
85230F,JASMINE VOTIVE CANDLE,0.28,0.21,0.29,61,2944.0
21154,RED RETROSPOT OVEN GLOVE,1.27,1.06,2.46,586,6450.0
21255,"FRENCH BOTTLE , LAVENDER",1.64,1.45,1.65,55,422.0
21286,RETROSPOT CANDLE  LARGE,1.86,0.59,2.55,67,962.0
21359,RELAX LARGE WOOD LETTERS,12.82,3.95,15.95,65,200.0
21529,RETRO SPOT CERAMIC TOASTRACK,3.42,2.95,3.45,113,459.0
85031B,BLOSSOM IMAGES SCRAP BOOK SET,3.38,1.25,4.95,26,408.0
22216,T-LIGHT HOLDER WHITE LACE,0.8,0.29,1.63,57,1069.0
22224,WHITE LOVEBIRD LANTERN,2.92,2.55,2.95,301,2087.0
21746,SMALL RED RETROSPOT WINDMILL,1.25,1.06,2.46,379,5620.0
85065,CREAM SWEETHEART TRAYS,12.52,9.95,12.75,227,555.0
20963,APPLE BATH SPONGE,1.28,1.06,2.46,292,3028.0
20674,GREEN POLKADOT BOWL,1.25,1.06,2.46,358,3080.0
21703,BAG 125g SWIRLY MARBLES,0.42,0.27,0.83,446,14169.0
21205,MULTICOLOUR 3D BALLS GARLAND,2.54,2.1,2.55,107,582.0
84692,BOX OF 24 COCKTAIL PARASOLS,0.42,0.32,0.83,720,17274.0
22049,WRAP CHRISTMAS SCREEN PRINT,0.29,0.19,0.42,111,3425.0
84926B,SCOTTS ROSES TILE COASTER,1.25,1.25,1.25,10,54.0
21464,DISCO BALL ROTATOR BATTERY OPERATED,4.25,3.75,4.25,206,514.0
21463,MIRRORED DISCO BALL,5.78,2.5,5.95,258,1249.0
20668,DISCO BALL CHRISTMAS DECORATION,0.12,0.1,0.12,306,20547.0
22340,NOEL GARLAND PAINTED ZINC,0.87,0.39,1.65,94,1333.0
21009,ETCHED GLASS STAR TREE DECORATION,1.25,1.25,1.25,78,873.0
84562B,BLUE/WHITE RIBBED MELAMINE JUG,7.95,7.95,7.95,5,7.0
22198,LARGE POPCORN HOLDER,1.64,1.45,1.65,471,6642.0
21558,SKULL LUNCH BOX WITH CUTLERY,2.53,2.1,2.55,521,3769.0
75049L,LARGE CIRCULAR MIRROR MOBILE,1.12,0.85,1.25,225,13436.0
21192,WHITE BELL HONEYCOMB PAPER,1.63,1.45,1.65,112,1797.0
22148,EASTER CRAFT 4 CHICKS,1.92,1.65,1.95,240,2958.0
22144,CHRISTMAS CRAFT LITTLE FRIENDS,2.14,1.85,4.13,533,4247.0
84078A,SET/4 WHITE RETRO STORAGE CUBES,38.55,34.95,39.95,222,794.0
20780,BLACK EAR MUFF HEADPHONES,5.48,1.95,10.79,57,173.0
20772,GARDEN PATH JOURNAL,2.39,0.85,4.96,125,916.0
21709,FOLDING UMBRELLA  CHOC/WHITE  SPOT,4.84,1.95,9.96,79,640.0
22278,OVERNIGHT BAG VINTAGE ROSE PAISLEY,4.95,4.25,4.95,235,788.0
84925E,FLOWERS WALL THERMOMETER,2.27,1.7,2.55,3,75.0
84925A,WAKE UP COCKEREL WALL THERMOMETER,2.49,1.7,2.55,15,177.0
21739,COSY SLIPPER SHOES SMALL GREEN,2.91,2.46,2.95,100,364.0
21328,BALLOONS  WRITING SET,1.67,1.25,3.29,374,1632.0
47503F,ASS FLORAL PRINT TORCH,1.52,0.25,1.65,11,2567.0
90042B,FRESHWATER PEARL BRACELET PINK,2.55,2.55,2.55,5,15.0
90042A,FRESHWATER PEARL BRACELET GOLD,2.55,2.55,2.55,7,27.0
84989A,75 GREEN FAIRY CAKE CASES,0.55,0.42,0.55,121,2066.0
84279B,CHERRY BLOSSOM DECORATIVE FLASK,3.73,3.39,3.75,185,767.0
20865,PATCHWORK PENCIL CASE BUTTERFLY,2.06,1.69,2.1,29,246.0
85113,POLKA DOT PISTACHIO PAIL,2.09,1.69,2.1,43,279.0
85107,CUT GLASS T-LIGHT HOLDER OCTAGON,2.27,0.85,2.55,64,1169.0
20976,12 PENCILS SMALL TUBE POSY,0.65,0.65,0.65,64,518.0
85049F,BABY BOOM RIBBONS,1.25,1.06,1.25,294,2050.0
20991,JAZZ HEARTS MAGNETIC MEMO PAD,0.61,0.1,0.65,16,7058.0
20761,BLUE PAISLEY SKETCHBOOK,3.7,1.25,7.46,115,409.0
85170C,SET/6 EAU DE NIL BIRD T-LIGHTS,1.99,0.85,4.13,48,428.0
85039B,S/4 IVORY MINI ROSE CANDLE IN BOWL,1.52,0.42,1.65,109,1243.0
21078,SET/20 STRAWBERRY PAPER NAPKINS,0.84,0.64,1.63,537,6539.0
21981,PACK OF 12 WOODLAND TISSUES,0.31,0.2,0.83,386,25859.0
21647,ASSORTED TUTTI FRUTTI LARGE PURSE,2.1,2.1,2.1,106,785.0
17109A,FLOWER FAIRY INCENSE LILY,1.19,0.38,1.69,13,709.0
17109C,FLOWER FAIRY INCENSE ROSE,1.21,0.15,1.69,14,3123.0
20998,ROSE DU SUD OVEN GLOVE,2.94,2.55,2.95,58,217.0
21645,ASSORTED TUTTI FRUTTI ROUND BOX,1.65,1.65,1.65,113,915.0
21026,SPACE OWL,1.29,1.06,2.46,55,396.0
79328,BLUE FLOCK GLASS CANDLEHOLDER,0.61,0.38,1.65,11,586.0
22344,PARTY PIZZA DISH PINK POLKADOT,0.71,0.19,1.63,84,1344.0
22346,PARTY PIZZA DISH GREEN POLKADOT,0.69,0.19,1.63,61,1129.0
22345,PARTY PIZZA DISH BLUE POLKADOT,0.69,0.19,0.85,81,1281.0
22343,PARTY PIZZA DISH RED RETROSPOT,0.7,0.19,0.85,131,2964.0
17084R,ASSORTED INCENSE PACK,0.2,0.16,0.21,66,10625.0
21838,DADDY MOUSE RED GINGHAM BOW TIE,5.45,5.45,5.45,1,1.0
21983,PACK OF 12 BLUE PAISLEY TISSUES,0.32,0.2,0.83,260,5928.0
85135A,YELLOW DRAGONFLY HELICOPTER,7.95,7.95,7.95,45,71.0
85135B,BLUE DRAGONFLY HELICOPTER,7.95,7.95,7.95,75,97.0
79191C,RETRO PLASTIC ELEPHANT TRAY,0.84,0.63,0.85,107,1264.0
72796A,S/3 ENGLISH LAVENDER SQU CANDLE,1.65,1.65,1.65,5,11.0
72796B,S/3 FRENCH VANILLA SQU CANDLE,1.65,1.65,1.65,11,26.0
85035C,ROSE 3 WICK MORRIS BOX CANDLE,2.94,1.25,8.29,168,1302.0
85035A,GARDENIA 3 WICK MORRIS BOXED CANDLE,3.79,1.25,8.29,150,578.0
20869,GOLD FABRIC MIRROR,0.71,0.38,1.25,31,459.0
79190B,RETRO PLASTIC POLKA TRAY,0.42,0.32,0.42,95,1374.0
90214S,"LETTER ""S"" BLING KEY RING",1.17,0.29,1.25,35,111.0
90214J,"LETTER ""J"" BLING KEY RING",1.22,0.29,1.25,30,81.0
16258B,DAISY ERASERS IN BAG,0.29,0.19,0.42,13,1014.0
20986,BLUE CALCULATOR RULER,1.28,1.06,2.46,130,994.0
20985,HEART CALCULATOR,1.26,1.06,2.46,209,2074.0
37348,SET OF 4 PASTEL STACKING MUGS,2.55,2.55,2.55,5,12.0
72817,SET OF 2 CHRISTMAS DECOUPAGE CANDLE,1.0,0.79,1.63,121,1213.0
22279,POCKET BAG BLUE PAISLEY RED SPOT,1.58,1.06,2.46,120,1037.0
21557,SET OF 6 FUNKY BEAKERS,3.04,2.55,5.79,132,608.0
21992,VINTAGE PAISLEY STATIONERY SET,1.93,1.25,2.95,307,2058.0
18097B,BLUE TALL PORCELAIN T-LIGHT HOLDER,2.55,2.55,2.55,3,7.0
85221,ASSORTED COLOUR SILK COIN PURSE,0.87,0.38,1.25,41,3431.0
84526,GIANT BLACK SUNGLASSES,1.95,1.95,1.95,31,84.0
22096,PINK PAISLEY SQUARE TISSUE BOX,0.75,0.39,2.46,162,1634.0
85088,CANDY SPOT HAND BAG,2.18,1.69,4.13,44,273.0
37474,SET/4 2 TONE EGG SHAPE MIXING BOWLS,9.88,8.49,9.95,39,58.0
21933,PINK VINTAGE PAISLEY PICNIC BAG,2.25,1.65,2.95,466,3774.0
21932,SCANDINAVIAN PAISLEY PICNIC BAG,2.22,1.65,2.95,493,3487.0
84532B,FAIRY CAKES RECTANGLUAR BOXES,5.95,5.95,5.95,23,38.0
21249,WOODLAND  HEIGHT CHART STICKERS,2.91,1.66,2.95,188,1551.0
21935,SUKI  SHOULDER BAG,1.63,1.45,1.65,425,4867.0
21163,DO NOT TOUCH MY STUFF DOOR HANGER,1.03,0.38,1.45,210,2650.0
72811,SMALL ZINC/GLASS CANDLEHOLDER,1.3,0.38,1.49,20,441.0
22175,PINK OWL SOFT TOY,2.94,1.98,2.95,294,1743.0
22176,BLUE OWL SOFT TOY,2.94,2.55,2.95,216,1117.0
84802B,PURPLE ANEMONE ARTIFICIAL FLOWER,1.53,0.42,1.69,16,405.0
84597C,RETRO PINK BALL ASHTRAY,1.23,0.85,1.25,36,352.0
84520D,PACK OF 20 FAIRY CAKE PAPER NAPKINS,0.85,0.64,0.85,61,619.0
84925C,FAIRY CAKES  WALL THERMOMETER,2.55,2.55,2.55,10,28.0
82552,WASHROOM METAL SIGN,1.36,1.06,2.46,654,6746.0
21609,SET 12 LAVENDER  BOTANICAL T-LIGHTS,2.93,2.55,2.95,207,1487.0
21102,"CANDLE IN JAR COLLAGE , VANILLA",2.55,2.55,2.55,12,65.0
20621,ECONOMY PASSPORT COVER,2.1,2.1,2.1,29,199.0
21312,LARGE CHUNKY GLASS ROMAN BOWL,4.79,1.95,6.75,20,293.0
20714,POSY SHOPPER BAG,0.6,0.38,1.25,12,1513.0
84926C,FAIRY CAKES TILE COASTER,1.25,1.25,1.25,19,125.0
21617,4 LILY  BOTANICAL DINNER CANDLES,2.95,1.25,3.75,142,778.0
22123,PING MICROWAVE APRON,2.8,0.79,5.95,91,557.0
22313,OFFICE MUG WARMER PINK,3.33,1.25,5.79,105,950.0
82616C,MIDNIGHT GLAMOUR SCARF KNITTING KIT,1.95,1.25,2.95,78,539.0
20686,DOLLY MIXTURE CHILDREN'S UMBRELLA,3.26,2.75,6.63,160,561.0
21253,SET OF PICTURE FRAME  STICKERS,2.87,0.79,2.95,51,225.0
72803A,ROSE SCENT CANDLE JEWELLED DRAWER,4.2,0.5,4.25,91,715.0
47580,TEA TIME DES TEA COSY,2.54,2.1,4.96,260,1515.0
35599B,BLACK CHRISTMAS TREE 120CM,5.15,1.95,8.49,38,249.0
37501,TEA TIME TEA SET IN GIFT BOX,6.94,5.95,6.95,141,426.0
84968E,SET OF 16 VINTAGE BLACK CUTLERY,12.8,10.95,24.96,61,311.0
84660C,PINK STITCHED WALL CLOCK,2.4,0.79,3.75,55,689.0
79065A,TEATIME ROUND CAKE TINS,9.95,9.95,9.95,1,4.0
37476,CONDIMENT TRAY 4 BOWLS AND 4 SPOONS,9.84,8.49,9.95,27,44.0
71053,WHITE METAL LANTERN,3.71,3.39,8.29,587,4308.0
22354,RETROSPOT PADDED SEAT CUSHION,3.73,3.39,7.46,237,2080.0
84623,PINK GINGHAM ROSE FLOOR CUSHION,6.7,2.95,7.95,12,53.0
84619,BLUE GINGHAM ROSE QUILT,33.18,12.75,45.95,26,69.0
21628,TRIANGULAR POUFFE VINTAGE,14.78,12.75,14.95,39,104.0
79321,CHILLI LIGHTS,5.14,3.59,12.46,902,14697.0
79320,FLAMINGO LIGHTS,4.85,4.25,4.95,121,858.0
22227,HANGING HEART MIRROR DECORATION,0.66,0.55,1.25,377,5186.0
84405A,S/3 PINK COL METAL BASKET W HANDLE,10.94,4.95,12.75,43,120.0
21729,SMALL MARAKESH METAL  LANTERN,3.23,2.75,3.25,23,114.0
20889,JARDIN DE FEMME SCENTED CANDLE,2.03,0.3,2.95,12,656.0
21327,SKULLS WRITING SET,1.65,1.45,1.65,333,1512.0
21425,SKULLS STORAGE BOX LARGE,2.88,1.25,2.95,54,431.0
21614,SET OF 12 ROSE BOTANICAL T-LIGHTS,2.93,2.55,2.95,178,1601.0
21135,VICTORIAN  METAL POSTCARD SPRING,1.68,0.2,1.69,375,5449.0
21106,CREAM SLICE FLANNEL CHOCOLATE SPOT,2.91,2.55,2.95,120,698.0
21007,ETCHED GLASS DROPLET DECORATION,0.76,0.38,1.45,39,1905.0
79329,PINK FLOCK GLASS CANDLEHOLDER,1.29,0.38,1.65,7,100.0
22208,WOOD STAMP SET THANK YOU,1.22,0.5,3.29,309,2058.0
85103,SILVER T-LIGHT SETTING,6.63,5.95,6.75,52,209.0
22135,LADLE LOVE HEART PINK,0.44,0.36,0.83,103,1177.0
21115,ROSE CARAVAN DOORSTOP,6.42,1.95,14.13,356,1161.0
82616A,BUBBLE GUM SCARF KNITTING KIT,2.73,1.25,2.95,46,306.0
16012,FOOD/DRINK SPONGE STICKERS,0.21,0.16,0.21,82,2877.0
84249D,FAIRY CAKE GREETINGS CARD,0.42,0.36,0.42,54,797.0
22200,FRYING PAN PINK POLKADOT,4.11,1.25,8.29,224,1131.0
22202,MILK PAN PINK RETROSPOT,3.72,3.39,3.75,153,926.0
11001,ASSTD DESIGN RACING CAR PEN,1.73,0.5,3.29,175,3665.0
79192A,RETRO PLASTIC 70'S TRAY,1.25,1.25,1.25,30,106.0
22046,TEA PARTY  WRAPPING PAPER,0.42,0.34,0.42,206,6325.0
17033,"BROCADE PURSE,SMALL ARCH BUTTON",0.29,0.21,0.29,67,3243.0
21883,STARS GIFT TAPE,0.6,0.19,1.63,165,2038.0
21882,SKULLS TAPE,0.58,0.19,0.65,70,921.0
21884,CAKES AND BOWS GIFT  TAPE,0.55,0.19,0.65,68,1232.0
21881,CUTE CATS TAPE,0.6,0.19,1.63,65,1183.0
21880,RED RETROSPOT TAPE,0.58,0.19,0.65,144,1958.0
79336,LIGHT PINK FLOCK GLASS CANDLEHOLDER,0.86,0.38,1.65,16,832.0
22331,WOODLAND PARTY BAG + STICKER SET,1.65,1.45,3.29,343,3451.0
21012,ANTIQUE ALL GLASS CANDLESTICK,2.03,0.65,2.1,141,1470.0
85097B,BLUE ROCKING SINGING CANARY,3.75,3.75,3.75,32,97.0
21330,WOODLAND ANIMAL  WRITING SET,1.65,1.45,1.65,127,1357.0
85111,SILVER GLITTER FLOWER VOTIVE HOLDER,0.41,0.29,1.25,62,2728.0
21507,"ELEPHANT, BIRTHDAY CARD,",0.42,0.36,0.83,468,7946.0
22157,ANGEL DECORATION WITH LACE PADDED,0.85,0.85,0.85,110,1575.0
84952C,MIRROR LOVE BIRD T-LIGHT HOLDER,3.13,0.85,3.75,24,343.0
21519,GIN & TONIC DIET GREETING CARD,0.41,0.36,0.42,433,6981.0
21518,BANK ACCOUNT  GREETING  CARD,0.42,0.36,0.42,70,1016.0
84600,NEW BAROQUE JEWELLERY BOX,7.87,6.95,7.95,37,92.0
84510C,SET OF 4 POLKADOT COASTERS,1.28,1.06,2.46,67,224.0
17109B,FLOWER FAIRY INCENSE LAVENDER,1.18,0.15,1.69,16,4541.0
20669,RED HEART LUGGAGE TAG,1.25,1.06,1.25,132,627.0
21681,GIANT MEDINA STAMPED METAL BOWL,9.89,8.5,9.95,72,225.0
84828,JUNGLE POPSICLES ICE LOLLY HOLDERS,1.28,1.06,2.46,232,2274.0
10138,ASSORTED COLOUR JUMBO PEN,0.42,0.42,0.42,16,247.0
35981C,WHITE SNOW SCANDINAVIAN STOCKING,0.49,0.38,1.25,60,563.0
84510F,SET OF 4 NEW ENGLAND COASTERS,1.22,0.3,1.25,31,1092.0
20736,PINK MINI TAPE MEASURE,0.84,0.72,0.85,18,286.0
35961,FOLKART ZINC HEART CHRISTMAS DEC,0.84,0.72,0.85,397,10651.0
85162C,WHITE RETRODISC LAMPSHADE,2.15,1.95,9.95,41,898.0
17129D,CLEAR COLOUR GLASS GEMS IN BAG,0.76,0.64,0.85,19,518.0
47579,TEA TIME BREAKFAST BASKET,2.1,2.1,2.1,43,170.0
21337,SILVER WASHBAG,2.95,2.95,2.95,9,30.0
72484,ROSES IN WHITE HEART CANDLE,0.97,0.38,1.25,54,1805.0
37494A,FAIRY CAKE CERAMIC BUTTER DISH,2.9,2.55,2.95,23,190.0
20906,VINTAGE NOTEBOOK BEAUTY GIRL,2.95,2.95,2.95,28,77.0
85032A,ROMANTIC IMAGES GIFT WRAP SET,0.97,0.65,2.1,118,1383.0
85018D,YULETIDE IMAGES S/6 PAPER BOXES,2.02,0.85,2.55,63,762.0
84708B,PINK JEWELLED PHOTO FRAME,4.92,4.25,4.95,45,126.0
21391,FRENCH LAVENDER SCENT HEART,1.47,0.75,2.1,131,1289.0
90035C,"PEARL & SHELL 42""NECKL. IVORY",10.75,10.75,10.75,5,28.0
90082A,DIAMANTE BOW BROOCH GREEN COLOUR,6.35,6.35,6.35,20,42.0
21077,SET/20 WOODLAND PAPER NAPKINS,0.83,0.64,0.85,167,2745.0
90035B,"PEARL & SHELL 42""NECKL. PINK",10.19,8.49,10.75,4,43.0
21694,SMALL REGAL  SILVER CANDLEPOT,2.94,2.55,2.95,61,540.0
79163,BLACK CHAMPAGNE GLASS,0.98,0.39,1.65,56,1811.0
72779,SET/6 BLACK ROSE T-LIGHT CANDLES,1.69,1.69,1.69,15,48.0
85230G,ORANGE VOTIVE CANDLE,0.27,0.21,0.29,45,1632.0
72024U,LILAC VOTIVE CANDLE,0.21,0.21,0.21,10,218.0
84969,BOX OF 6 ASSORTED COLOUR TEASPOONS,4.32,3.29,8.29,168,645.0
22309,TEA COSY RED  STRIPE,2.57,2.1,4.96,167,1182.0
21559,STRAWBERRY LUNCH BOX WITH CUTLERY,2.54,2.1,4.96,948,7817.0
21973,SET OF 36 MUSHROOM PAPER DOILIES,1.44,1.25,1.45,159,1601.0
35918B,BLUE FLORIBUNDA EGG WARMER,1.25,1.25,1.25,5,10.0
85032D,YULETIDE IMAGES GIFT WRAP SET,1.27,0.65,2.1,90,1008.0
20990,SPRING FLOWER CHOPSTICKS SET/5,1.94,1.65,1.95,86,856.0
35914,PINK CHICK EGG WARMER + EGG CUP,1.6,0.85,2.1,28,175.0
21679,SKULLS  STICKERS,0.85,0.72,0.85,262,2939.0
47590A,BLUE HAPPY BIRTHDAY BUNTING,5.43,3.2,10.79,628,4613.0
35610B,BLACK CHRISTMAS FLOCK DROPLET,1.13,0.42,1.25,13,179.0
21820,GLITTER HEART GARLAND WITH BELLS,3.76,3.39,7.46,131,710.0
85164B,BLACK BAROQUE CUCKOO CLOCK,11.69,8.5,12.75,40,112.0
85168B,BLACK BAROQUE CARRIAGE CLOCK,9.68,8.29,9.95,23,37.0
85168A,WHITE BAROQUE CARRIAGE CLOCK,9.95,9.95,9.95,15,22.0
21924,BLUE/CREAM STRIPE FRINGE HAMMOCK,7.87,6.95,7.95,111,296.0
84795E,RIO PINK STRIPE HAMMOCK,7.95,7.95,7.95,5,10.0
21937,STRAWBERRY   PICNIC BAG,2.93,2.55,2.95,493,3755.0
22047,EMPIRE GIFT WRAP,0.42,0.34,0.42,257,7975.0
21251,DINOSAUR HEIGHT CHART STICKER SET,2.93,1.66,2.95,102,546.0
21676,FLOWERS  STICKERS,0.88,0.38,1.63,98,1102.0
85226A,WHITE/BLUE PULL BACK RACING CAR,0.55,0.42,0.55,112,1622.0
78056,CAMOUFLAGE BACKPACK ON WHEELS,9.95,9.95,9.95,1,2.0
21146,ANTIQUE GLASS RIDGED HANGING BALL,1.94,1.65,1.95,52,775.0
22084,PAPER CHAIN KIT EMPIRE,2.91,2.0,2.95,701,8356.0
85177,BASKET OF FLOWERS SEWING KIT,0.86,0.64,1.63,112,1765.0
22097,SWALLOW SQUARE TISSUE BOX,0.78,0.39,1.25,211,2021.0
90125E,AMBER BERTIE GLASS BEAD BAG CHARM,2.1,2.1,2.1,2,2.0
90125A,PINK BERTIE GLASS BEAD BAG CHARM,1.48,0.85,2.1,10,116.0
90129B,TURQUOISE GLASS TASSLE BAG CHARM,2.95,2.95,2.95,18,65.0
21552,CERAMIC BIRDHOUSE BLACK ROSE  LARGE,5.86,4.0,5.95,32,162.0
85136A,YELLOW SHARK HELICOPTER,7.95,7.95,7.95,66,88.0
84874B,BLUE TRAVEL FIRST AID KIT,1.65,1.65,1.65,28,78.0
72754D,F FAIRY POTPOURRI CUSHIONS SUMMER,1.69,1.69,1.69,1,1.0
20818,GOLD TEDDY BEAR,3.52,1.25,3.75,22,79.0
18007,ESSENTIAL BALM 3.5g TIN IN ENVELOPE,0.17,0.06,0.18,50,8935.0
21725,SWEETIES  STICKERS,0.85,0.85,0.85,108,1045.0
85185C,COW  SOCK PUPPET,2.95,2.95,2.95,26,54.0
21551,CERAMIC BIRDHOUSE BUTTERFLY LARGE,5.82,4.0,5.95,19,165.0
84497,BUTTONS AND STRIPES NOTEBOOK,3.75,3.75,3.75,32,90.0
84625C,BLUE NEW BAROQUE CANDLESTICK CANDLE,1.94,0.85,2.95,52,653.0
47592A,CAROUSEL DES CHILD'S OVERALL,2.1,2.1,2.1,36,194.0
47593B,SCOTTIE DOGS BABY BIB,0.68,0.39,1.25,124,1831.0
21158,MOODY GIRL DOOR HANGER,0.96,0.38,1.45,258,2413.0
21173,LOO ROLL  METAL SIGN,1.65,1.45,1.65,60,321.0
47420,ASSORTED COLOUR SUCTION CUP HOOK,0.19,0.19,0.19,29,354.0
22170,PICTURE FRAME WOOD TRIPLE PORTRAIT,6.69,4.62,13.29,495,2248.0
37506,NEW ENGLAND MILK JUG W GIFT BOX,5.95,5.95,5.95,22,28.0
37508,NEW ENGLAND CERAMIC CAKE SERVER,2.55,2.55,2.55,44,87.0
22129,PARTY CONES CANDY TREE DECORATION,0.88,0.72,2.46,106,2806.0
21632,VINTAGE PINK DECORATIVE PARASOL,11.33,3.95,12.75,31,101.0
47503G,ASS FLORAL PRINT TAPE MEASURE,1.24,1.06,1.25,24,235.0
84620,BLUE GINGHAM ROSE CUSHION COVER,5.95,5.95,5.95,46,111.0
22341,LOVE GARLAND PAINTED ZINC,1.69,1.45,3.29,135,2156.0
22342,HOME GARLAND PAINTED ZINC,1.34,0.75,1.65,110,1536.0
72818,CHRISTMAS DECOUPAGE CANDLE,0.7,0.39,1.63,105,2305.0
35793,S/3 PUPPIES CHRISTMAS DECORATIONS,2.02,0.85,2.95,8,101.0
21256,"FRENCH BOTTLE, BRASSERIE DES ARTIST",1.64,1.45,1.65,35,282.0
90148,LONG SILVER NECKLACE PASTEL FLOWER,12.75,12.75,12.75,15,24.0
90139,FLOWER BROOCH 4 ASSORTED COLOURS,4.95,4.95,4.95,3,5.0
90203,SILVER CHARM NECKLACE 70CM,7.5,7.5,7.5,23,59.0
90180A,BLACK+WHITE NECKLACE W TASSEL,9.58,2.95,9.95,19,35.0
90147,CHUNKY SILVER NECKLACE PASTEL FLOWE,9.95,9.95,9.95,34,65.0
90155,RESIN NECKLACE W PASTEL BEADS,7.5,7.5,7.5,12,21.0
84688,BEACH HUT DESIGN BLACKBOARD,3.95,1.65,4.25,43,355.0
21390,FILIGRIS HEART WITH BUTTERFLY,1.25,1.06,2.46,480,10547.0
35809B,ENAMEL BLUE RIM TEA CONTAINER,2.04,0.83,2.1,22,81.0
35810B,ENAMEL BLUE RIM COFFEE CONTAINER,1.69,0.83,2.1,49,295.0
90214A,"LETTER ""A"" BLING KEY RING",1.21,0.29,1.25,45,127.0
21972,SET OF 36 DINOSAUR PAPER DOILIES,1.45,1.45,1.45,132,999.0
21211,SET OF 72 SKULL PAPER  DOILIES,1.45,1.25,1.45,183,2309.0
90002E,FLOWER BURST SILVER RING GREEN,3.75,3.75,3.75,8,15.0
90002B,FLOWER BURST SILVER RING ROSE,3.75,3.75,3.75,7,18.0
90002D,FLOWER BURST SILVER RING CRYSTAL,3.73,3.25,3.75,20,89.0
90002C,FLOWER BURST SILVER RING MIDN'T BLU,3.75,3.75,3.75,10,23.0
90175D,TIGRIS EYE CHUNKY CHARM BRACELET,8.95,8.95,8.95,15,28.0
90190A,SILVER/CRYSTAL DROP EARRINGS W LEAF,2.95,2.95,2.95,8,18.0
90072,RUBY DROP CHANDELIER EARRINGS,3.75,3.75,3.75,5,18.0
90073,VINTAGE ENAMEL & CRYSTAL EARRINGS,4.95,4.95,4.95,7,22.0
84535A,ENGLISH ROSE NOTEBOOK A6 SIZE,0.65,0.42,0.65,48,575.0
47570,ENGLISH ROSE TABLE CLOTH,10.62,8.49,10.65,66,207.0
84247K,"FOLK ART GREETING CARD,pack/12",2.95,2.95,2.95,24,70.0
21704,BAG 250g SWIRLY MARBLES,0.85,0.72,1.63,460,15480.0
21468,BUTTERFLY CROCHET FOOD COVER,3.8,2.95,7.46,116,617.0
85185F,LION SOCK PUPPET,2.95,2.95,2.95,17,35.0
21655,HANGING RIDGE GLASS T-LIGHT HOLDER,1.65,1.45,1.69,66,1188.0
47556,SET/2 SPOTTY + ROSE TEA TOWELS,2.55,2.55,2.55,1,1.0
22210,WOOD STAMP SET BEST WISHES,1.21,0.5,3.29,225,1449.0
84558A,3D DOG PICTURE PLAYING CARDS,2.95,2.55,2.95,169,1207.0
20980,36 PENCILS TUBE POSY,1.25,1.25,1.25,39,171.0
84818,DANISH ROSE PHOTO FRAME,1.76,0.79,2.55,147,1626.0
21350,GINGHAM HEART WREATH,2.94,2.55,2.95,41,224.0
21010,ETCHED GLASS BIRD TREE DECORATION,1.25,1.25,1.25,66,806.0
71038,WHITE HANGING BEADS CANDLE HOLDER,5.41,4.65,5.45,141,704.0
21291,SMALL SPOTTY CHOCOLATE GIFT BAG,0.84,0.64,0.85,123,2326.0
21873,IF YOU CAN'T STAND THE HEAT MUG,1.27,0.42,3.29,146,1715.0
21872,GLAMOROUS  MUG,1.28,0.8,3.29,283,5014.0
21874,GIN AND TONIC MUG,1.28,0.95,1.65,452,6095.0
72598,SET/12 TAPER CANDLES,0.84,0.64,0.85,89,1042.0
21358,TOAST ITS - HAPPY BIRTHDAY,1.25,1.05,1.25,158,1026.0
21262,WHITE GOOSE FEATHER CHRISTMAS TREE,3.82,2.95,16.95,80,457.0
16202B,PASTEL BLUE PHOTO ALBUM,3.42,0.17,5.55,14,562.0
20905,VINTAGE KEEPSAKE BOX BEAUTY GIRL,6.35,6.35,6.35,3,6.0
35965,FOLKART HEART NAPKIN RINGS,2.42,0.79,2.95,81,351.0
46775B,BERRIES CHUNKY KNITTED THROW,16.95,16.95,16.95,4,5.0
47578A,ENGLISH ROSE SMALL SCENTED FLOWER,0.85,0.85,0.85,49,280.0
85151,WELCOME METAL SIGN,1.25,1.25,1.25,8,44.0
20693,FLORAL DINOSAUR GREEN,4.25,4.25,4.25,12,26.0
84705D,CHERRY BLOSSOM PHOTO FRAME,4.65,4.65,4.65,3,10.0
21665,TRIANGULAR RIDGED GLASS POSY HOLDER,0.64,0.55,0.65,40,766.0
84247J,PACK/12 RUSSIAN DOLL CARDS,2.95,2.95,2.95,2,2.0
35241,ENAMEL BLUE RIM BISCUIT BIN,4.87,4.25,4.95,89,264.0
84971S,SMALL HEART FLOWERS HOOK,0.85,0.39,1.63,325,6206.0
21494,ROTATING LEAVES T-LIGHT HOLDER,1.47,0.85,2.55,241,2813.0
22265,EASTER DECORATION NATURAL CHICK,0.65,0.55,0.65,134,1781.0
79030G,"TUMBLER, NEW ENGLAND",1.04,0.39,1.65,93,1692.0
79030A,"TUMBLER, ENGLISH ROSE",1.65,1.65,1.65,20,151.0
21171,BATHROOM METAL SIGN,1.42,1.25,1.45,226,1810.0
85129C,BEADED CRYSTAL HEART BLUE SMALL,1.32,1.06,2.46,48,370.0
21384,IVORY HANGING DECORATION  BUTTERFLY,0.85,0.72,0.85,113,1733.0
21388,IVORY HANGING DECORATION  CHICKEN,0.85,0.85,0.85,27,287.0
21444,BLUE CHALET BIRDFEEDER,3.68,2.5,3.75,19,272.0
84705A,ENGLISH ROSE PHOTO FRAME,4.65,4.65,4.65,7,14.0
85163A,WHITE BAROQUE WALL CLOCK,12.19,3.95,12.75,41,79.0
85165,CANDY PINK FRENCH BOUDOIR CLOCK,9.95,9.95,9.95,11,16.0
35004P,SET OF 3 PINK FLYING DUCKS,5.04,1.95,5.45,21,84.0
85166A,WHITE METAL BAROQUE PHOTO FRAME,3.13,1.25,3.75,8,72.0
84705F,RED PEONY PHOTO FRAME,4.65,4.65,4.65,5,8.0
22054,MINI CAKE STAND HANGING HEARTS,1.64,1.45,1.65,51,321.0
21613,S/12 VANILLA  BOTANICAL T-LIGHTS,2.94,2.55,2.95,135,620.0
84690,S/2 BEACH HUT STOOLS,7.95,7.95,7.95,11,22.0
21282,NATURAL BARK CANDLE LARGE,4.21,3.75,4.25,58,325.0
72351A,SET/6 TURQUOISE BUTTERFLY T-LIGHTS,2.07,1.69,2.1,350,3632.0
85114C,RED ENCHANTED FOREST PLACEMAT,1.65,1.45,1.65,127,961.0
21193,WHITE HONEYCOMB PAPER FAN,2.07,1.69,2.1,14,84.0
85080,PADDED RED HEART DECORATION,0.53,0.42,1.25,22,113.0
35603C,SET/16 WHITE SHINY & MATT BAUBLES,0.71,0.42,2.1,22,80.0
21824,PAINTED METAL STAR WITH HOLLY BELLS,1.06,0.39,1.45,158,2280.0
21823,PAINTED METAL HEART WITH HOLLY BELL,1.15,0.39,1.45,165,2244.0
21803,CHRISTMAS TREE STAR DECORATION,0.42,0.42,0.42,101,2489.0
20793,BLUE TILED TRAY,6.32,0.75,6.75,14,268.0
85031C,CURIOUS IMAGES SCRAP BOOK SET,3.76,1.25,4.95,28,343.0
79160,HEART SHAPE WIRELESS DOORBELL,2.07,1.69,2.1,97,752.0
20620,RED SPOTTY PASSPORT COVER,2.1,2.1,2.1,1,1.0
84765,SILVER ROCOCO CANDELABRA,12.75,12.75,12.75,4,7.0
72800A,S/4 BLACK DINNER CANDLE SILVER FLOC,2.23,0.79,2.55,34,661.0
35471A,SET OF 3 BIRD L.BLUE FEATHER,1.2,0.65,1.25,53,336.0
47563A,RETRO LONGBOARD IRONING BOARD COVER,1.98,1.25,3.75,62,224.0
20783,HEART EAR MUFF HEADPHONES,5.44,4.65,5.49,31,127.0
21267,VINTAGE PINK TINSEL REEL,2.1,2.1,2.1,4,13.0
85031A,ROMANTIC IMAGES SCRAP BOOK SET,3.78,1.25,4.95,38,386.0
82553,POP'S GREASY SPOON METAL SIGN,1.65,1.65,1.65,20,86.0
21944,KITTENS DESIGN FLANNEL,0.78,0.38,0.85,75,1538.0
37477B,"FLOWER FAIRY MUG+COASTER,LAVENDER",3.75,3.75,3.75,8,10.0
85025C,PINK HEART SHAPE PHOTO FRAME,1.65,1.45,1.65,92,642.0
37464,ROBOT MUG IN DISPLAY BOX,1.24,1.06,1.25,46,275.0
35911A,MULTICOLOUR RABBIT EGG WARMER,1.5,0.83,2.1,41,260.0
21348,PINK SPOTS CHOCOLATE NESTING BOXES,2.76,1.25,2.95,113,803.0
82011B,BATHROOM SCALES RUBBER DUCKS,3.67,2.95,3.75,39,84.0
85033G,SET/6 GOLD REINDEER T-LIGHT CANDLES,1.44,0.65,1.95,17,201.0
20618,QUEEN OF THE SKIES PASSPORT COVER,2.09,1.69,2.1,74,193.0
85185B,PINK HORSE SOCK PUPPET,2.94,2.55,2.95,145,546.0
35599D,PINK AND WHITE CHRISTMAS TREE 120CM,2.77,1.95,5.79,39,322.0
21555,CERAMIC STRAWBERRY TRINKET TRAY,2.54,2.25,2.55,51,316.0
22260,FELT EGG COSY BLUE RABBIT,0.88,0.72,1.63,106,1171.0
22255,FELT TOADSTOOL  SMALL,0.85,0.85,0.85,84,962.0
22254,FELT TOADSTOOL LARGE,1.25,1.06,1.25,107,1234.0
37327,ASSTD MULTICOLOUR CIRCLES MUG,0.58,0.39,1.69,52,1535.0
84875A,PINK SQUARE COMPACT MIRROR,3.75,3.75,3.75,11,15.0
35821P,"JEWELLED DECORATION,PINK",2.95,2.95,2.95,2,2.0
18098C,PORCELAIN BUTTERFLY OIL BURNER,2.89,1.25,2.95,176,1099.0
62018,SOMBRERO,1.79,1.25,1.95,123,9548.0
22220,CAKE STAND LOVEBIRD 2 TIER WHITE,9.39,2.95,9.95,229,674.0
90129C,GREEN GLASS TASSLE BAG CHARM,2.95,2.95,2.95,17,50.0
35653,VINTAGE BEAD NOTEBOOK,2.95,2.95,2.95,56,183.0
20988,TRELLIS FLOWER CHOPSTICKS SET/5,1.95,1.95,1.95,9,24.0
84572,6 HOOK JEWEL STAND LILAC DRESS,8.49,8.49,8.49,1,1.0
17084N,FAIRY DREAMS INCENSE,0.21,0.16,0.21,67,2391.0
21011,GLITTER SNOW PEAR TREE DECORATION,1.17,0.38,1.45,101,1774.0
20950,SET/6  ANGEL T-LIGHTS WHITE/GOLD,0.46,0.42,1.25,65,652.0
21550,CERAMIC BIRDHOUSE CRESTED TIT LARGE,5.89,4.0,5.95,53,281.0
47569,ENGLISH ROSE DESIGN SHOPPING BAG,2.55,2.55,2.55,1,1.0
17084G,MOON INCENSE,0.21,0.21,0.21,2,50.0
10080,GROOVY CACTUS INFLATABLE,0.51,0.39,0.85,26,303.0
21846,PINK DIAMANTE PEN IN GIFT BOX,4.2,1.25,8.29,83,929.0
21849,SILVER DIAMANTE PEN IN GIFT BOX,4.38,1.25,8.29,58,364.0
21851,LILAC DIAMANTE PEN IN GIFT BOX,4.6,1.25,8.29,46,383.0
20871,OPULENT VELVET SET/3 CANDLES,1.84,1.25,2.1,75,1201.0
21118,SHOPPING BAG DOORSTOP,2.54,1.25,5.75,7,69.0
35751D,PINK CURRENT CANDLE RING,0.19,0.19,0.19,1,28.0
35968,FOLK ART METAL HEART T-LIGHT HOLDER,0.38,0.2,0.38,56,701.0
72038P,PRICE'S CANDLE PEACH,0.14,0.08,0.21,8,1000.0
72750A,"F.FAIRY S/3 CANDLE/GLASS,LILY/VALLY",2.45,1.95,5.95,16,383.0
35015,JACOBS LADDER SMALL,0.06,0.06,0.06,38,2064.0
90014C,SILVER/BLACK ORBIT NECKLACE,9.45,2.95,9.95,14,23.0
20819,SILVER TEDDY BEAR,3.62,1.25,7.46,50,208.0
16202E,BLACK PHOTO ALBUM,2.49,0.5,5.55,12,80.0
16201B,PASTEL BLUE PHOTO ALBUM,1.95,1.95,1.95,2,24.0
16201A,PASTEL PINK PHOTO ALBUM,2.55,1.95,6.75,8,100.0
20696,FLORAL SOFT CAR TOY,3.75,3.75,3.75,34,123.0
85089,CANDY SPOT BUNNY,2.89,2.55,2.95,18,87.0
40046A,RED DAISY PAPER LAMPSHADE,1.24,1.06,1.25,34,321.0
22182,CAKE STAND VICTORIAN FILIGREE SMALL,4.5,1.25,4.95,65,359.0
22183,CAKE STAND VICTORIAN FILIGREE MED,6.32,2.1,6.75,60,279.0
16202C,BEIGE PHOTO ALBUM,3.03,1.95,5.55,10,94.0
85224,ASSORTED COLOUR SILK GLASSES CASE,1.34,0.38,2.1,47,1987.0
22078,RIBBON REEL LACE DESIGN,2.09,1.85,2.1,383,3770.0
22149,FELTCRAFT 6 FLOWER FRIENDS,2.09,1.66,4.13,1183,11546.0
85007,SET OF 3 VINTAGE TEA TIME BOXES,3.86,1.65,4.65,18,136.0
22314,OFFICE MUG WARMER CHOC+BLUE,3.55,1.25,5.79,179,1018.0
22311,OFFICE MUG WARMER BLACK+SILVER,3.38,2.55,5.79,185,1926.0
21076,SET/20 COLLAGE PAPER NAPKIN,0.84,0.64,0.85,72,758.0
22059,CERAMIC STRAWBERRY DESIGN MUG,1.41,0.39,1.49,362,4786.0
84569D,PACK 6 HEART/ICE-CREAM PATCHES,1.26,1.25,2.46,95,798.0
22209,WOOD STAMP SET HAPPY BIRTHDAY,1.24,0.5,3.29,190,1235.0
21402,RED  EGG  SPOON,0.25,0.12,0.42,102,1589.0
21403,BLUE EGG  SPOON,0.23,0.12,0.42,108,2151.0
21285,RETROSPOT CANDLE  MEDIUM,1.71,0.39,4.13,70,926.0
21134,VICTORIAN METAL POSTCARD CHRISTMAS,1.65,1.65,1.65,42,351.0
17136A,BLUE STONES ON WIRE FOR CANDLE,0.11,0.08,0.21,34,743.0
35471D,SET OF 3 BIRD LIGHT PINK FEATHER,0.72,0.39,1.25,204,1949.0
21144,PINK POODLE HANGING DECORATION,0.51,0.38,1.45,41,493.0
22177,5 HOOK BLACKBOARD ORGANISER,9.89,6.68,9.95,97,282.0
82607A,GLASS BONBON JAR PARFUME AUX FLEURE,1.24,1.06,1.25,87,562.0
82607E,GLASS BONBON JAR. D'AMANDES,1.25,1.25,1.25,25,101.0
82607C,GLASS BONBON JAR. SUPERFINES,1.25,1.25,1.25,21,90.0
72369A,PINK CLEAR GLASS CANDLE PLATE,1.25,1.25,1.25,8,53.0
72351B,SET/6 PINK  BUTTERFLY T-LIGHTS,2.07,1.69,2.1,417,5660.0
22228,BUNNY WOODEN PAINTED WITH BIRD,0.77,0.39,0.85,174,1465.0
21438,TUB 24 HANGING EASTER EGGS SPOTTY,3.73,2.95,3.75,32,356.0
22270,HAPPY EASTER HANGING DECORATION,3.74,3.39,3.75,127,612.0
22284,HEN HOUSE DECORATION,1.65,1.0,1.65,231,2317.0
79000,MOROCCAN TEA GLASS,0.83,0.64,0.85,331,11117.0
85017A,ENVELOPE 50 ROMANTIC IMAGES,0.83,0.42,0.85,53,924.0
72807C,SET/3 VANILLA SCENTED CANDLE IN BOX,4.21,3.81,4.25,236,1711.0
21206,STRAWBERRY HONEYCOMB  GARLAND,1.61,0.65,1.65,189,2056.0
21203,BUTTERFLIES  HONEYCOMB GARLAND,1.64,1.45,1.65,104,1396.0
21188,3D HEARTS  HONEYCOMB PAPER GARLAND,2.93,2.55,2.95,94,856.0
85179C,PINK BITTY LIGHT CHAIN,2.61,1.25,4.65,10,77.0
85179A,GREEN BITTY LIGHT CHAIN,3.56,1.25,9.13,26,139.0
85180B,PINK HEARTS LIGHT CHAIN,3.83,1.25,4.65,32,279.0
85180A,RED HEARTS LIGHT CHAIN,3.72,1.25,9.13,65,547.0
21123,SET/10 IVORY POLKADOT PARTY CANDLES,1.24,0.83,1.25,187,2524.0
85185E,DUCK SOCK PUPPET,2.95,2.95,2.95,2,4.0
85185D,FROG SOCK PUPPET,2.93,2.55,2.95,45,168.0
22166,"WALL MIRROR , RECT DIAMANTE, PINK/",7.38,2.95,7.95,39,301.0
21773,DECORATIVE ROSE BATHROOM BOTTLE,1.15,0.42,1.25,105,1252.0
79164,BLACK WINE GLASS,1.3,0.39,1.65,67,3624.0
16169M,WRAP DAISY CARPET,0.35,0.19,0.42,59,2060.0
21629,SQUARE FLOOR CUSHION VINTAGE RED,7.91,6.95,7.95,49,101.0
21769,VINTAGE POST OFFICE CABINET,77.53,52.77,79.95,46,121.0
21666,RIDGED GLASS T-LIGHT HOLDER,0.64,0.55,0.65,68,1678.0
21696,SMALL SILVER TRELLIS CANDLEPOT,2.95,2.95,2.95,92,704.0
21693,SMALL HAMMERED SILVER CANDLEPOT,2.95,2.55,2.95,99,810.0
21687,SILVER PLATE CANDLE BOWL LARGE,3.73,3.39,3.75,77,445.0
21688,SILVER PLATE CANDLE BOWL SMALL,2.95,2.95,2.95,107,844.0
21651,HANGING GLASS ETCHED TEALIGHT,1.64,1.45,1.65,107,1301.0
84993B,75 BLACK PETIT FOUR CASES,0.42,0.42,0.42,77,521.0
85040A,S/4 PINK FLOWER CANDLES IN BOWL,1.67,1.45,3.29,308,1890.0
90083,CRYSTAL CZECH CROSS PHONE CHARM,1.06,0.19,1.63,8,44.0
16215,FUNKY GIRLZ MAGNETIC TO DO LIST,0.65,0.65,0.65,3,8.0
21380,WOODEN HAPPY BIRTHDAY GARLAND,2.96,2.55,5.79,538,4301.0
21185,HOME SWEET HOME  BLACKBOARD,6.32,5.49,6.35,33,113.0
21294,ETCHED GLASS COASTER,0.88,0.39,1.25,116,2130.0
21145,ANTIQUE GLASS PLACE SETTING,1.24,1.06,1.25,38,827.0
15039,SANDALWOOD FAN,0.83,0.53,0.85,178,4106.0
84627,CANDY STRIPE ROSE C/COVER,5.95,5.95,5.95,18,42.0
21648,ASSORTED TUTTI FRUTTI SMALL PURSE,1.24,1.06,1.25,117,2490.0
21276,TWO EMBOSSED HEART MINI DRAWERS,3.88,1.95,6.95,28,676.0
35832,WOOLLY HAT SOCK GLOVE ADVENT STRING,3.0,2.55,5.95,162,1687.0
22310,IVORY KNITTED MUG COSY,1.7,1.45,3.29,109,1477.0
22308,TEA COSY BLUE STRIPE,2.64,2.1,4.96,96,489.0
21620,SET OF 4 ROSE BOTANICAL CANDLES,2.37,1.25,3.75,178,993.0
21690,SILVER  CANDLEPOT JARDIN,3.74,2.95,3.75,75,248.0
84537B,FAIRY CAKES GIFT BAG,0.42,0.42,0.42,11,117.0
22033,BOTANICAL ROSE GREETING CARD,0.42,0.36,0.42,107,1552.0
22032,BOTANICAL LILY GREETING CARD,0.42,0.36,0.42,74,903.0
16161M,WRAP  PINK FLOCK,0.42,0.34,0.42,38,1025.0
21450,DISTRESSED CANDLE STICK WHITE,5.95,5.95,5.95,2,3.0
84763,ZINC FINISH 15CM PLANTER POTS,1.25,1.06,1.25,148,1467.0
35810A,ENAMEL PINK COFFEE CONTAINER,1.41,0.83,2.1,104,1117.0
35809A,ENAMEL PINK TEA CONTAINER,1.6,0.83,2.1,110,1037.0
35811A,ENAMEL PINK SUGAR CONTAINER,1.89,0.85,2.1,47,391.0
21157,RED SPOTTY WASHBAG,2.1,1.69,2.1,109,606.0
84569C,PACK 4 FLOWER/BUTTERFLY PATCHES,1.25,1.25,1.25,48,338.0
21110,LARGE CAKE TOWEL PINK SPOTS,6.29,1.95,6.75,227,1247.0
22061,LARGE CAKE STAND  HANGING STRAWBERY,9.54,2.95,9.95,424,2027.0
21054,NURSE'S BAG SOFT TOY,8.94,7.95,8.95,163,350.0
21056,DOCTOR'S BAG SOFT TOY,9.25,7.95,16.63,172,440.0
20702,PINK PADDED MOBILE,4.23,3.75,4.25,229,748.0
21303,FILIGREE WALL MIRROR  ANTIQUE WHITE,12.37,5.95,16.95,25,91.0
22133,PINK LOVE HEART SHAPE CUP,0.86,0.72,1.63,170,2186.0
22132,RED LOVE HEART SHAPE CUP,0.85,0.72,1.63,237,3032.0
21914,BLUE HARMONICA IN BOX,1.27,1.06,2.46,810,11734.0
82605,OLD DOC RUSSEL METAL SIGN,2.1,2.1,2.1,87,218.0
85131A,BEADED PEARL HEART WHITE ON STICK,1.05,0.38,1.25,76,1374.0
21657,MILK BOTTLE WITH GLASS STOPPER,6.91,5.95,6.95,85,217.0
85078,SCANDINAVIAN 3 HEARTS NAPKIN RING,0.38,0.19,1.63,84,2044.0
84745A,PINK HANGING GINGHAM EASTER HEN,0.42,0.42,0.42,15,72.0
84745B,BLUE HANGING GINGHAM EASTER HEN,0.42,0.42,0.42,17,83.0
22292,HANGING CHICK  YELLOW DECORATION,1.44,0.85,1.45,181,2638.0
22287,"DECORATION , WOBBLY CHICKEN, METAL",1.31,0.39,1.65,89,1284.0
22286,"DECORATION , WOBBLY RABBIT , METAL",1.34,0.39,1.65,144,1819.0
20878,SET/9 CHRISTMAS T-LIGHTS SCENTED,1.24,1.06,1.25,67,689.0
21284,RETROSPOT CANDLE  SMALL,1.31,0.39,3.29,93,1445.0
84882,GREEN WIRE STANDING CANDLE HOLDER,3.75,3.75,3.75,27,55.0
21936,RED RETROSPOT PICNIC BAG,2.94,2.55,5.79,776,7304.0
21427,SKULLS STORAGE BOX SMALL,2.05,0.85,2.1,66,429.0
22090,PAPER BUNTING RETROSPOT,2.91,2.0,5.79,1246,14266.0
22332,SKULLS PARTY BAG + STICKER SET,1.64,1.45,1.65,327,3188.0
21626,VINTAGE UNION JACK PENNANT,1.95,1.95,1.95,154,1372.0
22100,SKULLS SQUARE TISSUE BOX,0.97,0.39,1.25,81,943.0
22053,EMPIRE DESIGN ROSETTE,1.24,0.82,1.25,66,4518.0
79026B,"S/4 ICON COASTER,ELVIS LIVES",0.94,0.39,1.25,22,51.0
10109,BENDY COLOUR PENCILS,0.42,0.42,0.42,1,4.0
21910,WAY OUT METAL SIGN,1.64,1.0,1.65,101,1034.0
37345,ASSTD HEARTS DESIGN MUGS,1.9,1.65,1.95,6,318.0
22204,MILK PAN BLUE RETROSPOT,3.62,1.25,3.75,95,405.0
82613A,"METAL SIGN,CUPCAKE SINGLE HOOK",1.25,1.25,1.25,81,448.0
82613B,"METAL SIGN,CUPCAKE SINGLE HOOK",1.14,0.42,1.25,94,638.0
82613C,"METAL SIGN,CUPCAKE SINGLE HOOK",1.12,0.42,1.25,71,526.0
84509G,SET OF 4 FAIRY CAKE PLACEMATS,3.35,1.25,3.75,125,761.0
21564,PINK  HEART SHAPE LOVE BUCKET,2.86,0.79,5.79,248,1890.0
84687,BEACH HUT SHELF W 3 DRAWERS,5.07,1.95,5.95,51,290.0
84902,PINK KNITTED COW STUFFED TOY,3.73,3.39,3.75,33,58.0
21984,PACK OF 12 PINK PAISLEY TISSUES,0.32,0.25,0.83,347,25078.0
21153,RED SPOTTY TABLECLOTH,10.63,8.49,10.65,123,370.0
21536,DAIRY MAID  SMALL  MILK JUG,2.1,2.1,2.1,53,213.0
90214C,"LETTER ""C"" BLING KEY RING",1.14,0.29,1.25,35,114.0
90214D,"LETTER ""D"" BLING KEY RING",1.15,0.29,1.25,19,65.0
35953,FOLKART STAR CHRISTMAS DECORATIONS,0.63,0.39,1.25,105,3276.0
37422,WHITE WITH BLACK CATS BOWL,0.82,0.2,0.85,27,344.0
21127,COLOURFUL FISHING GNOME,5.8,1.25,5.95,36,284.0
21187,WHITE BELL HONEYCOMB PAPER GARLAND,1.64,1.45,1.65,108,1251.0
85083,KISS REINDEER SCANDINAVIAN STOCKING,2.55,2.55,2.55,2,5.0
82599,FANNY'S REST STOPMETAL SIGN,2.08,1.69,2.1,354,2312.0
37333,"RETRO ""TEA FOR ONE""",4.49,1.95,4.95,34,120.0
84989B,75 BLACK FAIRY CAKE CASES,0.54,0.42,0.55,46,985.0
37423,WHITE WITH BLACK CATS PLATE,0.78,0.1,0.85,24,3139.0
72799A,BLACK PILLAR CANDLE SILVER FLOCK,2.46,1.25,2.95,18,612.0
85173,SET/6 FROG PRINCE T-LIGHT CANDLES,2.32,0.79,4.96,102,954.0
21644,ASSORTED TUTTI FRUTTI HEART BOX,1.25,1.25,1.25,113,980.0
21643,ASSORTED TUTTI FRUTTI MIRROR,1.24,1.06,1.25,102,1308.0
35824C,"HANGING FLOWERS+MIRROR,CLEAR",0.94,0.38,1.49,8,235.0
35817B,"ACRYLIC JEWEL SNOWFLAKE,BLUE",1.47,0.38,2.55,2,142.0
84875D,BLUE SQUARE COMPACT MIRROR,1.72,1.25,3.75,37,371.0
46000U,POLYESTER FILLER PAD 30CMx30CM,1.25,1.25,1.25,51,251.0
15059A,ENGLISH ROSE EDWARDIAN PARASOL,3.0,3.0,3.0,1,505.0
84255B,ORANGE COCKTAIL GLASS LAMP,2.1,2.1,2.1,14,60.0
46776F,WOVEN ROSE GARDEN CUSHION COVER,4.51,1.25,4.95,17,172.0
15060B,FAIRY CAKE DESIGN UMBRELLA,3.77,2.95,8.29,268,1130.0
84912A,PINK ROSE WASHBAG,3.73,2.0,3.75,97,891.0
84922,PINK BUTTERFLY WASHBAG,4.03,2.0,4.25,10,335.0
21000,ROSE DU SUD COSMETICS BAG,4.19,2.0,4.25,40,616.0
90190B,GOLD/AMBER DROP EARRINGS W LEAF,2.95,2.95,2.95,6,34.0
90178A,AMBER CHUNKY GLASS+BEAD NECKLACE,11.95,11.95,11.95,15,21.0
90019C,SILVER BLACK ORBIT BRACELET,4.95,4.95,4.95,7,10.0
90024C,NEW BAROQUE B'FLY NECKLACE GREEN,8.5,8.5,8.5,5,6.0
90011B,BLACK CRYSTAL DROP EARRINGS,2.95,2.95,2.95,4,9.0
90012B,BLACK DROP CRYSTAL NECKLACE,5.28,2.95,9.95,3,13.0
85023B,EAU DE NILE JEWELLED PHOTOFRAME,2.54,2.1,2.55,36,220.0
84937,KASHMIR FOLKART TUMBLERS,2.09,1.69,2.1,82,2474.0
21509,COWBOYS AND INDIANS BIRTHDAY CARD,0.42,0.36,0.83,497,8443.0
79190D,RETRO PLASTIC DAISY TRAY,0.42,0.42,0.42,73,575.0
79190A,RETRO PLASTIC 70'S TRAY,0.42,0.42,0.42,72,681.0
85114B,IVORY ENCHANTED FOREST PLACEMAT,1.64,1.45,1.65,156,1751.0
21116,OWL DOORSTOP,4.94,4.25,8.29,246,954.0
10134,COLOURING PENCILS BROWN TUBE,1.24,1.06,1.25,47,602.0
21279,VINTAGE KITCHEN PRINT FRUITS,2.51,0.25,2.55,55,1839.0
21051,RIBBONS PURSE,2.1,1.69,4.13,91,651.0
72803B,OCEAN SCENT CANDLE JEWELLED DRAWER,4.25,4.25,4.25,33,87.0
47592B,SCOTTIES DESIGN CHILD'S OVERALL,2.1,2.1,2.1,18,47.0
84548,CROCHET BEAR RED/BLUE  KEYRING,1.65,1.65,1.65,12,41.0
84676,BATH DUCK WATERING CAN,2.88,1.2,2.95,98,832.0
16015,MEDIUM CHINESE STYLE SCISSOR,0.49,0.36,0.5,65,1572.0
85098B,BLUE FLYING SINGING CANARY,3.73,2.95,3.75,82,319.0
20764,ABSTRACT CIRCLES SKETCHBOOK,3.69,1.25,7.46,143,593.0
84706B,FAIRY CAKES TABLE CLOCK,8.95,8.95,8.95,8,19.0
35004G,SET OF 3 GOLD FLYING DUCKS,5.23,1.95,6.35,64,347.0
22334,DINOSAUR PARTY BAG + STICKER SET,1.65,1.45,3.29,244,2184.0
37441,ASSORTED WHITE EMBOSSED CHINA MUGS,2.06,1.85,2.1,39,674.0
20893,HANGING BAUBLE T-LIGHT HOLDER SMALL,2.52,2.1,2.55,59,392.0
22074,6 RIBBONS SHIMMERING PINKS,1.39,0.39,3.29,151,1729.0
20733,GOLD MINI TAPE MEASURE,0.81,0.42,0.85,100,1246.0
21682,LARGE MEDINA STAMPED METAL BOWL,4.98,4.25,9.96,140,547.0
21392,RED SPOTTY PUDDING BOWL,1.9,0.13,2.1,36,3878.0
35958,FOLKART ZINC STAR CHRISTMAS DEC,0.85,0.85,0.85,69,1100.0
84725,FREESTYLE CANVAS ART PICTURE,2.04,0.75,4.25,28,133.0
84721,MANHATTAN CANVAS ART PICTURE,8.35,3.95,12.75,2,20.0
21506,"FANCY FONT BIRTHDAY CARD,",0.42,0.36,0.42,541,10382.0
84247G,"DECOUPAGE,GREETING CARD,",0.42,0.36,0.42,87,1332.0
22057,CERAMIC PLATE STRAWBERRY DESIGN,1.38,0.39,1.49,169,2839.0
84581,DOG TOY WITH PINK CROCHET SKIRT,3.75,3.39,4.13,177,441.0
79338,DARK PINK FLOCK GLASS CANDLEHOLDER,0.89,0.38,1.65,10,547.0
21728,METAL MEDINA LANTERN,12.38,8.0,12.75,35,293.0
21324,HANGING MEDINA LANTERN SMALL,2.93,2.0,2.95,124,885.0
21667,GLASS CAKE COVER AND PLATE,16.62,14.95,16.95,134,309.0
21055,TOOL BOX SOFT TOY,9.21,8.95,16.63,174,309.0
21288,STRIPEY CHOCOLATE NESTING BOXES,2.8,1.25,2.95,129,827.0
22098,BOUDOIR SQUARE TISSUE BOX,0.87,0.39,2.46,229,2714.0
47562,ENGLISH ROSE IRONING BOARD COVER,3.75,3.75,3.75,40,101.0
85136B,BLUE SHARK HELICOPTER,7.95,7.95,7.95,39,49.0
22291,"SPRING DEC , HANGING CHICK CREAM",1.42,0.85,1.45,207,3042.0
84906,PINK B'FLY C/COVER W BOBBLES,5.06,1.95,5.95,18,58.0
21389,IVORY HANGING DECORATION  BIRD,0.85,0.72,0.85,193,2141.0
35004S,SET OF 3 SILVER FLYING DUCKS,4.43,1.95,6.35,16,136.0
20738,GREEN MINI TAPE MEASURE,0.84,0.72,0.85,65,1585.0
16014,SMALL CHINESE STYLE SCISSOR,0.4,0.32,0.42,92,29354.0
16016,LARGE CHINESE STYLE SCISSOR,0.84,0.72,0.85,105,2307.0
85079,EMBROIDERED REINDEER DECORATION,1.58,0.85,2.12,6,18.0
21447,12 IVORY ROSE PEG PLACE SETTINGS,1.25,1.06,1.25,224,2373.0
21899,"KEY FOB , GARAGE DESIGN",0.66,0.53,1.63,523,6515.0
84761,IVORY HANGING BIRD PLANTER,2.54,2.1,2.55,45,237.0
21446,12 RED ROSE PEG PLACE SETTINGS,1.25,1.06,1.25,182,1154.0
21422,PORCELAIN ROSE SMALL,0.87,0.72,1.63,107,3056.0
22164,STRING OF STARS CARD HOLDER,2.91,1.25,2.95,42,303.0
21683,MEDIUM MEDINA STAMPED METAL BOWL,2.94,2.55,2.95,132,910.0
21664,RIDGED GLASS STORAGE JAR CREAM LID,3.74,3.39,3.75,52,223.0
21942,SKULLS DESIGN FLANNEL,0.81,0.38,0.85,62,1298.0
22067,CHOC TRUFFLE GOLD TRINKET POT,1.6,0.39,1.65,176,1757.0
84595E,LARGE TORTILLA DESIGN RED BOWL,2.74,1.65,3.75,27,350.0
51012L,"FEATHER DUSTER, LIGHT PINK",1.25,1.25,1.25,6,10.0
21542,WOODLAND WATER TRANSFER TATTOOS,0.85,0.65,0.85,143,1744.0
21224,SET/4 SKULL BADGES,1.25,1.06,1.25,205,1940.0
22158,3 HEARTS HANGING DECORATION RUSTIC,2.95,2.55,5.79,643,7935.0
85167A,WHITE GRAND BAROQUE PHOTO FRAME,3.43,1.25,4.25,11,147.0
20861,GOLD COSMETIC BAG PINK STAR,2.1,2.1,2.1,15,45.0
21656,RIDGED GLASS POSY VASE,1.43,1.25,1.45,83,821.0
84680,CLASSICAL ROSE URN,7.01,2.95,7.95,16,92.0
21381,MINI WOODEN HAPPY BIRTHDAY GARLAND,1.69,1.45,1.69,365,4285.0
20855,PINK PATCH PURSE BLUE HEART,1.65,1.65,1.65,46,141.0
20778,GARDEN PATH NOTEBOOK,1.63,0.15,1.65,79,3594.0
81950B,FLOWER BLUE CLOCK W/SUCKER,0.64,0.29,0.85,23,196.0
20854,BLUE PATCH PURSE PINK HEART,1.65,1.45,1.65,81,348.0
81950V,FLOWER PURPLE CLOCK W/SUCKER,0.7,0.29,0.85,10,32.0
90036C,"FLOWER GLASS GARLAND NECKL.36""BLUE",7.95,7.95,7.95,8,22.0
90184B,AMETHYST CHUNKY BEAD BRACELET W STR,8.95,8.95,8.95,25,44.0
85036A,GARDENIA 1 WICK MORRIS BOXED CANDLE,3.97,1.25,8.29,153,603.0
35096B,RED VICTORIAN FABRIC HEART BOX,0.41,0.29,0.42,21,288.0
84030E,ENGLISH ROSE HOT WATER BOTTLE,4.25,1.5,8.29,408,2018.0
21903,MAN FLU METAL SIGN,2.15,1.4,4.13,345,3330.0
22323,PINK POLKADOT KIDS BAG,2.26,1.65,4.95,73,570.0
45008C,DECORATIVE NET CANOPY CREAM,8.6,3.75,8.95,20,68.0
84562A,PINK/WHITE RIBBED MELAMINE JUG,7.87,6.36,7.95,62,142.0
84880,WHITE WIRE EGG HOLDER,6.04,4.95,7.5,327,1668.0
84993A,75 GREEN PETIT FOUR CASES,0.42,0.42,0.42,126,1343.0
21723,ALPHABET HEARTS STICKER SHEET,0.85,0.85,0.85,93,807.0
90089,PINK CRYSTAL SKULL PHONE CHARM,0.73,0.19,0.85,11,88.0
37482P,CUBIC MUG PINK POLKADOT,1.47,0.39,2.55,61,636.0
85179B,WHITE BITTY LIGHT CHAIN,4.54,3.81,4.65,39,240.0
35609A,PINK FEATHER CHRISTMAS DECORATION,0.25,0.19,1.25,18,427.0
21654,RIDGED GLASS FINGER BOWL,0.84,0.39,1.45,62,1129.0
21316,SMALL CHUNKY GLASS ROMAN  BOWL,2.0,0.79,2.95,34,669.0
22299,PIG KEYRING WITH LIGHT & SOUND,1.18,0.39,1.25,126,3747.0
46776B,WOVEN BERRIES CUSHION COVER,4.4,1.25,4.95,20,194.0
85217,ASSORTED ICE CREAM FRIDGE MAGNETS,0.64,0.53,0.65,135,2787.0
84625A,PINK NEW BAROQUECANDLESTICK CANDLE,1.83,0.85,2.95,60,782.0
84625D,WHITE NEWBAROQUE CANDLESTICK CANDLE,1.99,0.85,2.95,45,633.0
21207,SKULL AND CROSSBONES  GARLAND,1.64,1.45,1.65,206,2751.0
46126A,ELVIS WALLHANGING / CURTAIN,1.25,1.25,1.25,34,297.0
90040D,MURANO STYLE GLASS BRACELET PINK,3.5,3.5,3.5,10,26.0
90120C,GREEN MURANO TWIST BRACELET,4.25,4.25,4.25,17,61.0
84356,POMPOM CURTAIN,6.05,1.95,6.95,93,655.0
22045,SPACEBOY GIFT WRAP,0.42,0.34,0.42,466,14342.0
22048,BIRTHDAY BANQUET GIFT WRAP,0.42,0.34,0.42,101,2790.0
22050,PINK PAISLEY ROSE GIFT WRAP,0.42,0.34,0.42,113,3250.0
22052,VINTAGE CARAVAN GIFT WRAP,0.42,0.34,0.42,122,3396.0
22099,CARAVAN SQUARE TISSUE BOX,0.86,0.39,2.46,213,2007.0
51014A,"FEATHER PEN,HOT PINK",0.63,0.2,0.85,246,5976.0
51014L,"FEATHER PEN,LIGHT PINK",0.64,0.2,0.85,162,3154.0
85017C,ENVELOPE 50 CURIOUS IMAGES,0.79,0.42,0.85,56,931.0
20760,GARDEN PATH POCKET BOOK,0.83,0.1,0.85,59,5484.0
22040,BOTANICAL ROSE GIFT WRAP,0.42,0.34,0.42,94,2815.0
22223,CAKE PLATE LOVEBIRD PINK,4.63,1.95,4.95,124,558.0
84945,MULTI COLOUR SILVER T-LIGHT HOLDER,0.85,0.72,1.8,581,21065.0
22324,BLUE POLKADOT KIDS BAG,2.29,1.65,4.95,67,543.0
17109D,FLOWER FAIRY INCENSE BOUQUET,1.29,0.38,1.69,35,1252.0
72755D,FLOWER FAIRY OIL BURNER SET SUMMER,1.94,1.25,4.25,13,533.0
72819,CUPID DESIGN SCENTED CANDLES,2.17,0.85,2.55,64,660.0
79406,FROSTED WHITE BASE,0.22,0.22,0.22,15,245.0
84846A,SCENTED CANDLE IN DIGITALIS TIN,2.1,2.1,2.1,42,232.0
17107D,"FLOWER FAIRY,5 SUMMER B'DRAW LINERS",2.55,2.55,2.55,82,306.0
16169P,WRAP GREEN RUSSIAN FOLKART,0.36,0.19,0.42,48,1750.0
84932A,SMALL GREEN PEONY FOLDING STOOL,3.86,1.95,8.5,24,262.0
84932B,SMALL PINK PEONY FOLDING STOOL,3.11,1.95,8.5,17,189.0
84932C,SMALL ORIENTAL BLUE FOLDING STOOL,2.94,1.95,8.5,33,281.0
84932D,SMALL ORIENTAL RED FOLDING STOOL,3.33,1.95,8.5,19,237.0
84933C,LARGE BLUE ORIENTAL FOLDING STOOL,4.72,2.1,9.95,6,136.0
85017B,ENVELOPE 50 BLOSSOM IMAGES,0.62,0.42,1.25,115,1823.0
16169K,WRAP FOLK ART,0.36,0.19,0.42,59,2050.0
47599A,PINK PARTY BAGS,2.07,1.69,2.1,323,5722.0
20717,STRAWBERRY SHOPPER BAG,1.26,1.06,2.46,499,5325.0
22258,FELT FARM ANIMAL RABBIT,1.19,0.42,1.25,71,1113.0
37408,ASSORTED DESIGN GEISHA GIRL MUGS,1.25,1.25,1.25,1,5.0
16011,ANIMAL STICKERS,0.21,0.16,0.21,111,3788.0
21215,IVORY PAPER CUP CAKE CASES,0.54,0.42,0.55,182,3985.0
21250,SET OF SKULL WALL STICKERS,2.88,1.66,2.95,53,394.0
21974,SET OF 36 PAISLEY FLOWER DOILIES,1.47,1.25,2.92,545,6519.0
84795D,SEASIDE STRIPE HAMMOCK,7.91,6.95,7.95,73,179.0
84425A,WHITE GLASS TV TRIPLE FRAME,4.25,4.25,4.25,8,16.0
79191B,RETRO PLASTIC POLKA TRAY,0.85,0.63,0.85,51,438.0
85087,CANDY SPOT CUSHION COVER,2.95,2.55,3.29,20,112.0
21462,"NURSERY A,B,C PAINTED LETTERS",6.38,1.95,6.75,157,397.0
22058,CERAMIC LOVE HEARTS DESIGN MUG,1.49,1.49,1.49,90,496.0
21399,BLUE POLKADOT COFFEE MUG,1.1,0.39,2.1,93,2244.0
79144B,PAINTED LIGHTBULB STAR+ MOON,0.42,0.37,0.42,40,259.0
37495,FAIRY CAKE BIRTHDAY CANDLE SET,3.73,2.95,3.75,274,1372.0
85184D,S/4 BLUE ROUND DECOUPAGE BOXES,2.88,0.42,2.95,51,4358.0
22312,OFFICE MUG WARMER POLKADOT,3.46,1.25,5.79,188,995.0
21735,TWO DOOR CURIO CABINET,12.55,6.0,12.75,180,689.0
20837,FRENCH FLORAL CUSHION COVER,1.18,0.83,2.95,18,165.0
85096,HILDA CANDY SPOT RABBIT,3.75,3.75,3.75,50,142.0
84625B,BLCK NEW BAROQUE CANDLESTICK CANDLE,2.33,0.85,2.95,17,180.0
85116,BLACK CANDELABRA T-LIGHT HOLDER,1.29,0.64,2.1,50,1143.0
21717,EASTER TIN BUCKET,2.51,2.1,2.55,143,1405.0
22318,FIVE HEART HANGING DECORATION,2.94,2.55,2.95,283,1448.0
35969,FOLKART CROWN TABLE DECORATIONS,1.46,0.38,1.65,40,450.0
20688,BEAUTY SPEED EXPRESSO CUPS,4.45,0.45,5.95,9,462.0
84469,ROSE DES PADDED FLOOR CUSHION,4.37,2.95,6.95,39,653.0
21630,FLOOR CUSHION ELEPHANT CARNIVAL,8.87,7.95,8.95,36,93.0
21661,VINTAGE GLASS TEA CADDY,5.92,5.45,5.95,77,216.0
21663,VINTAGE GLASS SUGAR CADDY,5.93,5.45,5.95,23,67.0
21662,VINTAGE GLASS COFFEE CADDY,5.93,5.45,5.95,78,238.0
21274,EMBOSSED HEART 3 DRAWER SHELF,12.73,10.95,12.75,87,157.0
21332,MOROCCAN BEATEN METAL MIRROR,9.61,3.95,12.75,41,250.0
20766,GARDEN PATH SKETCHBOOK,3.68,1.25,7.46,122,471.0
84924D,LA PALMIERA METAL SIGN CALENDAR,3.17,0.25,3.75,12,760.0
84924A,WAKE UP COCKEREL CALENDAR SIGN,3.91,3.75,7.46,46,117.0
84916,HAND TOWEL PALE BLUE W FLOWERS,4.66,1.25,5.95,30,230.0
85019C,CURIOUS  IMAGES NOTEBOOK SET,2.96,1.25,4.25,21,385.0
72801D,S/4 SKY BLUE DINNER CANDLES,1.19,0.42,1.25,47,520.0
21280,VINTAGE KITCHEN PRINT VEGETABLES,2.37,0.25,2.55,52,2068.0
35597D,PINK/WHITE CHRISTMAS TREE 30CM,0.58,0.38,0.65,7,58.0
21195,PINK  HONEYCOMB PAPER BALL,1.99,0.65,2.1,55,622.0
21194,PINK  HONEYCOMB PAPER FAN,1.3,0.65,2.1,60,501.0
84944,SET OF 6 KASHMIR FOLKART BAUBLES,3.26,1.65,4.25,148,863.0
21774,DECORATIVE CATS BATHROOM BOTTLE,1.2,0.42,1.25,108,1261.0
21321,GLASS CHALICE BLUE  LARGE,2.48,2.1,2.55,12,102.0
21320,GLASS CHALICE GREEN  LARGE,2.22,0.79,2.55,36,358.0
84926E,FLOWERS TILE COASTER,0.63,0.29,2.46,48,1077.0
84926D,LA PALMIERA TILE COASTER,0.76,0.29,2.46,38,762.0
72800D,4 BLUE DINNER CANDLES SILVER FLOCK,2.4,0.79,2.55,75,617.0
72800B,4 PURPLE FLOCK DINNER CANDLES,2.26,0.79,2.55,77,960.0
35611B,BLACK ASSORTED DROPLET DECORATION,0.38,0.38,0.38,2,59.0
35598B,BLACK CHRISTMAS TREE 60CM,1.75,0.65,2.95,48,919.0
35598D,PINK/WHITE CHRISTMAS TREE 60CM,0.8,0.65,2.46,52,1642.0
35600D,PINK AND WHITE CHRISTMAS TREE 180CM,5.87,2.95,9.95,12,140.0
82093,HEART SHAPE BUTTON FRAME,2.32,1.25,3.75,7,100.0
21627,ELEPHANT CARNIVAL POUFFE,14.83,12.75,14.95,54,130.0
20762,GREEN FERN SKETCHBOOK,3.67,1.25,7.46,110,412.0
47598,NEW ENGLAND EGG WARMER,0.55,0.55,0.55,23,120.0
16046,TEATIME PEN CASE & PENS,0.76,0.08,0.85,44,5341.0
21445,12 PINK ROSE PEG PLACE SETTINGS,1.25,1.06,1.25,114,1454.0
79413,GLASS WINE GLASS DECORATIONS,1.25,1.25,1.25,9,30.0
21443,OLIVE CHALET BIRDFEEDER,3.68,2.5,3.75,19,245.0
51020B,STRIPY DESIGN SHOWER CAP,0.95,0.29,1.25,57,1081.0
17001,HEAVENS SCENT FRAGRANCE OILS ASSTD,0.28,0.21,0.29,21,1205.0
21801,CHRISTMAS TREE DECORATION WITH BELL,0.42,0.42,0.42,79,1824.0
21147,JINGLE BELLS TREE DECORATION,2.05,0.85,2.46,46,331.0
85032C,CURIOUS IMAGES GIFT WRAP SET,0.98,0.65,2.1,99,781.0
20847,ZINC HEART LATTICE CHARGER LARGE,3.75,3.75,3.75,20,71.0
75149N,STRING CRYSTALS NATURAL,1.25,1.25,1.25,25,272.0
22317,FIVE CATS HANGING DECORATION,3.0,2.55,5.79,96,450.0
22066,LOVE HEART TRINKET POT,1.01,0.39,3.29,253,3402.0
21779,MA CAMPAGNE MINI WOODEN CHEST,4.61,2.95,8.5,22,301.0
37492B,BLUE YELLOW FLOWER PIGGY BANK,3.53,1.65,4.65,40,474.0
37492D,PURPLE GREEN FLOWER PIGGY BANK,3.78,1.65,4.65,24,359.0
84427B,BLACK GLASS TV DOUBLE P/FRAME 15X10,4.25,4.25,4.25,5,17.0
21032,SPACE CADET WHITE,1.36,1.06,2.46,32,167.0
21027,NINJA RABBIT PINK,1.24,1.06,1.25,46,276.0
16216,LETTER SHAPE PENCIL SHARPENER,0.12,0.06,0.42,76,4025.0
84509F,SET OF 4 NEW ENGLAND PLACEMATS,3.68,0.75,3.75,43,2776.0
84509C,SET OF 4 POLKADOT PLACEMATS,3.71,2.95,3.75,54,202.0
47013C,WINE BOTTLE DRESSING DARK BLUE,0.25,0.12,0.29,21,126.0
21373,MIRRORED WALL ART SNOWFLAKES,1.01,0.75,2.55,56,617.0
85023A,CRYSTAL LARGE JEWELLED PHOTO FRAME,2.55,2.55,2.55,10,22.0
85024C,PINK SMALL JEWELLED PHOTOFRAME,1.65,1.65,1.65,42,99.0
85024A,CRYSTAL SMALL JEWELLED PHOTOFRAME,1.65,1.65,1.65,1,1.0
21915,RED  HARMONICA IN BOX,1.25,0.98,2.46,859,34173.0
72754A,FLOWER FAIRY POTPOURRI CUSHION LILY,1.07,0.65,1.69,5,292.0
84705C,PINK FLOCK PHOTO FRAME,2.95,1.25,4.65,6,160.0
85166B,BLACK METAL BAROQUE PHOTO FRAME,3.1,1.25,3.75,31,501.0
16049,TEATIME GEL PENS ASST,0.28,0.12,0.42,25,3144.0
21287,SCENTED VELVET LOUNGE CANDLE,0.66,0.38,1.25,83,4077.0
21635,MADRAS NOTEBOOK LARGE,3.04,1.25,3.75,38,383.0
21636,MADRAS NOTEBOOK MEDIUM,1.13,0.75,2.55,87,991.0
72753B,S/3 FLWR FAIRY LAVENDER CANDLES,3.0,2.1,7.95,13,444.0
84569B,PACK 3 FIRE ENGINE/CAR PATCHES,1.25,1.25,1.25,63,407.0
21189,WHITE HONEYCOMB PAPER GARLAND,1.64,1.45,1.65,61,543.0
22230,JIGSAW TREE WITH WATERING CAN,0.69,0.29,0.85,120,1330.0
10123C,HEARTS WRAPPING TAPE,0.63,0.06,0.65,45,484.0
84608,ORNATE EDWARDIAN CANDLE HOLDER,7.95,7.95,7.95,4,6.0
84753A,PINK EAU DE COLOGNE BOTTLE,0.85,0.85,0.85,15,85.0
21719,LOVELY BONBON STICKER SHEET,0.85,0.72,0.85,92,824.0
46776D,WOVEN SUNSET CUSHION COVER,4.95,4.95,4.95,9,23.0
72586,SET OF 6 HALLOWEEN GHOST T-LIGHTS,0.42,0.42,0.42,107,2160.0
72122,COFFEE SCENT PILLAR CANDLE,0.95,0.95,0.95,93,531.0
84978,HANGING HEART JAR T-LIGHT HOLDER,1.23,1.06,2.46,1065,18580.0
35633B,BLUE TINSEL GARLAND,0.19,0.19,0.19,12,130.0
20652,BLUE POLKADOT LUGGAGE TAG,1.3,0.15,2.46,89,1215.0
21456,2 PICTURE BOOK EGGS EASTER CHICKS,1.24,0.7,1.25,51,718.0
21457,2 PICTURE BOOK EGGS EASTER DUCKS,1.24,0.7,1.25,48,663.0
21458,2 PICTURE BOOK EGGS EASTER BUNNY,1.24,0.7,1.25,57,718.0
22146,EASTER CRAFT IVY WREATH WITH CHICK,1.91,1.65,1.95,98,1303.0
22229,BUNNY WOODEN PAINTED WITH FLOWER,0.75,0.39,0.85,112,836.0
90040C,MURANO STYLE GLASS BRACELET GOLD,3.5,3.5,3.5,10,29.0
90040A,MURANO STYLE GLASS BRACELET RED,3.5,3.5,3.5,10,23.0
84247L,FAWN AND MUSHROOM GREETING CARD,0.42,0.42,0.42,82,1088.0
21802,CHRISTMAS TREE HEART DECORATION,0.42,0.42,0.42,99,2388.0
90210C,RED   ACRYLIC FACETED BANGLE,2.14,1.0,2.95,9,113.0
90210D,PURPLE ACRYLIC FACETED BANGLE,2.2,1.0,2.95,12,131.0
90210A,GREY ACRYLIC FACETED BANGLE,2.63,1.25,2.95,12,78.0
35932,PINK CHRISTMAS TREE DECORATION,0.54,0.38,1.95,10,37.0
21830,ASSORTED CREEPY CRAWLIES,0.43,0.36,0.83,218,6667.0
84508B,STRIPES DESIGN TEDDY,2.55,2.55,2.55,63,147.0
84508C,BLUE CIRCLES DESIGN TEDDY,2.55,2.55,2.55,36,96.0
72751A,"F.FAIRY S/3 SML CANDLE,LILY/VALLEY",5.95,5.95,5.95,1,1.0
72751B,"F.FAIRY S/3 SML CANDLE, LAVENDER",5.95,5.95,5.95,1,1.0
72752B,"F.FAIRY,CANDLE IN GLASS,LAVENDER",4.25,4.25,4.25,2,3.0
72752A,"F.FAIRY,CANDLE IN GLASS,LILY/VALLEY",4.25,4.25,4.25,1,1.0
72802C,VANILLA SCENT CANDLE JEWELLED BOX,4.2,0.5,4.25,231,1636.0
21879,HEARTS GIFT TAPE,0.53,0.19,0.65,93,1366.0
79149B,SILICON STAR BULB  BLUE,0.42,0.42,0.42,12,29.0
21201,TROPICAL  HONEYCOMB PAPER GARLAND,2.49,2.1,2.55,181,2605.0
22060,LARGE CAKE STAND HANGING HEARTS,8.67,3.95,9.95,142,708.0
84830,LARGE ENGLISH ARBORETUM,15.09,10.0,16.95,6,110.0
21785,RAIN PONCHO,0.83,0.65,0.85,78,1972.0
21338,MARAKESH LANTERN SMALL,5.79,4.0,5.95,11,196.0
35271S,GOLD PRINT PAPER BAG,0.2,0.19,0.42,18,414.0
21300,ANTIQUE EDWARDIAN DRESSER,16.13,12.75,49.95,11,52.0
17014C,ORIGAMI LAVENDER INCENSE CONES,0.42,0.42,0.42,1,96.0
37482B,CUBIC MUG BLUE POLKA DOT,1.82,0.85,2.55,7,1249.0
35972,DAISY FOLKART HEART DECORATION,1.25,1.25,1.25,51,389.0
85117,NIGHTINGALE COATHOOK WHITE,1.63,1.45,1.65,40,317.0
21028,NINJA RABBIT BLACK,1.39,1.06,2.46,40,237.0
21331,MOROCCAN BEATEN METAL DISH LARGE,11.8,3.95,12.75,23,103.0
85129D,BEADED CRYSTAL HEART PINK SMALL,1.35,1.06,2.46,85,655.0
84279P,CHERRY BLOSSOM  DECORATIVE FLASK,3.73,3.39,3.75,235,1034.0
90184A,AMBER CHUNKY BEAD BRACELET W STRAP,8.95,8.95,8.95,12,29.0
90184C,BLACK CHUNKY BEAD BRACELET W STRAP,8.95,8.95,8.95,26,48.0
90010A,MIDNIGHT BLUE GLASS/SILVER BRACELET,8.45,2.5,8.95,13,25.0
21418,STARFISH SOAP DISH,2.35,0.79,2.55,34,158.0
85142,JARDIN ETCHED GLASS GINGER JAR,7.95,7.95,7.95,27,50.0
84584,PINK GINGHAM CAT WITH SCARF,2.55,2.55,2.55,50,207.0
20699,MOUSEY LONG LEGS SOFT TOY,2.53,2.1,2.55,45,208.0
84586L,"PINK ROSES/GINGHAM PATCH RABBIT 8""",2.95,2.95,2.95,9,15.0
16219,HOUSE SHAPE PENCIL SHARPENER,0.13,0.06,0.21,65,3158.0
85214,TUB 24 PINK FLOWER PEGS,1.65,1.65,1.65,135,419.0
22263,FELT EGG COSY LADYBIRD,0.86,0.19,1.63,43,722.0
20868,SILVER FABRIC MIRROR,0.77,0.38,2.46,46,789.0
84593,CROCHET ROSE DES CLOTHES HANGER,2.95,2.95,2.95,7,25.0
84569A,PACK 3 IRON ON DOG PATCHES,1.27,1.25,2.46,63,449.0
84592,CROCHET ROSE PURSE WITH SUEDE BACK,2.95,2.95,2.95,38,163.0
85197,SET OF 12 MINI BUNNIES IN A BUCKET,2.06,0.25,2.1,73,1667.0
90196B,BLACK GEMSTONE NECKLACE 45CM,12.75,12.75,12.75,10,15.0
90195A,PURPLE GEMSTONE BRACELET,8.23,2.95,8.95,25,49.0
90196A,PURPLE GEMSTONE NECKLACE 45CM,12.75,12.75,12.75,8,16.0
90029,NEW BAROQUE SMALL NECKLACE BLACK,8.5,8.5,8.5,10,21.0
90141E,ORANGE PENDANT TRIPLE SHELL NECKLAC,4.95,4.95,4.95,3,7.0
90141A,GREEN PENDANT TRIPLE SHELL NECKLACE,4.95,4.95,4.95,4,7.0
90141C,TURQ PENDANT TRIPLE SHELL NECKLACE,4.95,4.95,4.95,4,7.0
20704,MR ROBOT SOFT TOY,5.3,1.95,6.95,64,345.0
90126A,PINK BERTIE MOBILE PHONE CHARM,1.69,1.69,1.69,3,18.0
90001D,ANTIQUE OLIVE GREEN FLOWER EARRINGS,4.25,4.25,4.25,7,16.0
90000D,COPPER/OLIVE GREEN FLOWER NECKLACE,5.95,5.95,5.95,13,25.0
90161D,ANT COPPER PINK BOUDICCA BRACELET,4.85,2.5,4.95,24,74.0
90161A,ANT COPPER RED BOUDICCA BRACELET,4.95,4.95,4.95,14,39.0
90161C,ANT COPPER LIME BOUDICCA BRACELET,4.95,4.95,4.95,34,99.0
90160D,PINK BOUDICCA LARGE BRACELET,6.95,6.95,6.95,21,69.0
40046C,PINK BUTTERFLY PAPER LAMPSHADE,1.25,1.25,1.25,3,3.0
47351B,BLUE  VOILE LAMPSHADE,2.95,2.95,2.95,13,50.0
21376,LARGE  TALL CAMPHOR WOOD TOADSTOOL,4.95,1.25,5.45,38,171.0
84212,"ASSORTED FLOWER COLOUR ""LEIS""",0.62,0.42,0.65,258,24665.0
84918,CREAM CUSHION COVER WITH FLOWERS,6.33,1.95,6.95,16,111.0
21421,PORCELAIN ROSE LARGE,1.24,1.06,1.25,88,1767.0
90214M,"LETTER ""M"" BLING KEY RING",1.22,0.29,1.25,29,79.0
44242B,PINK FEATHERS CURTAIN,1.13,0.79,1.25,8,106.0
85132B,CHARLIE AND LOLA TABLE TINS,4.39,1.95,9.95,100,893.0
71406C,BLACK ORANGE SQUEEZER,0.42,0.42,0.42,31,206.0
21905,MORE BUTTER METAL SIGN,1.62,0.79,2.1,195,1520.0
84467,ENGLISH ROSE DESIGN QUILTED THROW,20.79,12.75,39.95,44,304.0
85034B,3 WHITE CHOC MORRIS BOXED CANDLES,2.46,1.25,8.29,111,1105.0
85035B,CHOCOLATE 3 WICK MORRIS BOX CANDLE,3.49,1.25,4.25,98,916.0
85036B,CHOCOLATE 1 WICK MORRIS BOX CANDLE,3.05,0.5,4.25,78,582.0
82587,TEXRIO TOMATOES CANDLE+CUP,1.24,1.06,1.25,31,106.0
21720,CAKE SHOP  STICKER SHEET,0.85,0.72,0.85,86,1011.0
37489C,GREEN/BLUE FLOWER DESIGN BIG MUG,1.01,0.39,1.95,10,25.0
21109,"LARGE CAKE TOWEL, CHOCOLATE SPOTS",5.61,1.95,6.75,161,1052.0
90161B,ANT COPPER TURQ BOUDICCA BRACELET,4.95,4.95,4.95,26,87.0
90122B,JADE CRYSTAL+GLASS BRACELET,4.95,4.95,4.95,14,34.0
72805,VANILLA CANDLE IN EMBOSSED ZINC POT,1.69,1.69,1.69,3,10.0
84893,ANT WHITE IRON BASKET,5.88,4.95,5.95,15,33.0
21991,BOHEMIAN COLLAGE STATIONERY SET,1.8,1.25,2.95,136,862.0
21059,PARTY INVITES DINOSAURS,0.85,0.72,0.85,196,1534.0
20996,JAZZ HEARTS ADDRESS BOOK,0.3,0.16,0.83,269,6109.0
20862,PINK PATCH PENCIL CASE BLUE HEART,2.08,1.69,2.1,27,315.0
20864,DENIM PATCH PENCIL CASE BUTTERFLY,2.05,1.65,2.1,25,246.0
20857,BLUE ROSE PATCH PURSE PINK BUTTERFL,1.65,1.65,1.65,70,232.0
20856,DENIM PATCH PURSE PINK BUTTERFLY,1.65,1.65,1.65,86,321.0
77101A,UNION FLAG WINDSOCK,1.23,1.06,1.25,69,1052.0
90115,SUMMER BUTTERFLIES BAG CHARM,2.55,2.55,2.55,11,31.0
72232,FENG SHUI PILLAR CANDLE,0.19,0.19,0.19,118,6268.0
21191,LARGE WHITE HONEYCOMB PAPER BELL,2.07,1.69,2.1,115,1210.0
72780,BLACK SILOUETTE CANDLE PLATE,0.84,0.72,0.85,42,501.0
35443,RASTA IN BATH W SPLIFF ASHTRAY,0.85,0.85,0.85,9,15.0
16244B,MAXWELL 2 TONE BLUE 60 PAGE PHOTO A,2.92,0.5,4.25,8,309.0
16244A,MAXWELL 2 TONE PINK 60 PAGE PHOTO A,3.48,1.95,4.25,6,142.0
84429A,MEDIUM PINK BUDDHA HEAD,2.95,2.95,2.95,27,92.0
85144,JARDIN ETCHED GLASS CHEESE DISH,5.28,1.95,7.25,70,286.0
21765,HANGING METAL BIRD BATH,7.9,7.35,7.95,119,338.0
84576,BLUE CAT BISCUIT BARREL PINK HEART,4.17,1.95,5.95,21,84.0
84826,ASSTD DESIGN 3D PAPER STICKERS,0.64,0.19,0.85,48,1611.0
22043,CHRISTMAS CARD SCREEN PRINT,0.3,0.19,0.42,91,2100.0
21268,VINTAGE BLUE TINSEL REEL,0.58,0.42,2.1,38,383.0
21988,PACK OF 6 SKULL PAPER PLATES,0.84,0.64,0.85,348,6497.0
84482,BUTTONS DESIGN JEWELLERY BOX,3.75,3.75,3.75,26,61.0
22285,"DECORATION HEN ON NEST, HANGING",1.64,1.0,1.65,211,2619.0
84845C,CARNATION SQUARE HANDY TIN,1.25,1.25,1.25,14,42.0
84845D,GERANIUM SQUARE HANDY TIN,1.25,1.25,1.25,11,41.0
84845A,HOLLYHOCK SQUARE HANDY TIN,1.25,1.25,1.25,1,1.0
84030C,KNITTED RAINBOW HOT WATER BOTTLE,3.75,3.75,3.75,5,20.0
22136,LOVE HEART SOCK HANGER,1.64,1.45,1.65,189,1878.0
21160,KEEP OUT GIRLS DOOR HANGER,1.29,0.38,1.45,48,691.0
20833,SHAKER THROW  QUILTED,27.63,12.75,49.95,5,52.0
20775,DAISY NOTEBOOK,1.62,0.15,1.65,53,3509.0
84206A,3 BLACK CATS W HEARTS BLANK CARD,0.19,0.19,0.19,9,79.0
84206C,CHAMPAGNE TRAY BLANK CARD,0.19,0.19,0.19,4,10.0
84201B,HAPPY BIRTHDAY CARD STRIPEY TEDDY,0.19,0.19,0.19,6,28.0
90152B,BLUE/GREEN SHELL NECKLACE W PENDANT,5.95,5.95,5.95,4,5.0
90150,BLUE SHELL+SILVER NECKLACE,7.5,7.5,7.5,7,12.0
90010B,BLACK/WHITE GLASS/SILVER BRACELET,8.95,8.95,8.95,17,45.0
90010E,AMBER GLASS/SILVER BRACELET,8.57,2.5,8.95,17,28.0
90159,COTE D'AZURE NECKLACE,4.95,4.95,4.95,15,33.0
90179B,PURPLE FINE BEAD NECKLACE W TASSEL,5.95,5.95,5.95,5,7.0
20654,FIRST CLASS LUGGAGE TAG,1.24,1.06,1.25,84,339.0
20617,FIRST CLASS PASSPORT COVER,2.13,1.69,4.13,74,452.0
20662,FIRST CLASS HOLIDAY PURSE,3.05,0.17,5.79,24,397.0
40001,WHITE BAMBOO RIBS LAMPSHADE,0.81,0.64,0.85,72,2151.0
90060F,FIRE POLISHED GLASS NECKL GREEN,5.95,5.95,5.95,7,17.0
90060C,FIRE POLISHED GLASS NECKL SILVER,5.95,5.95,5.95,3,7.0
90060D,FIRE POLISHED GLASS NECKL BRONZE,5.95,5.95,5.95,7,11.0
84819,DANISH ROSE ROUND SEWING BOX,2.9,0.79,4.25,93,904.0
21265,PINK GOOSE FEATHER TREE 60CM,2.84,1.95,9.95,27,314.0
21084,SET/6 COLLAGE PAPER CUPS,0.35,0.19,0.83,135,2462.0
20735,BLACK MINI TAPE MEASURE,0.81,0.42,0.85,63,824.0
84795A,PASTEL STRIPE HAMMOCK,7.84,6.95,7.95,56,194.0
18094C,WHITE AND BLUE CERAMIC OIL BURNER,1.19,0.85,1.25,43,332.0
35909B,PINK FLOWERS RABBIT EASTER,2.95,2.95,2.95,6,16.0
20936,FORKED CACTUS CANDLE,2.88,1.25,5.79,55,309.0
35833P,4 PINK FLOCK CHRISTMAS BALLS,1.38,1.25,3.95,43,161.0
35833G,4 GOLD FLOCK CHRISTMAS BALLS,1.44,1.25,3.95,29,126.0
84795B,SUNSET CHECK HAMMOCK,7.84,6.95,7.95,83,283.0
85039A,SET/4 RED MINI ROSE CANDLE IN BOWL,1.43,0.42,1.65,89,1115.0
84952A,CLEAR LOVE BIRD T-LIGHT HOLDER,3.81,0.85,7.46,14,84.0
17091F,SANDALWOOD INCENSE IN TIN,1.25,1.25,1.25,6,16.0
17091B,JASMINE TEA INCENSE IN TIN,1.22,0.85,1.25,43,264.0
17091A,LAVENDER INCENSE IN TIN,0.93,0.38,1.25,110,2073.0
90214T,"LETTER ""T"" BLING KEY RING",1.17,0.29,1.25,12,43.0
90214R,"LETTER ""R"" BLING KEY RING",1.15,0.29,1.25,19,52.0
90214L,"LETTER ""L"" BLING KEY RING",1.18,0.29,1.25,29,114.0
90214N,"LETTER ""N"" BLING KEY RING",1.15,0.29,1.25,18,49.0
35976B,WHITE SCANDINAVIAN HEART CHRISTMAS,1.25,1.25,1.25,1,1.0
84789,ENCHANTED BIRD PLANT CAGE,3.67,2.95,3.75,111,428.0
35537,CANDLE RING W/CLEAR BEADS,0.42,0.42,0.42,3,13.0
21293,MIRRORED DOVE WALL DECORATION,2.15,2.1,4.13,42,256.0
21370,MIRRORED WALL ART FOXY,5.33,1.25,12.46,16,48.0
21652,GLASS ETCHED T-LIGHT HOLDER MEDIUM,1.93,1.65,1.95,71,855.0
21204,DAISIES  HONEYCOMB GARLAND,1.64,1.45,1.65,142,1429.0
72753C,S/3 FLWR FAIRY ROSE CANDLES,3.27,2.1,7.95,5,42.0
72753D,S/3 FLWR FAIRY SUMMER CANDLES,2.1,2.1,2.1,7,128.0
21308,LOUVRE VANITY MIRROR,6.97,5.0,7.95,3,129.0
47554,S/3 COLOURS FLOCK TEA TOWELS,2.55,2.55,2.55,1,1.0
21906,PHARMACIE FIRST AID TIN,6.72,5.95,7.13,308,1638.0
21563,RED HEART SHAPE LOVE BUCKET,2.85,0.79,5.79,300,2695.0
85071C,"CHARLIE+LOLA""EXTREMELY BUSY"" SIGN",1.13,0.38,4.96,98,1197.0
20653,CHERRY BLOSSOM LUGGAGE TAG,1.29,0.15,2.46,31,1927.0
84741C,CITRUS GARLAND FELT FLOWERS,1.95,1.95,1.95,47,180.0
85135C,RED DRAGONFLY HELICOPTER,7.95,7.95,7.95,64,102.0
21064,BOOM BOX SPEAKER BOYS,5.37,1.25,5.95,100,712.0
21219,SET/4 BADGES BALLOON GIRL,1.3,1.06,2.46,101,838.0
21697,SET 5 MINI DOUGHNUT FRIDGE MAGNET,1.49,0.3,1.69,7,372.0
90111,BLUE HIBISCUS  HAIR CLIP,1.05,1.05,1.05,6,7.0
90112,PINK DOLLY HAIR CLIPS,1.05,1.05,1.05,15,70.0
21689,SILVER VANILLA  FLOWER CANDLE POT,3.73,3.39,3.75,55,337.0
20757,RED DAISY POCKET BOOK,0.85,0.1,1.63,55,5301.0
20763,DAISY SKETCHBOOK,3.54,1.25,7.46,58,241.0
20769,DAISY JOURNAL,2.46,0.85,4.96,61,403.0
72739C,DARK CHOCOLATE SCENTCANDLE,1.03,0.65,1.25,11,291.0
72740A,LARGE STRAWBERRY CHOCOLATE CANDLE,2.03,1.25,2.55,5,56.0
84870B,BLUE GEISHA GIRL,3.75,3.75,3.75,23,54.0
20731,POSY CANDY BAG,1.11,0.15,1.25,46,4100.0
47590B,PINK HAPPY BIRTHDAY BUNTING,5.41,4.19,5.45,805,5621.0
85025B,EAU DE NILE HEART SHAPE PHOTO FRAME,1.65,1.45,1.65,65,525.0
15044A,PINK PAPER PARASOL,2.96,2.55,5.79,194,4894.0
85200,BUNNY EGG BOX,1.25,0.85,1.25,94,1007.0
85194L,HANGING SPRING FLOWER EGG LARGE,0.85,0.72,0.85,108,1701.0
84454,WOBBLING METAL CHICKEN EASTER,0.85,0.85,0.85,13,85.0
85196,EASTER BUNNIES ON A STICK,0.54,0.42,0.55,66,1536.0
85198,ASSORTED FARMYARD ANIMALS IN BUCKET,0.83,0.3,0.85,38,3824.0
85186C,BUNNY EGG GARLAND,0.42,0.42,0.42,79,1179.0
85186A,EASTER BUNNY GARLAND OF FLOWERS,0.42,0.42,0.42,81,1302.0
22256,FELT FARM ANIMAL CHICKEN,1.24,1.06,1.25,82,834.0
22267,EASTER DECORATION EGG BUNNY,1.04,0.39,1.25,105,1457.0
84459B,YELLOW METAL CHICKEN HEART,1.48,1.25,1.49,136,1317.0
22105,MIRROR MOSAIC GOBLET CANDLE HOLDER,4.1,1.25,4.25,23,132.0
21714,CITRONELLA CANDLE GARDEN POT,1.24,0.65,1.25,322,3357.0
82585,SWEET VALENCIA CANDLE+CUP,1.24,1.06,1.25,20,119.0
35598A,DUSTY PINK CHRISTMAS TREE 60CM,2.95,2.95,2.95,3,10.0
20755,BLUE PAISLEY POCKET BOOK,0.84,0.1,0.85,86,5084.0
90002A,FLOWER BURST SILVER RING OPAL,3.75,3.75,3.75,14,36.0
90214K,"LETTER ""K"" BLING KEY RING",1.19,0.29,1.25,45,109.0
85015,SET OF 12  VINTAGE POSTCARD SET,1.32,0.65,2.55,144,2709.0
84661A,WHITE SQUARE TABLE CLOCK,1.91,0.65,4.96,25,203.0
84925D,LA PALMIERA WALL THERMOMETER,2.32,0.85,2.55,26,452.0
47016,LIGHT DECORATION BATTERY OPERATED,2.1,2.1,2.1,5,31.0
72128,COLUMBIAN CANDLE ROUND,0.8,0.38,0.85,78,686.0
22141,CHRISTMAS CRAFT TREE TOP ANGEL,2.14,1.85,4.13,434,3060.0
21736,GOLD SCROLL GLASS T-LIGHT HOLDER,2.03,0.39,2.1,22,178.0
35967,FOLK ART METAL STAR T-LIGHT HOLDER,0.4,0.38,0.85,59,786.0
20781,GOLD EAR MUFF HEADPHONES,5.22,1.95,5.49,40,75.0
16256B,FLOWER PENCIL/RUBBER+5 MINI PENCILS,0.42,0.42,0.42,20,493.0
71143,SILVER BOOK MARK WITH BEADS,0.85,0.85,0.85,13,78.0
16259,PIECE OF CAMO STATIONERY SET,0.15,0.08,0.21,53,5353.0
16020C,CLEAR STATIONERY BOX SET,0.85,0.85,0.85,24,82.0
90035A,"PEARL & SHELL 42""NECKL. GREEN",10.75,10.75,10.75,9,17.0
21722,SWEET PUDDING STICKER SHEET,0.85,0.85,0.85,39,280.0
47347B,BLUE FLOWER T-LIGHT HOLDER,1.13,0.38,1.25,7,236.0
84522,PINK PARTY SUNGLASSES,1.91,1.5,1.95,20,178.0
84746,PINK EASTER HENS+FLOWER,3.75,3.75,3.75,8,12.0
20705,MRS ROBOT SOFT TOY,5.39,1.95,6.95,49,269.0
90100,NECKLACE+BRACELET SET PINK DAISY,2.55,2.55,2.55,9,22.0
90099,NECKLACE+BRACELET SET BLUE HIBISCUS,2.55,2.55,2.55,17,29.0
20700,GREEN CAT FLORAL CUSHION COVER,3.13,1.25,3.75,12,288.0
20701,PINK CAT FLORAL CUSHION COVER,3.17,1.25,3.75,13,282.0
21365,MIRRORED WALL ART STARS,1.58,0.75,2.95,60,444.0
21395,BLUE POLKADOT BEAKER,0.72,0.39,1.95,98,2916.0
21319,GLASS CHALICE GREEN  SMALL,1.53,0.39,1.65,47,438.0
72750D,F.FAIRY S/3 CANDLE/GLASS,2.68,1.95,5.95,11,110.0
35838A,S/6 MULTICOLOUR ORNAMENETAL CANDLE,1.21,0.85,6.95,18,171.0
16161E,WRAP BOUDOIR,0.1,0.1,0.1,9,750.0
17039,INLAID WOOD INCENSE HOLDER,0.27,0.21,0.29,30,3641.0
21130,COLOURFUL STANDING GNOME,3.36,0.75,3.45,39,706.0
17061,ASSORTED SHAPED STENCIL FOR HENNA,0.04,0.04,0.04,1,52.0
17084P,DRAGONS BLOOD INCENSE,0.21,0.16,0.21,26,874.0
21674,RIDGED GLASS PENDANT LAMPSHADE,16.51,14.95,16.95,9,43.0
16236,KITTY PENCIL ERASERS,0.21,0.16,0.21,142,2397.0
22124,SET OF 2 TEA TOWELS PING MICROWAVE,2.55,0.79,2.95,39,179.0
47593A,CAROUSEL PONIES BABY BIB,1.05,0.29,1.25,42,190.0
81985A,"ICON ALARM CLOCK,FUSCHIA  PIN UP",2.55,2.55,2.55,7,23.0
21065,BOOM BOX SPEAKER GIRLS,4.77,1.25,5.95,56,510.0
21400,RED PUDDING SPOON,0.22,0.12,0.42,63,1027.0
21401,BLUE PUDDING SPOON,0.25,0.12,0.42,91,1388.0
21222,SET/4 BADGES BEETLES,1.35,1.25,2.46,84,530.0
20615,BLUE POLKADOT PASSPORT COVER,1.81,0.75,4.13,78,458.0
22044,CHRISTMAS CARD STACK OF PRESENTS,0.31,0.19,0.42,84,1897.0
84663A,GRASS HOPPER WOODEN WALL CLOCK,3.29,0.79,5.95,39,345.0
20672,PINK TEATIME PRINT BOWL,1.25,1.25,1.25,22,116.0
20671,BLUE TEATIME PRINT BOWL,1.25,1.06,1.25,106,731.0
21199,PINK  HEART CONFETTI IN TUBE,1.53,0.42,1.65,92,1122.0
84744,S/6 SEW ON CROCHET FLOWERS,1.25,1.25,1.25,29,147.0
79191D,RETRO PLASTIC DAISY TRAY,0.85,0.85,0.85,30,93.0
84029D,LEOPARD PRINT HOT WATER BOTTLE,3.68,2.95,3.75,12,46.0
72800C,4 PINK DINNER CANDLE SILVER FLOCK,2.24,0.79,2.55,66,646.0
90214P,"LETTER ""P"" BLING KEY RING",1.09,0.29,1.25,18,58.0
22108,PING! MICROWAVE PLATE,3.13,1.25,3.75,48,193.0
20721,OWLS CHARLOTTE BAG,0.85,0.85,0.85,1,1.0
85171,S/2 HYACINTH BULB CANDLES,2.55,2.55,2.55,1,1.0
47503J,SET/3 FLORAL GARDEN TOOLS IN BAG,7.7,3.95,7.95,42,280.0
20910,VINTAGE PHOTO ALBUM PARIS DAYS,6.32,5.55,6.35,28,80.0
84539,KNITTED RABBIT DOLL,1.65,1.65,1.65,9,33.0
20863,BLUE PATCH PENCIL CASE PINK HEART,2.07,1.69,2.1,41,283.0
21220,SET/4 BADGES DOGS,1.32,1.25,2.46,82,516.0
21408,SPOTTY PINK DUCK DOORSTOP,4.14,1.95,8.29,139,580.0
21043,APRON MODERN VINTAGE COTTON,3.5,1.95,5.95,88,598.0
84617,NEW BAROQUE BLACK BOXES,12.75,12.75,12.75,7,11.0
84707A,SILVER JEWELLED MIRROR TRINKET TRAY,9.7,1.95,19.96,40,91.0
20689,RETRO SISTERS EXPRESSO CUPS,5.6,0.45,5.95,27,400.0
47480,HANGING PHOTO CLIP ROPE LADDER,1.75,1.45,3.29,98,1544.0
85162A,SILVER RETRODISC LAMPSHADE,2.42,1.95,9.95,17,603.0
85162B,BLACK RETRODISC LAMPSHADE,1.95,1.95,1.95,13,977.0
21261,GREEN GOOSE FEATHER CHRISTMAS TREE,4.9,2.95,16.95,43,245.0
90081A,LILY BROOCH AMETHYST COLOUR,4.95,4.95,4.95,23,48.0
90192,JADE DROP EARRINGS W FILIGREE,4.95,4.95,4.95,19,58.0
20931,BLUE POT PLANT CANDLE,3.38,1.25,3.75,101,607.0
20661,BLUE SPOTTY PURSE,3.09,0.17,5.79,40,457.0
37467,PIG MUG IN TWO COLOUR DESIGNS,0.72,0.39,0.85,28,212.0
20803,SMALL PINK GLASS SUNDAE DISH,1.08,0.39,1.65,59,1049.0
20799,PINK MILKSHAKE GLASS,2.0,0.8,2.1,13,167.0
21520,BOOZE & WOMEN GREETING CARD,0.42,0.36,0.42,68,890.0
22094,RED RETROSPOT TISSUE BOX,0.79,0.39,2.46,229,3336.0
82076,BEECH WOOD PHOTO FRAME,1.25,1.25,1.25,6,271.0
20832,RED FLOCK LOVE HEART PHOTO FRAME,0.7,0.39,0.85,102,1572.0
85124A,PINK JUICY FRUIT PHOTO FRAME,2.53,2.1,2.55,68,337.0
85124B,BLUE JUICY FRUIT PHOTO FRAME,2.54,2.1,2.55,82,319.0
85124C,GREEN JUICY FRUIT PHOTO FRAME,2.54,2.1,2.55,97,397.0
21339,MARAKESH LANTERN LARGE,19.26,16.95,19.95,12,30.0
85016,SET OF 6 VINTAGE NOTELETS KIT,2.14,0.65,2.55,69,1449.0
22168,ORGANISER WOOD ANTIQUE WHITE,8.48,7.5,8.5,292,622.0
35840,FLAT GLASS  BAUBLE WHITE FLOCK,1.19,0.85,2.55,5,36.0
79030D,TUMBLER BAROQUE,0.83,0.39,1.65,41,881.0
21289,LARGE STRIPES CHOCOLATE GIFT BAG,1.16,0.38,1.25,59,1239.0
21292,SMALL STRIPES CHOCOLATE GIFT BAG,0.72,0.19,0.85,81,2421.0
22104,MIRROR MOSAIC CANDLE PLATE,1.32,0.42,1.45,41,1026.0
85118,HEART T-LIGHT HOLDER,0.91,0.38,1.25,61,1979.0
16048,TEATIME ROUND PENCIL SHARPENER,0.19,0.12,0.42,69,3413.0
84705B,FAIRY CAKES PHOTO FRAME,1.25,1.25,1.25,2,83.0
35923,CANDY HEART HANGING DECORATION,0.76,0.39,1.25,65,1452.0
46118,FUNKY MONKEY CUSHION COVER,0.85,0.85,0.85,35,324.0
20895,VINTAGE NOTEBOOK FRENCH LETTER,2.95,2.95,2.95,4,16.0
21336,GOLD WASHBAG,2.83,0.13,2.95,23,924.0
20898,VINTAGE NOTEBOOK TRAVELOGUE,2.86,1.25,2.95,36,301.0
20903,VINTAGE KEEPSAKE BOX TRAVELOGUE,5.66,1.95,6.35,19,103.0
21780,MA CAMPAGNE 4 DRAWER WALL SHELF,8.41,5.0,14.95,17,125.0
21847,GREEN  DIAMANTE PEN IN GIFT BOX,4.15,1.25,4.95,22,252.0
84615,PINK ROUND BUTTERFLY MIRROR,3.71,1.95,7.95,17,197.0
84682,CLASSICAL ROSE DISH,2.69,1.25,2.95,37,282.0
22056,CERAMIC PLATE LOVE HEART DESIGN,1.43,0.87,1.49,25,596.0
17178,FLAT PALM T-LIGHT HOLDER,1.23,0.85,1.25,24,133.0
21904,HOUSE WRECKING METAL SIGN,2.04,0.85,2.1,130,735.0
21775,DECORATIVE FLORE BATHROOM BOTTLE,1.24,0.42,1.25,79,511.0
21200,MULTICOLOUR HONEYCOMB PAPER GARLAND,1.57,0.65,1.65,75,1287.0
85230B,CINNAMON SCENTED VOTIVE CANDLE,0.28,0.21,0.29,66,2095.0
85230E,STRAWBRY SCENTED VOTIVE CANDLE,0.28,0.21,0.29,65,2421.0
21378,SMALL TALL CAMPHOR WOOD TOADSTOOL,1.51,0.39,1.65,57,522.0
90125B,AQUA BERTIE GLASS BEAD BAG CHARM,1.89,0.85,2.1,6,31.0
84564,6 SEGMENT COLOURED SNACK BOWL,7.95,7.95,7.95,9,18.0
85084,HOLLY TOP CHRISTMAS STOCKING,0.86,0.85,1.69,62,605.0
85034C,3 ROSE MORRIS BOXED CANDLES,2.16,1.25,8.29,156,1221.0
84968D,SET OF 16 VINTAGE RED CUTLERY,13.08,10.95,24.96,58,340.0
84827,ASS DES PHONE SPONGE CRAFT STICKER,0.55,0.09,0.65,28,1025.0
21721,CANDY SHOP  STICKER SHEET,0.85,0.72,0.85,88,1003.0
21060,PARTY INVITES BALLOON GIRL,0.84,0.38,0.85,123,1208.0
21675,BUTTERFLIES STICKERS,0.88,0.72,1.63,158,1547.0
37340,MULTICOLOUR SPRING FLOWER MUG,0.54,0.1,0.85,94,8091.0
37432,MUG PINK AND PURPLE ARABIC DESIGN,0.65,0.65,0.65,1,6.0
47503E,ASS FLORAL PRINT SCISSORS,1.2,0.15,1.25,22,6828.0
47503H,ASS FLORAL PRINT SPIRIT LEVEL,1.38,0.79,1.95,48,147.0
44265,M/COLOUR POM-POM CURTAIN,4.25,4.25,4.25,4,8.0
84678,CLASSICAL ROSE SMALL VASE,2.33,1.25,2.55,64,541.0
37484,ENGLISH ROSE TEA FOR ONE GIFT BOX,6.75,6.75,6.75,1,1.0
21757,LIGHTHOUSE PRINTED METAL SIGN,4.95,4.95,4.95,31,69.0
21659,GLASS CAKE STAND,14.87,12.75,14.95,53,107.0
21269,ANTIQUE CREAM CUTLERY SHELF,8.5,8.5,8.5,58,106.0
21270,ANTIQUE CREAM CUTLERY CUPBOARD,12.75,12.75,12.75,27,39.0
21277,FRENCH STYLE EMBOSSED HEART CABINET,21.6,12.0,21.95,37,42.0
84849A,HELLO SAILOR BLUE SOAP HOLDER,1.68,1.45,1.69,68,430.0
20851,ZINC HEART LATTICE TRAY OVAL,5.76,0.5,5.95,27,334.0
84707B,PINK JEWELLED MIRROR TRINKET TRAY,9.28,1.95,19.96,21,43.0
35233,PASTA ENAMEL/BRASS CONTAINER,3.75,3.75,3.75,8,10.0
20666,ECONOMY HOLIDAY PURSE,2.8,0.17,2.95,21,471.0
85060,WOOD FAN WITH FLOWER DESIGN,1.23,1.06,1.25,73,1367.0
85106,CUT GLASS HEXAGON T-LIGHT HOLDER,2.38,0.85,2.55,44,1022.0
85169C,EAU DE NIL LOVE BIRD CANDLE,1.21,0.42,1.25,38,397.0
85169A,IVORY LOVE BIRD CANDLE,1.21,0.42,2.46,97,913.0
21764,VINTAGE WOODEN PLATE RACK,39.45,34.95,39.95,10,16.0
21309,LOUVRE CHALKBOARD,9.16,6.0,9.95,5,49.0
21836,GINGHAM OVEN GLOVE RED HEART,3.75,3.75,3.75,79,221.0
20935,ROUND CACTUS CANDLE,2.64,1.25,2.95,39,293.0
21040,MODERN VINTAGE COTTON SHOPPING BAG,2.11,0.79,2.55,46,855.0
20997,ROSE DU SUD CUSHION COVER,4.95,4.95,4.95,28,81.0
21616,4 PEAR BOTANICAL DINNER CANDLES,2.35,1.25,3.75,155,1081.0
21275,ZINC TOP  2 DOOR WOODEN SHELF,10.51,3.95,16.95,43,234.0
20888,SET 3 JARDIN DE FEMME SCENT CANDLES,2.35,1.25,3.75,11,359.0
20670,VIP HOLIDAY PURSE,3.09,0.17,5.79,21,364.0
21062,PARTY INVITES SPACEMAN,0.85,0.38,0.85,120,1009.0
21061,PARTY INVITES FOOTBALL,0.83,0.38,0.85,124,1303.0
21698,MOCK LOBSTER FRIDGE MAGNET,0.68,0.39,0.85,48,450.0
47594B,SCOTTIES DESIGN WASHBAG,1.95,1.95,1.95,74,299.0
85130D,BEADED CRYSTAL HEART PINK LARGE,1.32,0.79,1.65,80,734.0
84549,CROCHET WHITE RABBIT KEYRING,1.63,1.45,1.65,9,64.0
84551,CROCHET DOG KEYRING,1.65,1.65,1.65,6,24.0
21264,WHITE GOOSE FEATHER TREE 60CM,3.09,1.95,9.95,56,350.0
21437,24 HANGING EASTER EGGS FLORAL TUB,3.73,2.95,3.75,97,649.0
84665,SQUARE CHERRY BLOSSOM CABINET,6.39,5.95,25.95,45,206.0
84666,SQUARE CHERRY BLOSSOM CABINET,3.95,3.95,3.95,33,226.0
84664,CHERRY BLOSSOM BATHROOM CABINET,4.95,4.95,4.95,49,188.0
79066K,RETRO MOD TRAY,0.88,0.64,1.63,168,1258.0
84597B,RETRO BROWN BALL ASHTRAY,1.23,0.85,1.25,19,195.0
84367,LA STREGA CANVAS PICTURE,1.95,1.65,3.75,7,73.0
71215,METAL BASE FOR CANDLES,0.41,0.29,0.42,12,177.0
17129F,BLUE GLASS GEMS IN BAG,0.78,0.64,1.63,41,940.0
84750B,BLACK SMALL GLASS CAKE STAND,1.74,0.39,1.95,54,563.0
79303D,LILAC FLOWER BLOCK TABLE LAMP,2.95,2.95,2.95,6,63.0
22244,3 HOOK HANGER MAGIC GARDEN,1.92,1.65,1.95,275,4490.0
22245,"HOOK, 1 HANGER ,MAGIC GARDEN",0.84,0.36,0.85,273,4371.0
84869,CANDY BUTTON PHOTO ALBUM,3.66,1.95,5.95,21,295.0
20896,VINTAGE NOTEBOOK PINK FLOWER,2.95,2.95,2.95,13,38.0
20899,VINTAGE NOTEBOOK RED ROSE,2.95,2.95,2.95,12,44.0
84626,CANDY STRIPE ROSE QUILT,45.95,45.95,45.95,1,1.0
16162L,THE KING GIFT BAG,0.55,0.05,0.65,16,4339.0
21228,"POCKET MIRROR ""GLAMOROUS""",1.25,1.25,1.25,29,95.0
90120D,WHITE MURANO TWIST BRACELET,4.14,2.5,4.25,20,102.0
90120B,BLUE MURANO TWIST BRACELET,4.17,2.5,4.25,21,77.0
90120A,PINK MURANO TWIST BRACELET,4.25,4.25,4.25,21,68.0
90027D,GLASS BEAD HOOP EARRINGS AMETHYST,2.95,2.95,2.95,6,12.0
90027B,GLASS BEAD HOOP EARRINGS MONTANA,2.95,2.95,2.95,4,7.0
20796,SMALL BLUE PROVENCAL CERAMIC BALL,1.65,1.65,1.65,13,88.0
20795,LARGE BLUE PROVENCAL CERAMIC BALL,2.08,1.69,2.1,17,116.0
21322,GLASS SPHERE CANDLE STAND LARGE,4.27,1.25,6.95,13,299.0
22290,STANDING METAL RABBIT WITH EGG,2.09,1.4,2.1,68,657.0
21631,HIPPY CHIC DECORATIVE PARASOL,10.65,3.95,12.75,42,206.0
84972L,GIANT PINK HEART MEMO HOLDER,3.95,3.95,3.95,44,112.0
16239,BALLERINA HEART DECORATION.,2.69,1.25,2.95,13,338.0
84919,BLUE CUSHION COVER WITH FLOWER,6.66,1.95,6.95,17,95.0
84984C,ORIENTAL BLUE CUSHION COVER,3.8,1.25,4.65,12,227.0
84909A,PINK PAISLEY QUILT,17.33,12.75,45.95,29,208.0
85184B,SET 4 EASTER DECOUPAGE OVAL BOXES,2.95,2.95,2.95,7,14.0
85018C,S/6 PAPER BOXES CURIOUS IMAGES,4.04,3.39,4.25,4,36.0
21343,GOLD JEWELERY BOX,8.28,3.95,16.95,3,20.0
85121B,RETRO LAUNDRY TUB PINK,8.5,8.5,8.5,24,54.0
22316,200 BENDY SKULL STRAWS,1.23,1.06,1.25,95,1224.0
22293,HANGING CHICK GREEN DECORATION,1.45,0.85,1.45,153,1881.0
35973,GERANIUM FOLKART HEART DECORATION,1.25,1.25,1.25,12,47.0
90057,DIAMANTE RING ASSORTED IN BOX.,1.63,1.25,3.39,34,1800.0
35838B,S/6 SILVER ORNAMENETAL CANDLE,0.85,0.85,0.85,22,97.0
85020,ROUND PINK HEART MIRROR,2.1,2.1,2.1,44,224.0
22217,T-LIGHT HOLDER HANGING LACE,1.15,0.39,1.25,170,2160.0
35645,VINTAGE BEAD PINK JEWEL BOX,4.25,4.25,4.25,24,51.0
82095,HEART BUTTONS JEWELLERY BOX,7.65,7.65,7.65,22,39.0
21808,"CHRISTMAS GARLAND STARS,TREES",3.37,1.25,3.75,77,764.0
17191A,ROSE FLOWER CANDLE+INCENSE 16X16CM,3.75,3.75,3.75,12,33.0
47341B,BLUE TABLE RUN FLOWER,1.79,1.25,3.75,14,48.0
85081,PADDED HOLLY CHRISTMAS DECORATION,0.46,0.42,1.25,20,100.0
90214I,"LETTER ""I"" BLING KEY RING",1.09,0.29,1.25,12,44.0
90214O,"LETTER ""O"" BLING KEY RING",1.18,0.29,1.25,13,31.0
90214B,"LETTER ""B"" BLING KEY RING",1.19,0.29,1.25,16,47.0
20993,JAZZ HEARTS MEMO PAD,0.6,0.1,0.85,24,10945.0
84575B,BROWN DOG CANNISTER W BONE,5.95,5.95,5.95,3,4.0
71403,"PINK/WHITE ""KEEP CLEAN"" BULLET BIN",2.95,2.95,2.95,27,127.0
84563A,PINK & WHITE BREAKFAST TRAY,5.13,2.95,5.95,33,92.0
17013B,ORIGAMI JASMINE INCENSE IN TUBE,0.85,0.42,1.27,2,255.0
17181,CIRCLE OF FRIENDS CANDLE HOLDER,2.15,0.85,2.55,28,294.0
35815B,"ACRYLIC JEWEL SNOWFLAKE,BLUE",0.38,0.38,0.38,2,93.0
35821B,"JEWELLED DECORATION,BLUE",0.38,0.38,0.38,3,150.0
35824B,"HANGING FLOWERS+MIRROR,BLUE",0.38,0.38,0.38,5,527.0
84685,BEACH HUT KEY CABINET,3.2,1.25,3.75,50,355.0
20707,CRAZY DAISY HEART DECORATION,1.35,0.38,2.46,63,1279.0
22236,CAKE STAND 3 TIER MAGIC GARDEN,12.61,10.95,12.75,358,995.0
21366,MIRRORED WALL ART PHOTO FRAMES,4.23,3.75,4.25,26,153.0
84782C,GREEN 3 TIER GLASS PLATE STAND,9.43,3.95,12.75,17,73.0
90214Z,"LETTER ""Z"" BLING KEY RING",1.06,0.29,1.25,5,17.0
16168M,FUNKY MONKEY GIFT BAG MEDIUM,0.39,0.12,0.42,53,1578.0
16168S,FUNKY MONKEY GIFT BAG SMALL,0.18,0.09,0.29,7,1274.0
22281,EASTER TREE YELLOW BIRDS,5.92,4.0,5.95,96,409.0
21167,WHITE SAGE INCENSE,0.21,0.16,0.21,50,2058.0
17096,ASSORTED LAQUERED INCENSE HOLDERS,0.2,0.17,0.21,35,6157.0
85026B,EAU DE NILE JEWELLED T-LIGHT HOLDER,0.85,0.85,0.85,19,151.0
47597,NEW ENGLAND TEATOWELS,2.55,2.55,2.55,41,124.0
21634,ASSORTED MINI MADRAS NOTEBOOK,0.92,0.39,1.25,47,1646.0
16033,MINI HIGHLIGHTER PENS,0.12,0.09,0.12,47,14761.0
35837,SET OF SIX SILVER+RED FLOCK BAUBLES,0.85,0.85,0.85,1,2.0
85230D,VANILLA SCENTED VOTIVE CANDLE,0.29,0.29,0.29,1,24.0
85230C,ROSE SCENTED VOTIVE CANDLE,0.29,0.29,0.29,1,24.0
20680,PINK FLOWERS CHILDS UMBRELLA,3.25,3.25,3.25,4,6.0
21096,SET/6 FRUIT SALAD  PAPER PLATES,0.55,0.13,0.85,100,8768.0
20952,PORCELAIN CHERUB BELL SMALL,0.42,0.42,0.42,19,73.0
90214F,"LETTER ""F"" BLING KEY RING",1.1,0.29,1.25,13,29.0
90214E,"LETTER ""E"" BLING KEY RING",1.16,0.29,1.25,33,95.0
85161,ACRYLIC GEOMETRIC LAMP,18.73,16.95,18.95,18,25.0
90058A,CRYSTAL STUD EARRINGS CLEAR DISPLAY,0.38,0.38,0.38,13,576.0
72789,BASKET/8 SCENTED LOVE TOKEN CANDLES,3.75,3.75,3.75,44,121.0
90210B,CLEAR ACRYLIC FACETED BANGLE,2.6,1.0,2.95,17,95.0
90039C,FIRE POLISHED GLASS BRACELET BLACK,3.75,3.75,3.75,3,14.0
90194,SILVER LARIAT BLACK STONE EARRINGS,4.25,4.25,4.25,14,25.0
90040B,MURANO STYLE GLASS BRACELET BLACK,3.5,3.5,3.5,17,46.0
72708,SCULPTED ROUND IVORY CANDLE,0.21,0.21,0.21,5,44.0
72771C,BLACK FLOCK GOLD CANDLE,0.42,0.42,0.42,4,49.0
84081,WHITE CERAMIC PARTY SET (5PCS),4.08,3.39,4.25,15,94.0
16169G,WRAP ROMANTIC DECOUPAGE,0.42,0.42,0.42,1,25.0
84683,CLASSICAL ROSE CANDLESTAND,1.13,0.65,1.25,27,509.0
21117,BLOND DOLL DOORSTOP,1.91,1.25,6.75,26,328.0
85062,PEARL CRYSTAL PUMPKIN T-LIGHT HLDR,1.65,1.45,2.46,278,3648.0
22233,JIGSAW RABBIT AND BIRDHOUSE,1.25,0.59,1.65,122,826.0
20663,QUEEN OF THE SKIES HOLIDAY PURSE,2.93,0.17,5.79,14,537.0
21945,STRAWBERRIES  DESIGN FLANNEL,0.81,0.38,0.85,73,1518.0
21943,CAKES AND RABBITS DESIGN FLANNEL,0.84,0.38,0.85,41,387.0
84414B,FUSCHIA/GREEN STRIPE WOOLLY BLANKET,10.83,5.95,18.95,8,77.0
16051,TEATIME PENCIL W STAMP ASST,0.3,0.06,0.42,3,938.0
85072,OCCASIONS GIFT CARD ASSORTMENT,0.55,0.55,0.55,1,120.0
21845,DAIRY MAID STRIPE MUG,1.86,0.79,2.95,140,2407.0
90138,WHITE/PINK MINI CRYSTALS NECKLACE,4.95,4.95,4.95,5,11.0
90137,PINK COMBO MINI CRYSTALS NECKLACE,4.95,4.95,4.95,8,19.0
16119,FUNKY GIRL ADDRESS BOOK,1.0,0.38,1.25,7,271.0
47552A,DOTS IRONING BOARD COVER,1.95,1.95,1.95,11,12.0
47567B,TEA TIME KITCHEN APRON,5.89,4.65,12.46,316,2119.0
84815,SET OF 3 DANISH ROSE PLANTERS,4.15,0.75,4.25,36,906.0
72131,COLUMBIAN CANDLE RECTANGLE,1.64,0.38,1.95,54,730.0
90013A,MIDNIGHT BLUE VINTAGE EARRINGS,3.75,3.75,3.75,9,33.0
22252,BIRDCAGE DECORATION TEALIGHT HOLDER,1.29,1.06,2.55,110,938.0
72728,ROSE SCENT CANDLES IN GLASS,0.84,0.72,0.85,50,614.0
20884,MODERN CHRISTMAS TREE CANDLE,2.1,2.1,2.1,2,2.0
20877,MODERN CHRISTMAS BAUBLE CANDLE,0.42,0.42,0.42,3,10.0
20881,MODERN CHRISTMAS TREE CANDLE,0.85,0.85,0.85,1,2.0
22242,"HOOK, 5 HANGER , MAGIC TOADSTOOL",1.64,1.45,1.65,304,4635.0
90177C,DROP DIAMANTE EARRINGS CRYSTAL,2.95,2.95,2.95,5,10.0
90177B,DROP DIAMANTE EARRINGS BLACK DIAMON,2.95,2.95,2.95,5,15.0
90177D,DROP DIAMANTE EARRINGS PURPLE,2.95,2.95,2.95,8,19.0
90177E,DROP DIAMANTE EARRINGS GREEN,2.95,2.95,2.95,2,2.0
90177A,CLASSIC DIAMANTE EARRINGS JET,2.95,2.95,2.95,1,1.0
90026C,GLASS BEAD HOOP NECKLACE GREEN,8.5,8.5,8.5,5,7.0
90069,RUBY GLASS CLUSTER NECKLACE,7.5,7.5,7.5,5,11.0
84876B,GREEN HEART COMPACT MIRROR,1.52,1.25,3.75,27,327.0
20879,TREE OF NOAH FESTIVE SCENTED CANDLE,0.65,0.65,0.65,8,50.0
17090A,LAVENDER INCENSE 40 CONES IN TIN,1.2,0.85,1.25,26,173.0
85215,ASSORTED CHEESE FRIDGE MAGNETS,0.65,0.53,0.65,46,755.0
21758,VINTAGE SHELLS PRINT,6.44,5.95,6.45,45,101.0
21278,VINTAGE KITCHEN PRINT PUDDINGS,2.52,0.25,2.55,69,1495.0
21281,VINTAGE KITCHEN PRINT SEAFOOD,2.38,0.25,2.55,36,2108.0
20848,ZINC HEART LATTICE CHARGER SMALL,2.95,2.95,2.95,12,39.0
20683,RAIN GIRL CHILDS UMBRELLA,3.25,3.25,3.25,1,1.0
84968A,SET OF 16 VINTAGE ROSE CUTLERY,12.7,10.95,12.75,111,315.0
47504J,ENGLISH ROSE SET/3 GARDEN TOOLS,7.95,7.95,7.95,2,3.0
21894,POTTING SHED SEED ENVELOPES,1.28,1.06,2.46,151,1144.0
84859C,PINK DISCO HANDBAG,2.94,1.25,5.95,37,302.0
84859A,SILVER DISCO HANDBAG,2.98,1.25,5.95,50,284.0
75131,METAL TUBE CHIME ON BAMBOO,1.62,1.0,1.69,62,1210.0
85109,PINK BOUDOIR T-LIGHT HOLDER,0.73,0.07,0.85,17,2331.0
84802A,WHITE ANEMONE ARTIFICIAL FLOWER,1.69,1.69,1.69,21,171.0
21283,NATURAL BARK CANDLE SMALL,3.18,2.75,3.25,67,479.0
35607B,BLACK FEATHER CHRISTMAS DECORATION,0.19,0.19,0.19,16,310.0
90001C,ANTIQUE OPAL WHITE FLOWER EARRINGS,4.25,4.25,4.25,5,6.0
90000B,MIDNIGHT BLUE COPPER FLOWER NECKLAC,5.95,5.95,5.95,9,14.0
90024E,NEW BAROQUE B'FLY NECKLACE MONTANA,8.5,8.5,8.5,7,12.0
84659A,WHITE TRAVEL ALARM CLOCK,2.53,1.23,2.55,70,310.0
35607A,PINK FLUFFY CHRISTMAS DECORATION,0.19,0.19,0.19,28,545.0
21307,SET/4 BUTTERFLY MIRROR MAGNETS,1.71,0.29,2.1,54,726.0
16207B,PINK HEART RED HANDBAG,2.52,1.25,2.95,13,211.0
21415,CLAM SHELL SMALL,2.02,0.79,2.1,56,320.0
21397,BLUE  SPOTTY EGG CUP,0.97,0.39,1.25,115,2000.0
35936,CERISE+GOLD CHRISTMAS TREE DEC,0.38,0.38,0.38,9,36.0
84673A,PINK FLY SWAT,0.65,0.53,0.65,69,456.0
20939,ORANGE CANDLE,0.85,0.85,0.85,1,12.0
72785A,S/4 CONTEMPORY PINK ROSEBUD CANDLES,2.1,2.1,2.1,4,8.0
72785B,S/4 CONTEMPORY RED ROSEBUD CANDLES,1.57,0.5,2.1,3,9.0
72771B,BURG FLOCK GOLD CUP/CANDLE,0.42,0.42,0.42,6,115.0
84712B,PINK JEWELLED PHOTO FRAME,7.91,6.36,7.95,36,67.0
84550,CROCHET LILAC/RED BEAR KEYRING,1.65,1.65,1.65,4,12.0
21678,PAISLEY PATTERN  STICKERS,0.82,0.38,0.85,46,515.0
21226,POCKET MIRROR WOODLAND,1.25,1.25,1.25,20,122.0
21225,POCKET MIRROR BUTTERFLY,1.25,1.25,1.25,2,2.0
16258A,SWIRLY CIRCULAR RUBBERS IN BAG,0.42,0.19,0.83,72,1024.0
37491C,GREEN/BLUE CERAMIC CANDLE HOLDER,1.65,1.65,1.65,7,16.0
84913A,SOFT PINK ROSE TOWEL,4.65,4.65,4.65,32,110.0
84459A,PINK METAL CHICKEN HEART,1.48,1.25,1.49,103,1054.0
20933,YELLOW POT PLANT CANDLE,3.45,1.25,3.75,42,493.0
75011,BLUE DAISY MOBILE,1.39,0.79,3.75,15,181.0
72801C,S/4 ROSE PINK DINNER CANDLES,1.15,0.42,1.25,46,681.0
21946,PARTY TIME DESIGN FLANNEL,0.78,0.38,0.85,30,579.0
46775E,CANDY POP CHUNKY KNITTED THROW,16.95,16.95,16.95,10,15.0
46775A,BUBBLE GUM CHUNKY KNITTED THROW,16.95,16.95,16.95,4,5.0
35911B,PINK/FLOWER RABBIT EGG WARMER,2.1,2.1,2.1,13,57.0
62097A,PINK STRIPES SHOULDER BAG,2.95,2.95,2.95,1,1.0
84686,BEACH HUT MIRROR,3.41,0.79,4.25,34,324.0
72812,LARGE ZINC GLASS CANDLEHOLDER,2.35,2.1,4.13,16,78.0
21473,SWEETHEART CREAM STEEL TABLE RECT,19.95,19.95,19.95,84,146.0
90000C,OPAL WHITE/SILVER FLOWER NECKLACE,5.95,5.95,5.95,1,1.0
90065A,WHITE VINTAGE CRYSTAL BRACELET,6.75,6.75,6.75,7,17.0
90065B,BLACK VINT ART DEC CRYSTAL BRACELET,6.75,6.75,6.75,6,8.0
90024D,NEW BAROQUE B'FLY NECKLACE PINK,8.5,8.5,8.5,11,13.0
90124B,BLUE MURANO TWIST NECKLACE,9.95,9.95,9.95,11,20.0
90182C,BLACK 3 BEAD DROP EARRINGS,2.95,2.95,2.95,1,2.0
90026B,GLASS BEAD HOOP NECKLACE MONTANA,8.5,8.5,8.5,6,7.0
90180B,PURPLE AMETHYST NECKLACE W TASSEL,9.95,9.95,9.95,10,14.0
90211B,JET BLACK LAS VEGAS NECKLACE 45CM,5.95,5.95,5.95,7,14.0
90212C,PURPLE LAS VEGAS BRACELET ROUND,3.75,3.75,3.75,5,13.0
21317,GLASS SPHERE CANDLE STAND MEDIUM,5.31,1.25,5.45,64,328.0
62074B,ELEPHANT CLIP W SUCTION CUP,0.42,0.42,0.42,11,34.0
84876C,SILVER HEART COMPACT MIRROR,3.75,3.75,3.75,4,7.0
35999,S/6 SCANDINAVIAN HEART T-LIGHT,2.55,2.55,2.55,1,1.0
22307,GOLD MUG BONE CHINA TREE OF LIFE,1.54,1.06,5.95,98,1117.0
90201A,PURPLE ENAMEL FLOWER RING,2.95,2.95,2.95,20,91.0
20697,LITTLE GREEN MONSTER SOFT TOY,2.5,2.1,2.55,19,38.0
17090D,VANILLA INCENSE 40 CONES IN TIN,1.24,0.85,1.25,28,88.0
85230A,OPIUM SCENTED VOTIVE CANDLE,0.27,0.21,0.29,48,1992.0
22306,SILVER MUG BONE CHINA TREE OF LIFE,1.48,1.06,5.95,147,1566.0
72133,COLUMBIAN CANDLE RECTANGLE,1.22,0.38,1.25,27,99.0
72134,COLUMBIAN  CUBE CANDLE,0.65,0.19,0.85,20,320.0
72130,COLUMBIAN CANDLE ROUND,0.57,0.19,0.65,50,741.0
37489A,YELLOW/PINK FLOWER DESIGN BIG MUG,0.96,0.39,1.95,21,43.0
85225,BLING KEY RING STAND,1.2,1.0,1.25,11,19.0
21441,BLUE BIRDHOUSE DECORATION,0.79,0.19,1.63,83,855.0
84711A,SILVER OVAL SHAPE TRINKET BOX,9.95,9.95,9.95,14,31.0
21306,SET/4 DAISY MIRROR MAGNETS,0.87,0.29,2.1,50,662.0
21413,PERIWINKLE T-LIGHT HOLDER,1.22,0.29,1.25,34,3134.0
90034,WHITE SILVER NECKLACE SHELL GLASS,9.95,9.95,9.95,2,2.0
90140,PINK SWEETIE NECKLACE,7.5,7.5,7.5,3,5.0
90146,FINE SILVER NECKLACE W PASTEL FLOWE,7.21,3.75,7.5,12,33.0
90123A,PINK HEART OF GLASS BRACELET,5.95,5.95,5.95,18,35.0
90060B,FIRE POLISHED GLASS NECKL GOLD,5.95,5.95,5.95,4,6.0
22243,5 HOOK HANGER RED MAGIC TOADSTOOL,1.63,1.45,1.65,316,7504.0
21311,SET/4 BIRD MIRROR MAGNETS,1.13,0.29,2.1,75,682.0
47369B,BLUE GREEN EMBROIDERY COSMETIC BAG,3.23,2.95,5.79,10,22.0
72772,SET/4 SCENTED CANDLES IN RAMEKINS,1.88,1.25,3.75,8,454.0
35910A,MULTICOLOUR EASTER RABBIT,1.95,1.95,1.95,12,52.0
21716,BOYS VINTAGE TIN SEASIDE BUCKET,2.52,1.59,4.96,305,3334.0
21715,GIRLS VINTAGE TIN SEASIDE BUCKET,2.52,1.74,2.55,316,3197.0
37438,FUNKY FLOWER COFFEE POT,3.75,3.75,3.75,1,1.0
46775D,SUNSET COLOUR CHUNKY KNITTED THROW,16.95,16.95,16.95,31,51.0
84921,CREAM AND PINK FLOWERS PONY,3.75,3.75,3.75,14,27.0
21190,PINK HEARTS PAPER GARLAND,1.64,1.45,1.65,83,706.0
22247,BUNNY DECORATION MAGIC GARDEN,0.84,0.72,0.85,102,971.0
22249,DECORATION WHITE CHICK MAGIC GARDEN,0.84,0.72,0.85,142,1291.0
22248,DECORATION  PINK CHICK MAGIC GARDEN,0.85,0.72,0.85,84,756.0
22250,DECORATION  BUTTERFLY  MAGIC GARDEN,0.84,0.72,0.85,109,1018.0
85213,MINI  ZINC GARDEN DECORATIONS,0.68,0.29,0.85,48,1269.0
85212,MINI PAINTED GARDEN DECORATION,0.5,0.21,0.85,96,2766.0
71101A,ANGEL ON KNEES METAL POLE 100CM H,0.85,0.85,0.85,1,6.0
71101E,STANDING FAIRY POLE SUPPORT,0.84,0.72,0.85,47,777.0
20882,MODERN CHRISTMAS TREE CANDLE,2.95,2.95,2.95,1,2.0
15030,FAN BLACK FRAME,0.29,0.29,0.29,26,254.0
72793,BLACK BOX MIRROR LANTERN,5.56,4.65,5.95,10,55.0
35637A,IVORY STRING CURTAIN WITH POLE,3.77,1.95,5.95,44,540.0
16256C,HEARTS PENCIL/RUBBER+5 MINI PENCILS,0.42,0.42,0.42,9,155.0
21416,CLAM SHELL LARGE,3.58,0.66,3.75,17,746.0
22268,EASTER DECORATION SITTING BUNNY,0.67,0.19,0.85,151,2345.0
35597B,BLACKCHRISTMAS TREE 30CM,1.25,1.25,1.25,6,18.0
84255A,PINK GLASS COCKTAIL LAMP,2.1,2.1,2.1,2,2.0
21318,GLASS CHALICE BLUE SMALL,1.24,0.39,1.65,77,936.0
18098B,BLUE PORCELAIN B'FLY OIL BURNER,2.95,2.95,2.95,3,3.0
37399,"ASS RETROSPOOF MUGS,SPORTS",0.97,0.42,1.25,6,143.0
21414,SCALLOP SHELL SOAP DISH,2.02,0.36,2.1,20,1614.0
21695,SMALL SILVER FLOWER CANDLE POT,2.93,2.55,2.95,74,571.0
84767,ZINC POLICE BOX LANTERN,5.46,4.0,5.95,4,193.0
21202,DOLLY HONEYCOMB GARLAND,1.56,0.65,1.65,54,765.0
37475,SET/4 COLOURFUL MIXING BOWLS,9.81,8.49,9.95,51,94.0
22262,FELT EGG COSY CHICKEN,0.86,0.85,1.63,184,1722.0
21713,CITRONELLA CANDLE FLOWERPOT,2.06,0.85,2.1,321,2452.0
21036,SET/2 TEA TOWELS MODERN VINTAGE,2.55,2.55,2.55,1,1.0
17007B,S/3 POT POURI CUSHIONS BLUE COLOURS,2.1,2.1,2.1,6,34.0
85093,CANDY SPOT EGG WARMER HARE,0.89,0.38,1.25,59,1044.0
84621,BLUE GINGHAM ROSE FLOOR CUSHION,7.95,7.95,7.95,13,27.0
15044C,PURPLE PAPER PARASOL,2.93,2.55,2.95,160,862.0
84251C,"GREETING CARD, TWO SISTERS.",0.19,0.19,0.19,14,132.0
20902,VINTAGE KEEPSAKE BOX PARIS DAYS,6.0,1.95,6.35,15,69.0
21850,BLUE  DIAMANTE PEN IN GIFT BOX,4.25,1.25,4.95,42,285.0
21372,MIRRORED WALL ART TABLE LAMP,1.74,0.75,5.79,36,141.0
22021,BLUE FELT EASTER EGG BASKET,1.64,1.45,1.65,208,1305.0
85206B,PINK FELT EASTER EGG BASKET,1.64,1.45,1.65,162,1474.0
90129A,PINK GLASS TASSLE BAG CHARM,2.95,2.95,2.95,15,35.0
84824,DANISH ROSE UMBRELLA STAND,15.83,12.75,15.95,27,33.0
44234,ASSORTED CIRCULAR MOBILE,0.21,0.18,0.21,39,1156.0
18098A,PINK PORCELAIN B'FLY OIL BURNER,2.95,2.95,2.95,2,2.0
20858,SILVER PURSE GOLD PINK BUTTERFLY,1.65,1.65,1.65,1,4.0
21298,EDWARDIAN 2 DRAWER WALL CABINET,18.1,12.75,35.95,13,51.0
72750B,FLOWER FAIRY SET 3 CANDLES LAVENDER,2.98,1.95,5.95,35,477.0
35980C,REDWHITE STRIPE SCANDINAVIAN HEART,0.38,0.38,0.38,27,331.0
21750,LARGE SKULL WINDMILL,2.1,1.85,2.1,51,292.0
21749,LARGE RED RETROSPOT WINDMILL,2.07,1.85,2.1,213,4728.0
17038,PORCELAIN BUDAH INCENSE HOLDER,0.09,0.07,0.1,30,2524.0
47589,CONGRATULATIONS BUNTING,5.45,5.45,5.45,67,142.0
21702,SET 5 MINI GATEAUX  FRIDGE MAGNETS,1.34,0.3,1.69,8,2636.0
21699,SET 5 MINI CHOCOLATE FRIDGE MAGNETS,1.23,0.3,1.69,3,108.0
90190C,SILVER/AMETHYST DROP EARRINGS LEAF,2.95,2.95,2.95,10,29.0
90186A,AMETHYST HOOP EARRING FLORAL LEAF,2.95,2.95,2.95,15,48.0
84570B,WHITE SATIN DRESS JEWEL STAND,4.95,4.95,4.95,2,4.0
48138,DOORMAT UNION FLAG,7.41,4.0,15.79,1496,9847.0
84782B,BLACK 3 TIER GLASS PLATE STAND,12.75,12.75,12.75,6,10.0
21641,ASSORTED TUTTI FRUTTI KEYRING BALL,0.67,0.29,0.85,48,1541.0
47502,POLKADOT CUTLERY 24 PCS IN TRAY,11.76,9.95,12.75,51,493.0
90059C,DIAMANTE HAIR GRIP PACK/2 MONTANA,1.65,1.65,1.65,6,18.0
90082B,DIAMANTE BOW BROOCH RED COLOUR,6.35,6.35,6.35,24,57.0
90004A,JADE GREEN PAIR ENAMEL HAIR SLIDES,3.75,3.75,3.75,1,1.0
90059E,DIAMANTE HAIR GRIP PACK/2 RUBY,1.65,1.65,1.65,6,15.0
90059D,DIAMANTE HAIR GRIP PACK/2 PERIDOT,1.65,1.65,1.65,4,20.0
20664,TROPICAL HOLIDAY PURSE,2.95,2.95,2.95,16,31.0
85129B,BEADED CRYSTAL HEART GREEN SMALL,1.31,1.06,2.46,36,210.0
85030,FRENCH CHATEAU OVAL PLATTER,5.18,1.95,7.95,26,161.0
85141,JARDIN ETCHED GLASS FRUITBOWL,8.1,3.95,10.75,68,176.0
20846,ZINC HEART LATTICE T-LIGHT HOLDER,1.25,1.06,2.46,127,1321.0
84595B,LARGE TRIFLE DESIGN L BLUE BOWL,3.05,1.65,3.75,15,229.0
84313A,PINK TV TRAY TABLE,4.25,4.25,4.25,16,34.0
84313B,BLUE TV TRAY TABLE,3.92,1.95,4.25,45,158.0
47594A,CAROUSEL DESIGN WASHBAG,1.95,1.95,1.95,71,272.0
85119,WATERING CAN SINGLE HOOK PISTACHIO,1.67,1.1,1.69,36,396.0
35937,CERISE+GOLD CHRISTMAS STOCKING DEC,0.38,0.38,0.38,17,188.0
35966,FOLKART CHRISTMAS TREE T-LIGHT HOLD,0.38,0.38,0.38,20,244.0
85167B,BLACK GRAND BAROQUE PHOTO FRAME,3.61,1.25,4.25,52,684.0
90048,GREEN WITH METAL BAG CHARM,4.95,4.95,4.95,5,19.0
48175,DOOR MAT CAMOUFLAGE,4.0,4.0,4.0,1,38.0
81952V,ROUND PURPLE CLOCK WITH SUCKER,0.37,0.19,0.85,34,451.0
84529A,PINK KNITTED KIDS RUCKSACK,6.75,6.75,6.75,10,24.0
84529C,YELLOW KNITTED KIDS RUCKSACK,6.75,6.75,6.75,11,33.0
47583B,SET OF 3 WICKER BASKET TEA AND CAKE,21.96,7.0,24.95,6,27.0
85160A,WHITE BIRD GARDEN DESIGN MUG,1.2,0.13,1.25,21,4480.0
85160B,BLACK BIRD GARDEN DESIGN MUG,0.78,0.13,1.25,29,3173.0
21718,RED METAL BEACH SPADE,1.25,0.85,2.46,307,3643.0
84086C,PINK/PURPLE RETRO RADIO,2.95,2.95,2.95,34,190.0
84976,RECTANGULAR SHAPED MIRROR,1.23,0.79,3.29,40,628.0
85018B,S/6 PAPER BOXES BLOSSOM IMAGES,4.25,4.25,4.25,10,15.0
85018A,S/6 PAPER BOXES ROMANTIC IMAGES,4.25,4.25,4.25,10,15.0
35963,FOLKART ZINC CLIP ON ANGEL WINGS,0.38,0.38,0.38,11,101.0
21090,SET/6 COLLAGE PAPER PLATES,0.56,0.19,0.85,156,2249.0
84631,FRUIT TREE AND BIRDS WALL PLAQUE,6.65,1.95,7.95,23,251.0
85127,SMALL SQUARE CUT GLASS CANDLESTICK,4.95,4.95,4.95,36,133.0
90129F,RED GLASS TASSLE BAG CHARM,2.95,2.95,2.95,14,35.0
90129D,AMBER GLASS TASSLE BAG CHARM,2.95,2.95,2.95,12,37.0
90129E,PURPLE GLASS TASSLE BAG CHARM,2.95,2.95,2.95,10,37.0
20849,ZINC HEART LATTICE DOUBLE PLANTER,3.51,0.5,3.75,20,670.0
21001,ROSE DU SUD WASHBAG,5.95,5.95,5.95,31,67.0
22137,BATHROOM SET LOVE HEART DESIGN,2.91,2.25,2.95,30,581.0
35652,VINTAGE BEAD CHAISE LONG JEWEL BOX,3.63,0.5,6.75,2,18.0
17011C,ORIGAMI LAVENDER INCENSE+FLOWER,0.65,0.65,0.65,1,334.0
17011E,ORIGAMI OPIUM SCENT INCENSE+FLOWER,0.65,0.65,0.65,1,124.0
17011D,ORIGAMI ROSE INCENSE+FLOWER,0.48,0.3,0.65,2,207.0
17011F,ORIGAMI SANDLEWOOD INCENSE+FLOWER,1.42,0.65,2.1,15,380.0
17012E,ORIGAMI OPIUM INCENSE/CANDLE SET,2.24,0.5,2.55,12,240.0
17013C,ORIGAMI LAVENDER INCENSE IN TUBE,0.42,0.42,0.42,1,117.0
17013D,ORIGAMI ROSE INCENSE IN TUBE,1.0,0.3,1.65,21,1048.0
84616,SILVER ROCCOCO CHANDELIER,22.92,12.75,29.95,20,65.0
16043,POP ART PUSH DOWN RUBBER,0.32,0.06,0.42,10,1158.0
85190,PINK FLOWER HANGING HEART,0.85,0.85,0.85,14,133.0
84450A,PINK RABBIT SITTING EASTER,0.42,0.42,0.42,4,46.0
85189,HANGING BUTTERFLY  EGG,0.85,0.72,0.85,58,1117.0
84847,FLORAL BATHROOM SET,3.63,0.33,3.75,36,1199.0
21209,MULTICOLOUR HONEYCOMB FAN,0.97,0.39,1.65,82,1340.0
47013A,WINE BOTTLE DRESSING LT.BLUE,0.28,0.12,0.29,25,141.0
84927F,PSYCHEDELIC TILE HOOK,1.07,0.39,2.1,51,324.0
84926F,PSYCHEDELIC TILE COASTER,0.99,0.29,2.46,30,465.0
90016B,GOLD/M.O.P PENDANT ORBIT NECKLACE,8.5,8.5,8.5,17,22.0
90018B,GOLD M.O.P ORBIT DROP EARRINGS,4.25,4.25,4.25,10,16.0
21208,PASTEL COLOUR HONEYCOMB FAN,0.89,0.39,1.65,75,981.0
84905,PINK BUTTERFLY CUSHION COVER,4.21,1.25,4.95,20,151.0
84907,PINK YELLOW PATCH CUSHION COVER,5.75,1.95,7.65,12,362.0
21030,SPACE CADET RED,1.27,1.06,2.46,39,219.0
82069,BEECH WOOD P/FRAME,7.25,7.25,7.25,2,5.0
21503,TOYBOX  WRAP,0.42,0.34,0.42,63,1800.0
51020A,SUMMER FUN DESIGN SHOWER CAP,0.82,0.29,1.25,49,1302.0
84942,KASHMIR FOLKART HEART DISHES,1.69,1.69,1.69,3,3.0
35974,S/6 CHRISTMAS TREE PLACE SETTING,3.75,3.75,3.75,1,1.0
35930,PINK HEART CHRISTMAS DECORATION,0.38,0.38,0.38,1,1.0
35964,FOLKART CLIP ON STARS,0.84,0.39,2.1,56,1005.0
22266,EASTER DECORATION HANGING BUNNY,0.53,0.19,0.65,123,2476.0
84706A,ENGLISH ROSE TABLE CLOCK,5.45,1.95,8.95,6,136.0
84732D,CUTE RABBIT CEATURE SCREEN,1.23,0.39,1.65,6,15.0
84732B,CUTE BIRD CEATURE SCREEN,1.23,0.39,1.65,6,28.0
21128,GOLD FISHING GNOME,6.4,1.95,12.46,28,96.0
21496,WOODLAND CREATURES  WRAP,0.42,0.42,0.42,1,25.0
47581B,FAIRY CAKE WICKER PICNIC BASKET,12.75,12.75,12.75,25,32.0
20820,SILVER LOOKING MIRROR,4.95,4.95,4.95,8,11.0
37352,BIRD IN TREE MUG,1.11,0.1,1.25,8,4643.0
20759,CHRYSANTHEMUM POCKET BOOK,0.83,0.1,0.85,44,5734.0
20845,ZINC HEART LATTICE 2 WALL PLANTER,6.35,6.35,6.35,21,73.0
16202A,PASTEL PINK PHOTO ALBUM,4.13,0.17,5.55,16,336.0
90206A,GOLD DIAMANTE STAR BROOCH,4.95,4.95,4.95,6,10.0
22221,CAKE STAND LOVEBIRD 2 TIER PINK,9.54,2.95,9.95,136,880.0
37379A,PINK CHERRY BLOSSOM CUP & SAUCER,1.25,1.25,1.25,5,30.0
35001B,HAND OPEN SHAPE BLACK,3.49,3.49,3.49,5,16.0
22188,BLACK HEART CARD HOLDER,3.84,2.3,8.29,482,10246.0
21095,SET/6 POSIES PAPER PLATES,0.85,0.85,0.85,27,242.0
85121C,RETRO LAUNDRY TUB PISTACHIO,8.5,8.5,8.5,41,83.0
72781,BLACK SILOUETTE CANDLE PLATE,2.04,1.69,2.1,13,114.0
90186B,CRYSTAL HOOP EARRING FLORAL LEAF,2.95,2.95,2.95,13,36.0
90020,FILIGREE DIAMANTE CHAIN,12.75,12.75,12.75,2,4.0
90043,COPPER AND BRASS BAG CHARM,5.79,4.95,9.96,6,10.0
85145,JARDIN ETCHED GLASS LARGE BELL JAR,9.29,3.95,12.75,29,88.0
84675,FROG KING WATERING CAN,2.91,1.2,2.95,43,181.0
35001P,HAND OPEN SHAPE PINK,3.49,3.49,3.49,1,1.0
20667,CHERRY BLOSSOM PURSE,2.95,2.95,2.95,9,21.0
84870C,GREEN GEISHA GIRL,3.75,3.75,3.75,21,54.0
85131D,BEADED CRYSTAL HEART PINK ON STICK,0.89,0.38,1.25,32,503.0
47343A,FUSCHIA FLOWER PURSE WITH BEADS,1.19,0.83,1.49,23,200.0
47344B,BLUE FLOWER DES PURSE,1.08,0.83,1.25,10,54.0
84051,ASS COLOUR GLOWING TIARAS,0.84,0.64,0.85,52,697.0
22269,EGG CUP NATURAL CHICKEN,1.06,0.39,2.46,146,1376.0
21419,CONCH SHELL,3.43,0.29,3.75,13,1252.0
71510,SQUARE METAL CANDLEHOLDER BASE,0.79,0.53,0.85,17,177.0
85130A,BEADED PEARL HEART WHITE LARGE,1.65,1.45,1.65,74,656.0
90199D,5 STRAND GLASS NECKLACE AMBER,6.35,6.35,6.35,9,15.0
20932,PINK POT PLANT CANDLE,3.44,1.25,3.75,56,305.0
22251,BIRDHOUSE DECORATION MAGIC GARDEN,1.23,1.06,1.25,184,1605.0
84801B,WHITE HYDRANGEA ART FLOWER,2.01,0.65,2.1,16,202.0
22062,CERAMIC BOWL WITH LOVE HEART DESIGN,1.91,0.83,2.95,92,710.0
84877A,PINK ROUND COMPACT MIRROR,3.57,1.25,3.75,14,46.0
84856L,LARGE TAHITI BEACH BAG,5.9,4.65,5.95,55,211.0
47310M,"SMALL POP BOX,FUNKY MONKEY",1.28,1.05,3.29,81,573.0
44091C,MULTICOLOUR CRUSOE CHECK LAMPSHADE,0.42,0.42,0.42,10,48.0
21525,BEWARE OF THE CAT DOORMAT,6.75,6.75,6.75,2,2.0
35915B,BLUE KNITTED HEN,1.64,1.27,1.65,31,434.0
35915A,CREAM KNITTED HEN,1.27,1.27,1.27,1,288.0
35915C,PEACH KNITTED HEN,1.63,1.27,1.65,23,388.0
84748,FOLK FELT HANGING MULTICOL GARLAND,2.91,0.85,3.75,31,980.0
85195,HANGING HEART BASKET,2.07,1.69,2.1,16,145.0
40002,WHITE BAMBOO RIBS LAMPSHADE,0.85,0.85,0.85,1,78.0
71270,PHOTO CLIP LINE,1.27,1.25,2.46,54,320.0
84838,ANT WHITE HIGH RISE BIRD BOX,7.67,6.0,8.5,3,49.0
84661B,BLACK SQUARE TABLE CLOCK,2.19,0.65,4.96,26,207.0
21198,WHITE HEART CONFETTI IN TUBE,1.49,0.42,1.65,79,1094.0
44092C,PURPLE/COPPER HANGING LAMPSHADE,0.85,0.85,0.85,8,21.0
20784,RED RETRO BAR STOOL,38.81,35.95,39.95,7,25.0
48103,DOOR MAT KISS MY.......,7.05,4.58,7.49,10,35.0
84689,S/2 BEACH HUT TREASURE CHESTS,4.44,1.65,5.95,31,279.0
20840,FRENCH FLORAL CUSHION COVER,1.3,0.85,3.29,57,594.0
84657,GREEN ROSE CUSHION COVER,3.62,1.65,5.95,19,245.0
21852,EMPIRE TEDDY,6.95,6.95,6.95,1,1.0
35980B,RED TOP SCANDINAVIAN HEART,0.38,0.38,0.38,2,4.0
35603B,S/16 BLACK SHINY/MAT BAUBLES,0.42,0.42,0.42,1,48.0
79051A,SMOKEY GREY COLOUR D.O.F. GLASS,0.41,0.29,0.65,46,891.0
72129,COLUMBIAN CANDLE ROUND,0.65,0.65,0.65,17,73.0
35598C,WHITE CHRISTMAS TREE 60CM,2.95,2.95,2.95,3,3.0
84499,BLACK FLOWER CANDLE PLATE,0.83,0.64,0.85,20,294.0
84858C,PINK RIVIERA HANDBAG,4.91,1.25,5.95,27,344.0
35945,GOLD CHRISTMAS STOCKING DECORATION,1.95,1.95,1.95,1,1.0
21374,MIRRORED WALL ART SKULLS,2.19,1.25,3.75,61,454.0
84422,PINK/BLUE DISC/MIRROR STRING,0.71,0.39,0.85,25,749.0
84563B,BLUE & WHITE BREAKFAST TRAY,4.41,2.95,5.95,37,96.0
21038,SET/4 MODERN VINTAGE COTTON NAPKINS,2.1,0.79,2.95,48,154.0
90143,SILVER BRACELET W PASTEL FLOWER,7.19,2.5,7.5,16,47.0
90036E,"FLOWER GLASS GARLD NECKL36""AMETHYST",7.95,7.95,7.95,11,18.0
90175B,PINK GLASS CHUNKY CHARM BRACELET,7.88,2.5,8.95,6,13.0
72132,COLUMBIAN CUBE CANDLE,1.68,0.38,1.95,27,548.0
84931A,PINK SCOTTIE DOG W FLOWER PATTERN,2.54,2.1,2.55,47,146.0
85128,PLANTPOT SINGLE HOOK PISTACHIO,1.4,1.1,1.69,2,165.0
72755C,FLOWER FAIRY OIL BURNER SET ROSE,1.71,1.25,4.25,13,588.0
84247H,PACK/12 DECOUPAGE CARD,2.95,2.95,2.95,14,35.0
22039,BOTANICAL LILY GIFT WRAP,0.41,0.34,0.42,28,800.0
22038,BOTANICAL LAVENDER GIFT WRAP,0.42,0.34,0.42,45,1150.0
90165B,WHITE ROSEBUD  PEARL EARRINGS,2.55,2.55,2.55,6,20.0
90014A,SILVER/MOP ORBIT NECKLACE,9.0,2.95,9.95,22,36.0
90014B,GOLD M PEARL  ORBIT NECKLACE,9.02,2.95,9.95,15,19.0
90052,CRACKED GLAZE NECKLACE BROWN,6.95,6.95,6.95,1,3.0
21369,MIRRORED WALL ART SPLODGES,1.99,1.25,3.75,17,128.0
22092,BLUE PAISLEY TISSUE BOX,0.75,0.39,1.25,133,903.0
37112,YELLOW BIRDS FELT DES FOODCOVER,3.75,3.75,3.75,4,9.0
46776A,WOVEN BUBBLE GUM CUSHION COVER,4.4,1.25,4.95,20,190.0
46776E,WOVEN CANDY CUSHION COVER,4.28,1.25,4.95,11,93.0
46776C,WOVEN FROST CUSHION COVER,4.54,1.25,4.95,17,102.0
78124,MAGAZINE RACK GEBRA ASSORTED,1.54,1.25,2.75,26,718.0
79337,BLUE FLOCK GLASS CANDLEHOLDER,0.78,0.38,1.65,19,1191.0
84596J,MIXED NUTS LIGHT GREEN BOWL,0.96,0.42,1.25,68,676.0
21420,OYSTER TRINKET BOX,3.04,0.79,3.25,25,114.0
21442,GREEN BIRDHOUSE DECORATION,0.77,0.19,0.85,80,883.0
84292B,BLUE COL METAL FOLDING CHAIR,7.21,5.0,7.95,4,7.0
85203,HANGING WOOD AND FELT BUTTERFLY,0.42,0.36,0.42,111,1089.0
22261,FELT EGG COSY WHITE RABBIT,0.87,0.72,1.63,150,1753.0
85043,RED HEART CANDY POP LIGHTS,4.95,4.95,4.95,1,1.0
17129C,SKY BLUE COLOUR GLASS GEMS IN BAG,0.83,0.64,0.85,10,84.0
22365,DOORMAT RESPECTABLE HOUSE,7.49,4.58,15.79,346,2218.0
22366,DOORMAT AIRMAIL,7.49,4.58,8.25,430,2341.0
90214G,"LETTER ""G"" BLING KEY RING",1.11,0.29,1.25,20,68.0
35654,VINTAGE BEAD FILLED PINK CUSHION,4.95,4.95,4.95,5,12.0
85130C,BEADED CRYSTAL HEART BLUE  LARGE,1.14,0.79,1.65,61,650.0
84674,FLYING PIG WATERING CAN,2.87,1.2,2.95,91,440.0
84614C,BLUE BAROQUE FLOCK CANDLE HOLDER,5.95,5.95,5.95,1,3.0
21772,VINTAGE METAL CAKE STAND CREAM,12.75,12.75,12.75,1,1.0
84804B,BLUE DELPHINIUM ARTIFICIAL FLOWER,2.48,0.65,2.95,19,354.0
84801A,PINK HYDRANGEA ART FLOWER,1.98,0.65,2.1,15,272.0
84798A,PINK FOXGLOVE ARTIIFCIAL FLOWER,2.49,2.1,2.55,8,174.0
84798C,WHITE FOXGLOVE ARTIIFCIAL FLOWER,2.55,2.55,2.55,3,16.0
22288,"DECORATION , HANGING METAL RABBIT",1.24,0.7,1.25,86,1265.0
85194S,HANGING SPRING FLOWER EGG SMALL,0.55,0.19,0.65,92,1654.0
21363,HOME SMALL WOOD LETTERS,4.95,4.95,4.95,328,901.0
21092,SET/6 STRAWBERRY PAPER PLATES,0.8,0.1,0.85,18,12806.0
85019A,ROMANTIC IMAGES NOTEBOOK SET,2.3,1.25,4.25,40,615.0
85169B,BLACK LOVE BIRD CANDLE,1.2,0.42,1.25,45,280.0
90096,NECKLACE+BRACELET SET BLUE BLOSSOM,2.55,2.55,2.55,11,31.0
90098,NECKLACE+BRACELET PINK BUTTERFLY,2.55,2.55,2.55,22,53.0
84967B,BLUE KASHMIRI OCCASIONAL TABLE,64.47,25.0,79.95,10,23.0
20850,ZINC HEART LATTICE PLANTER BOWL,2.84,0.5,2.95,23,820.0
47574B,ENGLISH ROSE SCENTED HANGING HEART,4.25,4.25,4.25,27,49.0
84974,S/2 ZINC HEART DESIGN PLANTERS,9.93,8.95,9.95,56,88.0
22358,KINGS CHOICE TEA CADDY,2.94,2.55,5.79,381,2243.0
22357,KINGS CHOICE BISCUIT TIN,4.22,3.75,4.56,312,1849.0
84803A,PINK ALLIUM  ARTIFICIAL FLOWER,1.69,1.69,1.69,15,106.0
84807,RED POPPY ARTIFICIAL FLOWER,1.54,0.65,1.69,7,233.0
37462B,"PET MUG, BUDGIE",0.42,0.42,0.42,4,118.0
79144C,PAINTED LIGHTBULB RAINBOW DESIGN,0.41,0.37,0.42,23,171.0
35912B,WHITE/PINK CHICK DECORATION,1.24,1.06,1.25,26,283.0
35913B,WHITE/PINK CHICK EASTER DECORATION,0.85,0.85,0.85,19,97.0
22264,FELT FARM ANIMAL WHITE BUNNY,0.76,0.19,0.85,88,1803.0
20694,FLORAL PINK MONSTER,3.71,3.39,3.75,25,112.0
35910B,PINK FLOWERS RABBIT EASTER,1.95,1.95,1.95,6,27.0
84805B,BLUE CLIMBING HYDRANGA ART FLOWER,2.3,0.85,3.75,8,339.0
84798B,PURPLE FOXGLOVE ARTIIFCIAL FLOWER,2.08,0.65,2.55,9,322.0
84856S,SMALL TAHITI BEACH BAG,4.53,3.81,4.65,29,457.0
62096A,PINK/YELLOW FLOWERS HANDBAG,1.36,1.25,1.95,51,337.0
62096B,PURPLE/TURQ FLOWERS HANDBAG,1.38,1.25,1.95,46,209.0
84611B,BLACK NEW BAROQUE FLOCK BOX,5.95,5.95,5.95,3,5.0
79403,FROSTED WHITE BASE,0.85,0.85,0.85,23,197.0
20839,FRENCH PAISLEY CUSHION COVER,1.35,0.85,3.29,60,507.0
85163B,BLACK BAROQUE WALL CLOCK,12.18,3.95,12.75,37,68.0
90144,SILVER DROP EARRINGS WITH FLOWER,3.75,3.75,3.75,11,31.0
22326,ROUND SNACK BOXES SET OF4 WOODLAND,2.93,2.55,5.79,1128,14653.0
22328,ROUND SNACK BOXES SET OF 4 FRUITS,2.92,2.55,5.79,980,12387.0
21562,HAWAIIAN GRASS SKIRT,1.56,1.06,2.1,63,664.0
47559B,TEA TIME OVEN GLOVE,1.26,1.06,2.46,604,4900.0
84917,WHITE HAND TOWEL WITH BUTTERFLY,3.74,1.25,5.95,17,183.0
82011C,BATHROOM SCALES FOOTPRINTS IN SAND,3.67,2.95,3.75,42,95.0
84867A,PINK BABY GIRLS PHOTO ALBUM,6.62,5.95,6.95,3,15.0
20794,BLUE  TILE HOOK,2.53,2.1,2.55,29,182.0
85091,CANDY SPOT BREAD BASKETS,3.37,0.85,4.95,13,320.0
47587A,PINK FAIRY CAKE COASTER,0.34,0.1,0.85,8,1476.0
84762A,WHITE PICNIC BARBECUE BUCKET,10.06,5.95,10.75,21,43.0
20616,CHERRY BLOSSOM PASSPORT COVER,1.66,0.75,4.13,44,188.0
84612B,SET/4 BLACK  BAROQUE FLOCK COASTER,2.55,2.55,2.55,4,20.0
84464,S/60 PINK FLUFFY CHICKS IN BOX,2.5,1.95,2.55,11,82.0
84250M,"GREETING CARD, BLACKPOOL ROCK",0.19,0.19,0.19,1,12.0
84984A,GREEN PEONY CUSHION COVER,3.97,1.25,4.65,15,263.0
84984B,RED PEONY CUSHION COVER,4.17,1.25,4.65,15,320.0
21393,BLUE  SPOTTY PUDDING BOWL,1.91,0.13,2.1,37,2740.0
22289,"DECORATION , HANGING METAL CHICKEN",1.24,0.7,1.25,49,723.0
22329,ROUND CONTAINER SET OF 5 RETROSPOT,1.64,1.45,1.65,416,4731.0
22367,CHILDRENS APRON SPACEBOY DESIGN,1.95,1.2,4.13,994,7644.0
22414,DOORMAT NEIGHBOURHOOD WITCH,7.69,3.95,15.79,160,1120.0
22327,ROUND SNACK BOXES SET OF 4 SKULLS,2.94,2.55,2.95,456,2614.0
16156L,"WRAP, CAROUSEL",0.42,0.42,0.42,36,950.0
35922,EASTER BUNNY WREATH,4.92,4.25,4.95,21,76.0
47599B,BLUE PARTY BAGS,2.08,1.69,2.1,261,3291.0
84843,WHITE SOAP RACK WITH 2 BOTTLES,5.9,4.65,5.95,85,245.0
72045D,ROSES ON BLUE TEACUP CANDLE,1.69,1.69,1.69,2,32.0
85188A,GREEN METAL SWINGING BUNNY,0.85,0.72,0.85,80,880.0
85188B,PINK METAL SWINGING BUNNY,0.85,0.85,0.85,51,669.0
72606A,BROWN ANTIQUE CUBE CANDLE,0.42,0.42,0.42,18,226.0
47583A,SET OF 3 WICKER BASKET ROSE,18.97,7.0,24.95,3,68.0
84706D,CHERRY BLOSSOM TABLE CLOCK,3.95,1.95,8.95,14,216.0
21368,MIRRORED WALL ART LADIES,1.22,0.75,2.55,39,193.0
21367,MIRRORED WALL ART GENTS,1.74,0.75,4.96,45,196.0
46138B,BLUE CHENILLE SHAGGY CUSHION COVER,1.37,0.85,1.95,17,46.0
85110,BLACK SILVER FLOWER T-LIGHT HOLDER,0.49,0.07,0.85,17,6472.0
84925F,PSYCHEDELIC WALL THERMOMETER,1.96,0.79,2.55,31,711.0
84951B,SET OF 4 BLACK LOVEBIRD COASTERS,1.4,0.79,2.55,40,366.0
21383,PACK OF 12 STICKY BUNNIES,0.65,0.55,0.65,188,1842.0
84437A,S/6 PINK EASTER DECS IN BOX,0.85,0.85,0.85,17,105.0
85205B,PINK FELT EASTER RABBIT GARLAND,2.55,2.55,2.55,43,215.0
85169D,PINK LOVE BIRD CANDLE,1.21,0.42,1.25,45,374.0
90011C,GREEN CRYSTAL DROP EARRINGS,2.95,2.95,2.95,1,6.0
90013D,PURPLE VINTAGE EARRINGS,3.75,3.75,3.75,8,34.0
90164B,WHITE  ROSEBUD PEARL BRACELET,3.34,1.95,7.5,8,30.0
90058B,CRYSTAL STUD EARRINGS ASSORTED COL,0.48,0.38,1.06,28,1081.0
90165A,PINK ROSEBUD PEARL EARRINGS,2.55,2.55,2.55,2,12.0
81952B,ROUND BLUE CLOCK WITH SUCKER,0.47,0.19,0.85,16,248.0
44235,ASS COL CIRCLE MOBILE,0.42,0.36,0.42,22,816.0
22161,HEART DECORATION RUSTIC HANGING,0.35,0.19,0.79,217,5300.0
35637C,PINK STRING CURTAIN WITH POLE,4.12,1.95,5.95,16,97.0
84450B,PINK/YELLOW RABBIT SAT EASTER,0.42,0.42,0.42,7,70.0
84842,HELLO SAILOR BATHROOM SET,3.58,0.33,3.75,25,775.0
84599,CANDY STRIPE ROSE FLOOR CUSHION,7.95,7.95,7.95,2,6.0
84531B,BLUE KNITTED EGG COSY,1.13,0.39,1.95,38,187.0
47367B,PAIR PADDED HANGERS PINK CHECK,3.71,2.95,3.75,38,151.0
37489D,PINK/GREEN FLOWER DESIGN BIG MUG,0.76,0.39,1.95,20,46.0
37409,ASSORTED DESIGN FLOWER MUGS,0.85,0.85,0.85,3,7.0
84766,SILVER ROCOCO CANDLE STICK,4.58,1.95,5.95,24,185.0
82545A,COGNAC AUX OEUFS METAL 1 HOOK,1.25,1.25,1.25,11,31.0
84455,SET OF 3 RABBIT CARROTS EASTER,0.85,0.85,0.85,16,78.0
85218,S/5 MINI ICE CREAM FRIDGE MAGNETS,0.88,0.3,1.45,2,1992.0
85086A,CANDY SPOT HEART DECORATION,0.85,0.85,0.85,49,396.0
84849D,HOT BATHS SOAP HOLDER,1.69,1.45,1.69,226,1516.0
21653,GLASS ETCHED T-LIGHT HOLDER LARGE,2.08,1.85,2.1,99,1197.0
85202,HANGING WOOD AND FELT HEART,0.42,0.36,0.42,89,721.0
84762C,GREEN PICNIC BARBECUE BUCKET,8.62,5.95,10.75,18,78.0
84016,FLAG OF ST GEORGE CAR FLAG,0.42,0.35,0.42,44,930.0
84033,FLAG OF ST GEORGE,1.65,1.65,1.65,43,371.0
84251G,"GREETING CARD, OVERCROWDED POOL.",0.19,0.19,0.19,34,360.0
22106,MIRROR MOSAIC HURRICANE LAMP,6.07,1.95,6.75,34,187.0
85232C,RUSSIAN FOLKART STACKING TINS,4.95,4.95,4.95,1,1.0
20802,SMALL GLASS SUNDAE DISH CLEAR,1.55,0.42,1.65,76,895.0
21089,SET/6 GREEN SPRING PAPER CUPS,0.37,0.19,0.65,36,316.0
21097,SET/6 GREEN SPRING  PAPER PLATE,0.85,0.85,0.85,7,32.0
90108,BLUE BLOSSOM HAIR CLIP,1.05,1.05,1.05,13,101.0
72225C,LAVENDER SCENT CAKE CANDLE,0.27,0.21,0.29,34,1829.0
72225D,VANILLA SCENT CAKE CANDLE,0.27,0.21,0.29,10,960.0
17014D,ORIGAMI ROSE INCENSE CONES,1.01,0.3,1.65,5,476.0
17014A,ORIGAMI VANILLA INCENSE CONES,0.7,0.42,1.65,9,247.0
16010,FOLDING CAMPING SCISSOR W/KNIF & S,0.12,0.12,0.12,4,32.0
21454,PAINTED PINK RABBIT,0.85,0.85,0.85,85,619.0
90103,PURPLE FRANGIPANI NECKLACE,2.55,2.55,2.55,5,12.0
20787,BLUE RETRO BAR STOOL,39.45,35.95,39.95,8,11.0
17011A,ORIGAMI VANILLA INCENSE+FLOWER,1.32,0.3,2.1,6,254.0
20698,LITTLE PINK MONSTER SOFT TOY,2.5,2.1,2.55,18,43.0
72796C,S/3 ROSE GARDEN SCENT SQU CANDLE,1.65,1.65,1.65,1,1.0
21386,IVORY HANGING DECORATION  EGG,0.62,0.19,0.85,82,1097.0
85027L,FRENCH CHATEAU LARGE PLATTER,4.79,1.95,7.95,38,142.0
84306,S/3 PINK SQUARE PLANTERS ROSES,10.95,10.95,10.95,19,35.0
84653,GREEN ROSE QUILT,45.2,39.95,45.95,8,10.0
84458,S/3 RABBIT FLOWER/EGG/CARROT ROPE,0.85,0.85,0.85,19,123.0
21409,SPOTTY COCKEREL DOORSTOP,4.25,4.25,4.25,1,1.0
85023C,PINK LARGE JEWELED PHOTOFRAME,2.55,2.55,2.55,11,23.0
90036B,"FLOWER GLASS GARLAND NECKL.36""GREEN",7.95,7.95,7.95,9,17.0
90036A,FLOWER GARLAND NECKLACE RED,7.95,7.95,7.95,14,21.0
21476,STEEL SWEETHEART ROUND TABLE CREAM,14.88,10.0,14.95,72,125.0
84247N,PACK/12 BLUE FOLKART CARDS,2.95,2.95,2.95,39,96.0
40003,WHITE BAMBOO RIBS LAMPSHADE,1.2,0.95,1.25,47,1127.0
21478,SILVER SKULL HOT WATER BOTTLE,3.75,3.39,3.75,76,179.0
84966B,BLUE KASHMIRI BOXED MIRROR,16.0,12.0,20.0,4,33.0
84966A,PINK KASHMIRI BOXED MIRROR,17.33,12.0,20.0,3,12.0
37330,SPOTS MUG,1.78,0.39,1.95,22,504.0
47469,ASSORTED SHAPES PHOTO CLIP SILVER,0.63,0.42,0.65,27,1094.0
84800L,LARGE WHITE/PINK ROSE ART FLOWER,1.86,0.85,2.12,36,623.0
84804A,CREAM DELPHINIUM ARTIFICIAL FLOWER,2.69,0.65,2.95,17,215.0
21002,ROSE DU SUD DRAWSTRING BAG,4.25,4.25,4.25,26,110.0
85092,CANDY SPOT TEA COSY,2.7,1.25,3.35,13,350.0
20798,CLEAR MILKSHAKE GLASS,2.07,1.65,2.1,41,445.0
16161G,WRAP BAD HAIR DAY,0.1,0.1,0.1,33,975.0
85024B,EAU DE NILE JEWELLED PHOTOFRAME,1.64,1.45,1.65,20,218.0
21793,CLASSIC FRENCH STYLE BASKET BROWN,5.0,3.95,7.46,93,344.0
21792,CLASSIC FRENCH STYLE BASKET GREEN,5.6,3.95,6.75,130,476.0
21088,SET/6 FRUIT SALAD PAPER CUPS,0.36,0.08,0.83,103,9375.0
20800,LARGE GLASS SUNDAE DISH CLEAR,1.4,0.25,2.55,2,996.0
84567,FROSTED GLASS WITH SILVER SURROUND,1.65,1.65,1.65,1,9.0
47471,RAINBOW PEGS PHOTO CLIP STRING,0.68,0.53,1.46,41,381.0
79301,FEATHER HEART LIGHTS,2.95,2.95,2.95,1,1.0
84630,FLOWERS AND BIRDS WALL PLAQUE,7.95,7.95,7.95,1,2.0
84661C,PINK SQUARE TABLE CLOCK,1.32,0.65,2.55,12,137.0
21759,METAL WALL SHELF UNIT WITH HOOKS,45.47,25.62,49.95,11,27.0
90032,IVORY SHELL HEART NECKLACE,6.1,3.13,6.25,21,45.0
17014F,ORIGAMI SANDLEWOOD INCENSE CONES,1.31,0.3,1.65,4,61.0
84799,SPRIG LAVENDER ARTIFICIAL FLOWER,1.04,0.42,1.25,28,619.0
85187,S/12 MINI RABBIT EASTER,1.65,1.45,1.65,88,451.0
20890,SMALL GLASS ROSE SCENTED CANDLE,3.75,3.75,3.75,1,4.0
20891,LARGE GLASS ROSE SCENTED CANDLE,7.95,7.95,7.95,1,2.0
37351,ORANGE FLOWER MUG,0.96,0.1,1.25,7,5395.0
21474,SWEETHEART CREAM STEEL FOLDIN BENCH,19.95,19.95,19.95,90,199.0
85130B,BEADED CRYSTAL HEART GREEN LARGE,1.06,0.79,3.29,59,875.0
16044,POP-ART FLUORESCENT PENS,0.24,0.06,0.42,2,6192.0
16254,TRANSPARENT ACRYLIC TAPE DISPENSER,0.9,0.25,1.63,19,912.0
35921,EASTER BUNNY HANGING GARLAND,1.25,1.25,1.25,26,154.0
20786,BLACK RETRO BAR STOOL,39.38,35.95,39.95,7,20.0
20785,FUSCHIA RETRO BAR STOOL,39.2,35.95,39.95,16,43.0
85032B,BLOSSOM IMAGES GIFT WRAP SET,0.91,0.65,2.1,106,929.0
22380,TOY TIDY SPACEBOY,2.09,0.79,4.13,546,4628.0
22383,LUNCH BAG SUKI  DESIGN,1.65,1.45,4.13,1987,23584.0
22382,LUNCH BAG SPACEBOY DESIGN,1.65,1.19,4.13,1909,19347.0
44236,PINK/PURPLE CIRCLE CURTAIN,2.87,0.79,4.65,12,64.0
15058A,BLUE WHITE SPOTS GARDEN PARASOL,7.24,3.95,7.95,101,385.0
15058C,ICE CREAM DESIGN GARDEN PARASOL,6.6,3.95,7.95,71,413.0
15058B,PINK POLKADOT GARDEN PARASOL,7.46,3.95,7.95,86,292.0
90128A,PINK LEAVES AND BEADS PHONE CHARM,1.25,1.25,1.25,5,17.0
90162D,ANT SILVER PURPLE BOUDICCA RING,2.95,2.95,2.95,11,26.0
90162A,ANT SILVER TURQUOISE BOUDICCA RING,2.95,2.95,2.95,10,29.0
90128B,BLUE LEAVES AND BEADS PHONE CHARM,1.25,1.25,1.25,5,17.0
22381,TOY TIDY PINK RETROSPOT,2.1,1.49,4.13,789,8637.0
84231,EASTER BUNNY WITH BASKET ON BACK,0.65,0.65,0.65,34,204.0
84457,SET/3 RABBITS FLOWER SKIPPPING ROPE,0.85,0.85,0.85,40,252.0
22259,FELT FARM ANIMAL HEN,1.16,0.42,1.25,33,478.0
84509E,SET OF 4 CAROUSEL PLACEMATS,2.63,0.79,3.75,12,133.0
84531A,PINK KNITTED EGG COSY,1.13,0.39,1.95,38,181.0
84806A,PINK CANDYSTUFT ARTIFICIAL FLOWER,1.13,0.39,1.45,20,319.0
47481,50CM METAL STRING WITH  7 CLIPS,0.85,0.68,0.85,35,316.0
22384,LUNCH BAG PINK POLKADOT,1.65,1.19,4.13,1829,20171.0
85170B,SET/6 BLACK BIRD T-LIGHT CANDLES,1.89,0.85,2.1,33,237.0
90005A,JADE GREEN ENAMEL HAIR COMB,1.95,1.95,1.95,7,36.0
22379,RECYCLING BAG RETROSPOT,2.09,1.66,4.13,1004,14250.0
35638A,PINK AND BLACK STRING CURTAIN,3.95,1.95,5.95,6,39.0
84865,NEW BAROQUE BLACK PHOTO ALBUM,7.75,2.95,8.5,37,64.0
22378,WALL TIDY RETROSPOT,2.0,0.85,4.13,285,3035.0
44241C,BLUE BUTTERFLY ON SPRING,0.85,0.85,0.85,7,68.0
21923,RED/CREAM STRIPE FRINGE HAMMOCK,7.87,6.95,7.95,102,319.0
37491B,BLUE/YELLOW CERAMIC CANDLE HOLDER,1.65,1.65,1.65,5,10.0
21394,RED POLKADOT BEAKER,0.65,0.39,1.95,129,3931.0
79303A,WHITE ROHMBIC BLOCK TABLE LAMP,2.95,2.95,2.95,1,2.0
21129,SILVER FISHING GNOME,7.48,1.95,12.46,41,103.0
22377,BOTTLE BAG RETROSPOT,2.03,0.85,4.13,285,3188.0
84868A,PINK BABY GIRL'S MEMORY BOX,6.95,6.95,6.95,2,2.0
84868B,BLUE BABY BOY'S MEMORY BOX,6.95,6.95,6.95,4,5.0
48173A,DOOR MAT BLUE FLOCK,6.75,6.75,6.75,1,1.0
20801,LARGE PINK GLASS SUNDAE DISH,1.35,0.75,2.55,68,886.0
84809B,PINK CHRYSANTHEMUMS ART FLOWER,1.79,0.85,2.1,8,296.0
84809A,WHITE CHRYSANTHEMUMS ART FLOWER,2.01,0.85,2.1,18,259.0
35822B,"ACRYLIC BEAD CHAIN, BLUE",0.38,0.38,0.38,1,229.0
35822P,"ACRYLIC BEAD CHAIN, PINK",0.38,0.38,0.38,1,114.0
21794,CLASSIC FRENCH STYLE BASKET NATURAL,5.29,2.0,7.46,151,675.0
78033,FLAG OF ST GEORGE CHAIR,5.43,4.25,5.95,13,71.0
35920,FOUR RABBIT EASTER DECORATIONS,1.19,0.15,1.25,20,1065.0
84447,6 RABBIT CHAIN EASTER,0.85,0.85,0.85,7,52.0
21455,PAINTED YELLOW WOODEN DAISY,0.85,0.85,0.85,63,502.0
84881,BLUE WIRE SPIRAL CANDLE HOLDER,6.35,6.35,6.35,22,50.0
21459,YELLOW EASTER EGG HUNT START POST,1.94,1.65,1.95,37,250.0
71495B,CD WALL TIDY RED FLOWERS,0.4,0.36,0.42,12,288.0
47585A,PINK FAIRY CAKE CUSHION COVER,3.23,1.25,3.75,82,901.0
35916A,YELLOW FELT HANGING HEART W FLOWER,0.85,0.85,0.85,7,51.0
90124A,PINK MURANO TWIST NECKLACE,9.95,9.95,9.95,16,26.0
90024A,NEW BAROQUE B'FLY NECKLACE BLACK,8.5,8.5,8.5,4,5.0
90199B,5 STRAND GLASS NECKLACE AMETHYST,6.35,6.35,6.35,12,17.0
84931B,BLUE SCOTTIE DOG W FLOWER PATTERN,2.53,2.1,2.55,52,219.0
90122A,PINK CRYSTAL+GLASS BRACELET,4.95,4.95,4.95,14,36.0
90122C,TURQUOISE CRYSTAL+GLASS BRACELET,4.95,4.95,4.95,15,38.0
84800M,MEDIUM WHITE/PINK ROSE ART FLOWER,1.59,0.65,1.69,26,249.0
85131C,BEADED CRYSTAL HEART BLUE ON STICK,0.99,0.38,1.25,26,308.0
90208,PAIR OF ENAMEL FLOWER CLUSTER SLIDE,2.51,2.1,2.55,11,86.0
90209B,GREEN ENAMEL+GLASS HAIR COMB,2.03,1.75,2.1,18,248.0
21461,BLUE EASTER EGG HUNT START POST,1.95,1.95,1.95,16,74.0
21460,GREEN EASTER EGG HUNT START POST,1.95,1.95,1.95,19,90.0
84673B,BLUE FLY SWAT,0.76,0.65,1.63,78,419.0
21169,YOU'RE CONFUSING ME METAL SIGN,1.66,1.45,1.69,617,8605.0
21907,I'M ON HOLIDAY METAL SIGN,2.1,1.85,4.13,687,4912.0
22386,JUMBO BAG PINK POLKADOT,1.97,1.18,4.13,1733,34930.0
90160B,RED BOUDICCA LARGE BRACELET,6.76,2.5,6.95,23,60.0
77081,FLOWER WINDMILL,1.23,1.06,1.25,18,219.0
22385,JUMBO BAG SPACEBOY DESIGN,1.98,1.3,4.13,954,15050.0
22496,SET OF 2 ROUND TINS DUTCH CHEESE,2.83,0.79,2.95,174,698.0
22495,SET OF 2 ROUND TINS CAMEMBERT,2.82,0.79,2.95,188,873.0
22413,METAL SIGN TAKE IT OR LEAVE IT,2.94,1.49,5.79,761,6690.0
22411,JUMBO SHOPPER VINTAGE RED PAISLEY,1.98,1.65,4.13,1644,22152.0
22494,EMERGENCY FIRST AID TIN,1.29,1.06,2.46,279,2463.0
22412,METAL SIGN NEIGHBOURHOOD WITCH,2.09,1.85,2.1,308,2286.0
46000R,POLYESTER FILLER PAD 45x30cm,1.45,1.45,1.45,59,239.0
84219,BOX/12 MOTHER & CHICK IN BASKET/BOW,2.53,1.95,2.55,26,96.0
84461,12 PINK HEN+CHICKS IN BASKET,2.55,2.55,2.55,33,84.0
85204,HANGING WOOD AND FELT FLOWER,0.3,0.12,0.42,78,2150.0
21763,VINTAGE WOODEN BAR STOOL,27.83,20.0,29.95,16,42.0
22500,SET OF 2 TINS JARDIN DE PROVENCE,4.55,1.25,4.95,175,545.0
22497,SET OF 2 TINS VINTAGE BATHROOM,4.25,3.75,4.25,204,834.0
90198B,VINTAGE ROSE BEAD BRACELET BLACK,4.25,4.25,4.25,32,85.0
84456,SET OF 3 RABBIT EGG EASTER,0.85,0.85,0.85,11,21.0
85039C,S/4 BLACK MINI ROSE CANDLE IN BOWL,1.35,0.42,1.65,37,411.0
72821,CUPID SCENTED CANDLE IN GLASS,1.65,1.65,1.65,14,61.0
17013F,ORIGAMI SANDLEWOOD INCENSE IN TUBE,1.31,0.3,1.65,4,61.0
84218,BOX/12 CHICK & EGG IN BASKET,1.95,1.69,1.95,88,253.0
22417,PACK OF 60 SPACEBOY CAKE CASES,0.55,0.42,1.25,907,20771.0
16206B,RED PURSE WITH PINK HEART,1.23,0.95,1.25,16,96.0
22657,HEN & 2 CHICKS IN BASKET,0.85,0.85,0.85,7,59.0
62095B,TURQOISE ICE CREAM SUNHAT,1.46,0.85,1.69,19,289.0
17174,ASSTD RASTA KEY-CHAINS,0.42,0.42,0.42,7,36.0
16052,TEATIME PUSH DOWN RUBBER,0.39,0.19,0.42,20,786.0
79071B,ENGLISH ROSE METAL WASTE BIN,2.95,2.95,2.95,60,136.0
37462E,"PET MUG, GOLDFISH",0.34,0.19,0.42,9,81.0
79140,ASS WINDPROOF MARIJUANA LIGHTERS,0.42,0.42,0.42,2,15.0
84927E,FLOWERS TILE HOOK,1.73,0.08,2.1,23,297.0
84228,HEN HOUSE W CHICK STANDING,0.42,0.37,0.42,23,322.0
84462,3 PINK HEN+CHICKS IN BASKET,1.24,1.06,1.25,13,99.0
84366,VENDETTA CANVAS PICTURE,3.75,3.75,3.75,2,2.0
90114,SUMMER DAISIES BAG CHARM,2.55,2.55,2.55,19,84.0
90116,FRUIT SALAD BAG CHARM,1.69,1.69,1.69,11,44.0
35647,VINTAGE BEAD PINK SHADE,1.23,0.5,1.25,43,525.0
22499,WOODEN UNION JACK BUNTING,5.94,4.95,12.46,629,3156.0
90197D,AMBER GLASS BRACELET HEART CHARMS,4.95,4.95,4.95,4,9.0
85205A,IVORY FELT EASTER RABBIT GARLAND,2.55,2.55,2.55,21,66.0
84555A,YELLOW VW BEETLE CERAMIC MONEY BOX,2.93,2.55,2.95,15,46.0
90214V,"LETTER ""V"" BLING KEY RING",1.14,0.29,1.25,9,21.0
47504H,ENGLISH ROSE SPIRIT LEVEL,1.33,0.79,3.29,105,989.0
84857A,SILVER MONTE CARLO HANDBAG,8.5,8.5,8.5,3,8.0
22498,WOODEN REGATTA BUNTING,5.94,4.95,5.95,294,991.0
35644,PAIR PINK/BLACK COATHANGERS,1.95,1.95,1.95,7,21.0
84877D,BLUE ROUND COMPACT MIRROR,2.25,1.25,3.75,15,101.0
84876D,BLUE HEART COMPACT MIRROR,2.55,1.25,3.75,27,312.0
84859B,BLUE DISCO HANDBAG,2.4,1.25,5.95,15,279.0
79303B,BLUE STAR BLOCK TABLE LAMP,2.95,2.95,2.95,4,103.0
17084A,TRANQUILITY MASALA INCENSE,0.21,0.21,0.21,18,442.0
44089A,PINK GAUZE BUTTERFLY LAMPSHADE,0.42,0.42,0.42,12,39.0
44089C,LILAC GAUZE BUTTERFLY LAMPSHADE,0.42,0.42,0.42,18,68.0
17027A,INCENSE BAZAAR CANNABIS,0.36,0.29,0.42,2,228.0
84923,PINK BUTTERFLY HANDBAG W BOBBLES,8.5,8.5,8.5,5,9.0
47586A,PINK FAIRY CAKE CUSHION COVER,2.12,0.85,2.55,28,199.0
20816,GOLD FLOWER CUSHION COVER,5.38,1.95,6.75,7,24.0
84249A,"GREETING CARD,SQUARE, DOUGHNUTS",0.46,0.42,0.83,20,238.0
84803B,WHITE ALLIUM  ARTIFICIAL FLOWER,1.69,1.69,1.69,10,40.0
16053,POPART COL BALLPOINT PEN ASST,0.18,0.03,0.21,7,2298.0
84465,15 PINK FLUFFY CHICKS IN BOX,2.95,2.95,2.95,20,29.0
17012C,ORIGAMI LAVENDER INCENSE/CANDL SET,1.39,0.5,2.55,56,777.0
84908A,PINK 5 PATCH FLOWER CUSHION COVER,3.62,1.95,6.95,6,386.0
37451,CERAMIC CAKE TEAPOT WITH CHERRY,4.95,4.95,4.95,1,1.0
72751C,"F.FAIRY S/3 SML CANDLE, ROSE",5.95,5.95,5.95,1,1.0
22416,SET OF 36 DOILIES SPACEBOY DESIGN,1.44,1.25,1.45,154,1943.0
85192S,HANGING SPRING FLOWER HEART SMALL,0.65,0.65,0.65,2,3.0
79157B,UBO-LIGHT TRIOBASE BLUE,0.85,0.85,0.85,3,5.0
82072,WHITE WOOD SINGLE P/FRAME,1.25,1.25,1.25,3,5.0
84817,DANISH ROSE DECORATIVE PLATE,1.6,0.39,2.1,73,1015.0
84192,ASSORTED COLOUR METAL CAT,1.24,1.06,1.25,38,226.0
84706F,RED PEONY TABLE CLOCK,5.42,2.95,8.95,16,33.0
84864A,PINK PAISLEY PHOTO ALBUM,6.75,6.75,6.75,3,4.0
84820,DANISH ROSE TRINKET TRAYS,4.58,0.79,5.95,47,311.0
84715,SET OF 6 ICE CREAM SKITTLES,2.95,2.95,2.95,39,232.0
84030B,KNITTED POM POM HOT WATER BOTTLE,3.75,3.75,3.75,3,5.0
84311,CAMOFLAGE CUSHION COVER,1.65,1.65,1.65,1,11.0
71495A,CD WALL TIDY BLUE OFFICE,0.4,0.36,0.42,9,213.0
79331,PINK FLOCK GLASS CANDLEHOLDER,1.37,0.38,1.65,9,60.0
90202C,GREEN ENAMEL FLOWER HAIR TIE,2.95,2.95,2.95,3,3.0
90198A,VINTAGE ROSE BEAD BRACELET RASPBERR,4.25,4.25,4.25,26,74.0
90170,DAISY HAIR BAND,1.65,1.65,1.65,9,55.0
90082C,DIAMANTE BOW BROOCH WHITE COLOUR,6.35,6.35,6.35,1,1.0
90202D,PINK ENAMEL FLOWER HAIR TIE,2.95,2.95,2.95,4,20.0
90202A,PURPLE ENAMEL FLOWER HAIR TIE,2.95,2.95,2.95,2,2.0
82011E,"BATHROOM SCALES, FAG BREAK",3.75,3.75,3.75,2,2.0
82011A,"BATHROOM SCALES, TROPICAL BEACH",3.75,3.75,3.75,23,35.0
22372,AIRLINE BAG VINTAGE WORLD CHAMPION,4.95,3.95,8.29,225,520.0
21361,LOVE LARGE WOOD LETTERS,12.71,10.95,12.75,241,507.0
84816,DANISH ROSE BEDSIDE CABINET,39.24,34.95,39.95,14,26.0
90157,RIVIERA NECKLACE,4.95,4.95,4.95,16,44.0
84452,METAL RABBIT LADDER EASTER,0.85,0.85,0.85,25,164.0
84637,KITCHEN FLOWER POTS WALL PLAQUE,4.81,1.25,5.95,33,487.0
84638,SMALL KITCHEN FLOWER POTS PLAQUE,5.35,1.45,6.95,31,356.0
62094B,TURQ ICE CREAM BUM BAG,2.28,0.85,2.55,27,251.0
37489B,BLUE/YELLOW FLOWER DESIGN BIG MUG,1.03,0.39,1.95,17,38.0
22371,AIRLINE BAG VINTAGE TOKYO 78,4.8,3.75,8.29,496,1511.0
20838,FRENCH LATTICE CUSHION COVER,1.19,0.85,3.29,38,379.0
22374,AIRLINE BAG VINTAGE JET SET RED,4.92,3.95,8.29,334,886.0
22376,AIRLINE BAG VINTAGE JET SET WHITE,4.87,3.75,8.29,191,449.0
22375,AIRLINE BAG VINTAGE JET SET BROWN,4.7,3.95,6.35,194,471.0
47563B,WAVELINE SURF IRONING BOARD COVER,3.75,3.75,3.75,6,8.0
84529B,BLUE KNITTED KID'S RUCKSACK,6.75,6.75,6.75,2,3.0
46137D,GREEN CHENILLE SHAGGY RUG,2.95,2.95,2.95,3,43.0
84760S,SMALL HANGING GLASS+ZINC LANTERN,1.45,1.45,1.45,24,197.0
44217M,MULTICOLOUR FEATHERS CURTAIN,3.95,3.95,3.95,2,24.0
47421,ASSORTED COLOUR LIZARD SUCTION HOOK,0.41,0.36,0.42,72,1437.0
46307,ROSES BLUE BASE CUSHION COVER,1.65,1.65,1.65,4,12.0
85094,CANDY SPOT EGG WARMER RABBIT,0.5,0.19,1.25,41,608.0
84510E,SET OF 4 GREEN CAROUSEL COASTERS,1.02,0.21,1.25,13,128.0
90189B,GOLD 2 STRAND NECKLACE-LEAF CHARMS,7.5,7.5,7.5,2,3.0
90149,SILVER FLOWR PINK SHELL NECKLACE,7.34,6.36,7.5,7,60.0
90003E,GREEN PAIR HEART HAIR SLIDES,3.75,3.75,3.75,2,6.0
90078,PINK/WHITE GLASS DEMI CHOKER,7.5,7.5,7.5,4,8.0
90025D,BAROQUE BUTTERFLY EARRINGS PINK,3.75,3.75,3.75,2,2.0
90171,DAISY RING,1.25,1.25,1.25,2,11.0
90189A,SILVER 2 STRAND NECKLACE-LEAF CHARM,7.5,7.5,7.5,5,8.0
21087,SET/6 POSIES PAPER CUPS,0.56,0.19,0.65,20,220.0
72715,SPHERICAL IVORY CANDLE,0.42,0.42,0.42,12,82.0
84609,TALL ROCOCO CANDLE HOLDER,8.41,7.25,8.5,27,129.0
37491D,PURPLE/BLUE CERAMIC CANDLE HOLDER,1.65,1.65,1.65,5,14.0
37491A,YELLOW/PINK CERAMIC CANDLE HOLDER,1.65,1.65,1.65,5,7.0
84292,ROSE PINK METAL FOLDING CHAIR,7.95,7.95,7.95,12,42.0
84614A,PINK BAROQUE FLOCK CANDLE HOLDER,5.95,5.95,5.95,6,11.0
84227,HEN HOUSE W CHICK IN NEST,0.42,0.42,0.42,13,112.0
75178,ASSTD COL BUTTERFLY/CRYSTAL W/CHIME,1.09,0.42,1.25,16,475.0
35816B,"ACRYLIC JEWEL ANGEL,BLUE",0.82,0.38,1.25,2,137.0
35816P,"ACRYLIC JEWEL ANGEL,PINK",0.75,0.38,1.25,7,292.0
84711B,PINK OVAL SHAPE TRINKET BOX,9.95,9.95,9.95,12,20.0
90166,PINK & WHITE ROSEBUD RING,4.2,4.15,4.25,11,19.0
37342,POLKADOT COFFEE CUP & SAUCER PINK,1.04,0.79,2.95,70,1447.0
79315W,FLYING SAUCER TABLE LIGHT IN WHITE,2.95,2.95,2.95,7,191.0
22432,WATERING CAN PINK BUNNY,1.94,1.18,4.13,426,3366.0
90206C,CRYSTAL DIAMANTE STAR BROOCH,4.95,4.95,4.95,11,21.0
90199A,5 STRAND GLASS NECKLACE BLACK,6.35,6.35,6.35,9,15.0
90039B,FIRE POLISHED GLASS BRACELET MONTAN,3.75,3.75,3.75,3,13.0
90039A,FIRE POLISHED GLASS BRACELET RED,3.75,3.75,3.75,2,7.0
90039D,FIRE POLISHED GLASS BRACELET GREEN,3.75,3.75,3.75,5,22.0
22433,WATERING CAN GREEN DINOSAUR,1.94,1.18,4.13,351,2664.0
84800S,SMALL WHITE/PINK ROSE ART FLOWER,1.1,0.42,1.25,19,388.0
90127B,BLUE BEADS+HAND PHONE CHARM,1.25,1.25,1.25,2,2.0
35823P,"ACRYLIC BEAD GARLAND,PINK",2.95,2.95,2.95,2,2.0
84575A,PINK DOG CANNISTER,5.33,1.95,5.95,13,24.0
90178B,PURPLE CHUNKY GLASS+BEAD NECKLACE,11.95,11.95,11.95,9,14.0
17021,NAMASTE SWAGAT INCENSE,0.29,0.24,0.3,73,3672.0
22431,WATERING CAN BLUE ELEPHANT,1.96,1.65,4.13,494,3157.0
22257,FELT FARM ANIMAL SHEEP,1.19,0.42,1.25,24,310.0
84762B,PINK PICNIC BARBECUE BUCKET,9.15,5.95,10.75,21,82.0
84629,WHITE 3 FRAME BIRDS AND TREE,13.45,4.95,21.95,12,23.0
84962,SET/3 COLOUR PAINTED KASHMIRI STOOL,59.95,59.95,59.95,2,3.0
84964B,BLUE PAINTED KASHMIRI TABLE,45.0,30.0,60.0,2,17.0
84964A,PINK PAINTED KASHMIRI TABLE,45.0,30.0,60.0,2,11.0
84965B,BLUE KASHMIRI COFFEE TABLE,62.49,30.0,129.95,4,27.0
84965A,PINK KASHMIRI COFFEE TABLE,40.0,30.0,60.0,3,20.0
84613A,PINK NEW BAROQUE FLOCK CANDLESTICK,4.65,4.65,4.65,10,22.0
37488A,YELLOW PINK FLOWER DESIGN BIG BOWL,1.41,0.39,2.95,5,31.0
35909A,RABBIT EASTER DECORATION,2.95,2.95,2.95,5,20.0
21387,IVORY HANGING DECORATION  RABBIT,0.85,0.85,0.85,4,25.0
84751B,BLACK MEDIUM GLASS CAKE STAND,3.01,0.79,3.75,19,38.0
47422,ASSORTED MONKEY SUCTION CUP HOOK,0.41,0.36,0.42,58,1026.0
16218,CARTOON  PENCIL SHARPENERS,0.1,0.06,0.16,70,4525.0
72083A,STRAWBERY SWIRL FLARE CANDLE,2.1,2.1,2.1,7,24.0
81953P,ROUND ARTICULATED PINK CLOCK W/SUCK,0.52,0.19,0.85,6,33.0
22610,PENS ASSORTED FUNNY FACE,0.37,0.19,0.85,222,12134.0
22609,PENS ASSORTED SPACEBALL,0.4,0.19,1.63,148,6614.0
84723,CHERRY BLOSSOM CANVAS ART PICTURE,5.77,1.95,7.95,11,49.0
37479B,CUBIC MUG FLOCK BLUE ON BROWN,1.16,0.39,2.55,24,1240.0
22608,PENS ASSORTED FUNKY JEWELED,0.29,0.19,0.85,97,5365.0
84226,HEN HOUSE W FAMILY IN BARN & NEST,0.84,0.64,0.85,17,75.0
84770,ROUND GEORGIAN SILVER MIRROR,4.12,2.95,9.95,12,111.0
90163A,PINK ROSEBUD & PEARL NECKLACE,7.5,7.5,7.5,5,12.0
21623,VINTAGE UNION JACK MEMOBOARD,9.78,6.38,9.95,493,6078.0
71496A,A4 WALL TIDY BLUE OFFICE,0.58,0.53,0.65,8,228.0
84877B,GREEN ROUND COMPACT MIRROR,1.58,1.25,3.75,15,227.0
84546,CROCHET POODLE KEYRING,1.65,1.65,1.65,3,21.0
62086A,PINK RETRO BIG FLOWER BAG,1.95,1.95,1.95,22,110.0
21760,FRENCH STYLE WALL DRESSER,116.25,50.0,125.0,11,14.0
90162C,ANT SILVER FUSCHIA BOUDICCA RING,2.95,2.95,2.95,16,42.0
90162B,ANT SILVER LIME GREEN BOUDICCA RING,2.95,2.95,2.95,18,53.0
84660A,WHITE STITCHED WALL CLOCK,1.71,0.79,7.46,42,851.0
72051S,BAG OF SILVER STONES,0.42,0.42,0.42,19,141.0
84805A,CREAM CLIMBING HYDRANGA ART FLOWER,2.62,0.85,3.75,7,145.0
84679,CLASSICAL ROSE TABLE LAMP,8.95,3.95,19.95,4,14.0
84927A,WAKE UP COCKEREL TILE HOOK,1.64,0.08,2.1,23,145.0
84908B,BLUE 5 PATCH FLOWER CUSHION COVER,2.95,1.95,6.95,5,385.0
16054,POPART RECT PENCIL SHARPENER ASST,0.16,0.12,0.42,37,1205.0
20836,FRENCH PAISLEY CUSHION COVER,1.04,0.83,2.95,20,200.0
21003,ROSE DU SUD CUSHION COVER,6.35,6.35,6.35,11,22.0
90027C,GLASS BEAD HOOP EARRINGS GREEN,2.95,2.95,2.95,2,4.0
90070,RUBY GLASS CLUSTER BRACELET,5.95,5.95,5.95,9,28.0
90086,CRYSTAL FROG PHONE CHARM,1.1,0.19,1.63,19,189.0
84205C,HAPPY BIRTHDAY GINGER CAT CARD,0.19,0.19,0.19,1,2.0
84726,LILLIES CANVAS PICTURE,2.17,1.65,4.25,5,233.0
84720,DOT MATRIX CANVAS ART PICTURE,6.88,3.95,12.75,3,35.0
17012F,ORIGAMI SANDLEWOOD INCENSE/CAND SET,1.1,0.5,2.55,47,493.0
17012B,ORIGAMI JASMINE INCENSE/CANDLE SET,1.34,0.5,2.55,48,617.0
17012A,ORIGAMI VANILLA INCENSE/CANDLE SET,1.33,0.5,2.55,34,644.0
84924F,PSYCHEDELIC METAL SIGN CALENDAR,1.98,0.25,3.75,7,493.0
84926A,WAKE UP COCKEREL TILE COASTER,0.68,0.29,1.25,42,651.0
77079,DOLPHIN WINDMILL,2.12,2.12,2.12,11,62.0
84596I,WRAP SWEETS LIGHT PINK SMALL BOWL,1.23,1.06,1.25,9,71.0
21197,MULTICOLOUR  CONFETTI IN TUBE,1.6,0.42,1.65,31,412.0
16045,POPART WOODEN PENCILS ASST,0.05,0.04,0.12,72,9300.0
84858A,NATURAL RIVIERA HANDBAG,5.28,1.25,5.95,7,52.0
35950,FOLKART HEART CHRISTMAS DECORATIONS,1.25,1.25,1.25,1,1.0
20835,FRENCH LATTICE CUSHION COVER,0.83,0.83,0.85,8,78.0
37379B,BLUE CHERRY BLOSSOM CUP & SAUCER,0.88,0.15,1.25,3,1122.0
22457,NATURAL SLATE HEART CHALKBOARD,2.96,1.9,5.79,1628,14119.0
22456,NATURAL SLATE CHALKBOARD LARGE,4.88,3.67,4.95,578,3964.0
22483,RED GINGHAM TEDDY BEAR,2.95,2.55,5.79,297,1797.0
22458,CAST IRON HOOK GARDEN FORK,2.54,1.57,2.69,151,1487.0
22459,CAST IRON HOOK GARDEN TROWEL,2.54,1.57,2.69,148,1336.0
22467,GUMBALL COAT RACK,2.5,1.18,4.96,894,11273.0
22465,HANGING METAL STAR LANTERN,1.6,0.79,3.29,382,4193.0
22464,HANGING METAL HEART LANTERN,1.62,0.79,3.29,639,7148.0
84796A,PINK HAWAIIAN PICNIC HAMPER FOR 2,10.64,3.95,12.75,25,150.0
84796B,BLUE SAVANNAH PICNIC HAMPER FOR 2,10.33,3.95,12.75,32,230.0
84797A,PINK HAWAIIAN PICNIC HAMPER FOR 4,10.23,4.95,16.95,25,349.0
84797B,BLUE SAVANNAH PICNIC HAMPER FOR 4,8.08,4.95,16.95,23,308.0
84873A,FUNKY FLOWER PICNIC BAG FOR 4,16.95,16.95,16.95,5,6.0
84872A,TEATIME FUNKY FLOWER BACKPACK FOR 2,16.95,16.95,16.95,6,7.0
22478,BIRDHOUSE GARDEN MARKER,1.25,1.25,1.48,216,2537.0
22477,WATERING CAN GARDEN MARKER,1.25,1.06,1.48,183,2243.0
22480,RED TEA TOWEL CLASSIC DESIGN,1.25,1.06,1.25,245,2272.0
22482,BLUE TEA TOWEL CLASSIC DESIGN,1.24,1.06,1.25,201,2233.0
22488,NATURAL SLATE RECTANGLE CHALKBOARD,1.65,1.45,3.29,646,6399.0
22485,SET OF 2 WOODEN MARKET CRATES,12.63,10.95,12.75,337,988.0
22466,FAIRY TALE COTTAGE NIGHTLIGHT,1.93,1.45,1.95,307,5108.0
18097A,PINK TALL PORCELAIN T-LIGHT HOLDER,2.55,2.55,2.55,12,17.0
22475,SKULL DESIGN TV DINNER TRAY,4.76,1.95,4.95,200,684.0
22479,DAISY GARDEN MARKER,1.25,1.06,1.48,154,1832.0
22487,WHITE WOOD GARDEN PLANT LADDER,9.75,8.5,19.96,767,1444.0
90201B,BLACK ENAMEL FLOWER RING,2.95,2.95,2.95,15,89.0
90201D,GREEN ENAMEL FLOWER RING,2.95,2.95,2.95,16,83.0
22476,EMPIRE UNION JACK TV DINNER TRAY,4.94,1.95,10.79,187,1213.0
16050,TEATIME PENCIL WITH RUBBER,0.25,0.25,0.25,4,122.0
22481,BLACK TEA TOWEL CLASSIC DESIGN,1.15,0.39,1.25,166,1110.0
90130A,WHITE STONE/CRYSTAL EARRINGS,2.95,2.95,2.95,6,18.0
90123B,TURQUOISE HEART OF GLASS BRACELET,5.95,5.95,5.95,11,24.0
90037C,TINY CRYSTAL BRACELET BLUE,2.55,2.55,2.55,4,17.0
90160C,TURQ+RED BOUDICCA LARGE BRACELET,6.95,6.95,6.95,32,81.0
90176A,CLASSIC DIAMANTE NECKLACE JET,7.5,7.5,7.5,3,5.0
90077,BLACK DIAMOND CLUSTER EARRINGS,2.55,2.55,2.55,1,1.0
90183C,BLACK DROP EARRINGS W LONG BEADS,2.95,2.95,2.95,2,2.0
90075,MONTANA DIAMOND CLUSTER NECKLACE,8.95,8.95,8.95,3,4.0
90025F,BAROQUE BUTTERFLY EARRINGS CRYSTAL,3.75,3.75,3.75,2,2.0
90025E,BAROQUE BUTTERFLY EARRINGS MONTANA,3.75,3.75,3.75,3,3.0
90025B,BAROQUE BUTTERFLY EARRINGS RED,3.75,3.75,3.75,1,1.0
90074,BLACK DIAMOND CLUSTER NECKLACE,8.95,8.95,8.95,4,5.0
90079,VINTAGE ENAMEL & CRYSTAL NECKLACE,4.95,4.95,4.95,5,10.0
47369A,PINK GREEN EMBROIDERY COSMETIC BAG,2.95,2.95,2.95,10,22.0
22474,SPACEBOY TV DINNER TRAY,4.77,1.95,10.79,188,862.0
84251B,"GREETING CARD, STICKY GORDON",0.19,0.19,0.19,19,195.0
22460,EMBOSSED GLASS TEALIGHT HOLDER,1.27,1.06,2.46,289,4259.0
79172D,PURPLE TINT ACRYLIC FLOWER VASE,0.85,0.85,0.85,4,24.0
22468,BABUSHKA LIGHTS STRING OF 10,6.66,4.95,13.29,330,1574.0
84821,DANISH ROSE DELUXE COASTER,0.71,0.19,0.85,66,1294.0
22461,SAVOY ART DECO CLOCK,10.65,3.95,12.75,116,374.0
22569,FELTCRAFT CUSHION BUTTERFLY,3.73,1.47,7.46,677,5015.0
22568,FELTCRAFT CUSHION OWL,3.76,3.39,7.46,763,4960.0
22570,FELTCRAFT CUSHION RABBIT,3.73,3.39,7.46,668,4744.0
22586,FELTCRAFT HAIRBAND PINK AND BLUE,0.85,0.72,0.85,233,1973.0
22587,FELTCRAFT HAIRBAND RED AND BLUE,0.85,0.72,0.85,245,1995.0
22486,PLASMATRONIC LAMP,10.36,3.95,12.75,21,74.0
22565,FELTCRAFT HAIRBANDS PINK AND WHITE,0.88,0.72,1.63,220,1897.0
16245A,PINK MINI STATIONERY SET W CASE,1.25,1.25,1.25,7,11.0
22566,FELTCRAFT HAIRBAND PINK AND PURPLE,0.87,0.72,1.63,250,2750.0
22585,PACK OF 6 BIRDY GIFT TAGS,1.25,1.06,2.46,940,16531.0
22582,PACK OF 6 SWEETIE GIFT BOXES,2.55,2.1,4.96,249,2405.0
22583,PACK OF 6 HANDBAG GIFT BOXES,2.55,2.1,2.55,281,1739.0
22584,PACK OF 6 PANNETONE GIFT BOXES,2.55,2.1,4.96,510,4863.0
79161A,ST GEORGE SET OF 10 PARTY LIGHTS,2.95,2.95,2.95,16,51.0
22472,TV DINNER TRAY DOLLY GIRL,4.84,1.95,10.79,203,1049.0
22505,MEMO BOARD COTTAGE DESIGN,4.92,3.86,10.79,646,3589.0
71434B,"BLACK RND BULLET""KEEP CLEAN"" BIN",2.55,2.55,2.55,1,1.0
22473,TV DINNER TRAY VINTAGE PAISLEY,4.6,1.95,10.79,166,732.0
16243B,BROWN COZY SQUARE PHOTO ALBUM,1.95,1.95,1.95,1,205.0
22508,DOORSTOP RETROSPOT HEART,3.78,3.39,7.46,572,2667.0
22471,TV DINNER TRAY AIR HOSTESS,4.61,1.95,10.79,122,553.0
84913B,MINT GREEN ROSE TOWEL,4.65,4.65,4.65,30,104.0
22507,MEMO BOARD RETROSPOT  DESIGN,4.92,3.85,10.79,731,5194.0
21982,PACK OF 12 SUKI TISSUES,0.32,0.2,0.83,521,31340.0
22509,SEWING BOX RETROSPOT DESIGN,14.35,3.95,16.95,166,349.0
90163B,WHITE ROSEBUD & PEARL NECKLACE,7.5,7.5,7.5,2,4.0
90130D,RED STONE/CRYSTAL EARRINGS,2.95,2.95,2.95,1,6.0
90013B,BLACK VINTAGE EARRINGS,3.75,3.75,3.75,5,20.0
22512,DOORSTOP RACING CAR DESIGN,3.13,0.79,7.46,63,375.0
84743C,ORANGE FELT VASE + FLOWERS,1.25,1.25,1.25,5,9.0
84806B,WHITE CANDYSTUFT ARTIFICIAL FLOWER,1.37,0.39,1.45,30,433.0
22511,RETROSPOT BABUSHKA DOORSTOP,3.08,0.79,3.75,101,387.0
22513,DOORSTOP FOOTBALL DESIGN,3.74,0.79,7.46,143,556.0
21686,MEDINA STAMPED METAL STOOL,39.08,34.95,39.95,23,50.0
22618,COOKING SET RETROSPOT,9.87,8.49,9.95,206,637.0
22617,BAKING SET SPACEBOY DESIGN,4.99,3.62,10.79,844,3978.0
22363,GLASS JAR MARMALADE,2.95,2.55,5.79,124,602.0
22423,REGENCY CAKESTAND 3 TIER,12.46,4.0,24.96,3120,22913.0
84313C,ORANGE TV TRAY TABLE,3.22,1.95,4.25,47,497.0
84613C,BLUE NEW BAROQUE FLOCK CANDLESTICK,4.58,3.81,4.65,12,62.0
22510,GINGHAM BABUSHKA DOORSTOP,3.07,0.79,3.75,82,308.0
22359,GLASS JAR KINGS CHOICE,2.96,2.55,5.79,152,1211.0
22360,GLASS JAR ENGLISH CONFECTIONERY,2.95,2.55,5.79,297,2236.0
22361,GLASS JAR DAISY FRESH COTTON WOOL,2.92,2.55,2.95,258,1503.0
22364,GLASS JAR DIGESTIVE BISCUITS,2.96,2.55,5.79,217,1840.0
22362,GLASS JAR PEACOCK BATH SALTS,2.98,2.55,5.79,175,648.0
90037B,TINY CRYSTAL BRACELET GREEN,2.55,2.55,2.55,5,23.0
22450,SILK PURSE BABUSHKA BLUE,3.35,2.95,3.35,165,796.0
22449,SILK PURSE BABUSHKA PINK,3.34,2.46,3.35,232,1164.0
22451,SILK PURSE BABUSHKA RED,3.34,2.95,3.35,196,1237.0
20973,12 PENCIL SMALL TUBE WOODLAND,0.66,0.55,1.25,513,9089.0
22445,PENCIL CASE LIFE IS BEAUTIFUL,2.99,2.55,5.79,212,1174.0
85186B,BUNNY BUNCH OF FLOWERS,0.42,0.42,0.42,2,14.0
21196,ROUND WHITE CONFETTI IN TUBE,1.65,1.65,1.65,17,158.0
22429,ENAMEL MEASURING JUG CREAM,4.25,3.75,8.29,516,2133.0
21452,TOADSTOOL MONEY BOX,2.94,2.55,2.95,319,1733.0
22446,PIN CUSHION BABUSHKA PINK,3.3,1.25,6.63,83,327.0
22448,PIN CUSHION BABUSHKA RED,3.3,1.25,6.63,103,727.0
21310,CAPIZ CHANDELIER,29.95,29.95,29.95,3,5.0
85019B,BLOSSOM  IMAGES NOTEBOOK SET,2.02,1.25,4.25,35,680.0
37471,MULTICOLOUR POLKADOT PLATE,0.6,0.1,0.85,3,700.0
90026A,GLASS BEAD HOOP NECKLACE BLACK,8.5,8.5,8.5,6,8.0
35970,ZINC FOLKART SLEIGH BELLS,1.71,1.49,4.13,542,7799.0
16008,SMALL FOLDING SCISSOR(POINTED EDGE),0.16,0.08,0.25,85,3141.0
10124A,SPOTS ON RED BOOKCOVER TAPE,0.42,0.42,0.42,18,58.0
72140E,BEST DAD CANDLE LETTERS,0.83,0.64,0.85,27,216.0
90027A,GLASS BEAD HOOP EARRINGS BLACK,2.95,2.95,2.95,3,6.0
90071,RUBY GLASS CLUSTER EARRINGS,1.25,1.25,1.25,2,2.0
90187A,BLUE DROP EARRINGS W BEAD CLUSTER,3.35,3.35,3.35,1,2.0
90187B,GREEN DROP EARRINGS W BEAD CLUSTER,3.35,3.35,3.35,2,6.0
90011E,AMBER CRYSTAL DROP EARRINGS,2.95,2.95,2.95,1,1.0
22454,MEASURING TAPE BABUSHKA RED,2.93,2.55,2.95,162,1348.0
22453,MEASURING TAPE BABUSHKA BLUE,2.93,2.55,2.95,108,681.0
22452,MEASURING TAPE BABUSHKA PINK,2.92,1.63,2.95,163,889.0
21950,SET OF 6 DOTS CHOPSTICKS,1.25,1.25,1.25,1,5.0
37509,NEW ENGLAND MUG W GIFT BOX,2.55,2.55,2.55,14,28.0
35824P,"HANGING FLOWERS+MIRROR,PINK",0.75,0.38,1.49,3,324.0
90211A,DIAMOND LAS VEGAS NECKLACE 45CM,5.95,5.95,5.95,5,9.0
22447,PIN CUSHION BABUSHKA BLUE,3.26,1.25,3.35,47,175.0
22441,GROW YOUR OWN BASIL IN ENAMEL MUG,2.1,1.85,2.1,390,2515.0
22444,GROW YOUR OWN PLANT IN A CAN,1.24,1.06,1.25,323,8840.0
22443,GROW YOUR OWN HERBS SET OF 3,7.91,5.36,7.95,234,643.0
22442,GROW YOUR OWN FLOWERS SET OF 3,7.13,1.95,7.95,159,852.0
90191,SILVER LARIAT 40CM,10.65,2.95,12.75,14,32.0
90019B,GOLD M.O.P ORBIT BRACELET,4.95,4.95,4.95,7,11.0
21131,GOLD STANDING GNOME,4.01,1.25,4.25,28,253.0
21132,SILVER STANDING GNOME,4.04,1.25,4.25,29,72.0
22564,ALPHABET STENCIL CRAFT,1.25,1.06,2.46,309,3422.0
22563,HAPPY STENCIL CRAFT,1.25,1.06,2.46,481,5857.0
22562,MONSTERS STENCIL CRAFT,1.25,1.06,2.46,362,3938.0
22561,WOODEN SCHOOL COLOURING SET,1.65,1.45,3.29,824,10930.0
46138D,GREEN CHENILLE SHAGGY C/COVER,1.95,1.95,1.95,1,1.0
22555,PLASTERS IN TIN STRONGMAN,1.65,1.45,3.29,864,11240.0
22556,PLASTERS IN TIN CIRCUS PARADE,1.65,1.45,3.29,1084,12920.0
22560,TRADITIONAL MODELLING CLAY,1.25,1.06,2.46,652,14219.0
22551,PLASTERS IN TIN SPACEBOY,1.65,1.45,3.29,1150,14359.0
22554,PLASTERS IN TIN WOODLAND ANIMALS,1.65,1.45,3.29,1089,12308.0
44242A,LILAC FEATHERS CURTAIN,1.02,0.79,1.25,2,14.0
22557,PLASTERS IN TIN VINTAGE PAISLEY,1.66,1.45,3.29,985,9755.0
22553,PLASTERS IN TIN SKULLS,1.65,1.45,1.65,898,7265.0
22549,PICTURE DOMINOES,1.48,1.25,3.29,540,6222.0
22550,HOLIDAY FUN LUDO,3.79,2.62,7.46,345,1849.0
22535,MAGIC DRAWING SLATE BUNNIES,0.42,0.27,0.42,253,4115.0
22518,CHILDS GARDEN BRUSH BLUE,2.08,1.59,2.1,201,1304.0
21878,PACK OF 6 SANDCASTLE FLAGS ASSORTED,0.85,0.72,1.63,286,4147.0
22522,CHILDS GARDEN FORK BLUE,0.85,0.72,0.85,302,2134.0
22520,CHILDS GARDEN TROWEL BLUE,0.85,0.72,0.85,326,2184.0
22523,CHILDS GARDEN FORK PINK,0.85,0.72,0.85,309,2074.0
22521,CHILDS GARDEN TROWEL PINK,0.85,0.72,0.85,323,2194.0
22524,CHILDRENS GARDEN GLOVES BLUE,1.25,1.06,1.25,231,1723.0
22525,CHILDRENS GARDEN GLOVES PINK,1.25,1.06,1.25,239,1729.0
22519,CHILDS GARDEN BRUSH PINK,2.08,1.59,2.1,202,1308.0
22548,HEADS AND TAILS SPORTING FUN,1.25,0.85,2.46,375,3315.0
21787,RAIN PONCHO RETROSPOT,0.85,0.65,1.63,342,13254.0
22559,SEASIDE FLYING DISC,1.28,1.06,2.46,135,1406.0
40005B,BLUE ORGANDY ROUND LAMPSHADE W BEA,0.85,0.85,0.85,13,33.0
22544,MINI JIGSAW SPACEBOY,0.42,0.19,0.83,260,9161.0
20953,PORCELAIN CHERUB BELL LARGE,1.65,1.65,1.65,7,19.0
22539,MINI JIGSAW DOLLY GIRL,0.41,0.19,0.83,169,5512.0
22528,GARDENERS KNEELING PAD,1.24,1.06,1.25,446,5321.0
22526,WHEELBARROW FOR CHILDREN,12.62,7.98,12.75,179,504.0
22567,20 DOLLY PEGS RETROSPOT,1.28,1.06,1.45,428,5355.0
22543,MINI JIGSAW BAKE A CAKE,0.4,0.19,0.42,87,3198.0
22546,MINI JIGSAW PURDEY,0.41,0.19,0.83,134,4308.0
22545,MINI JIGSAW BUNNIES,0.41,0.19,0.83,130,3305.0
22405,MONEY BOX POCKET MONEY DESIGN,1.21,0.39,1.25,191,1585.0
22409,MONEY BOX BISCUITS DESIGN,1.25,1.06,1.43,123,1638.0
22408,MONEY BOX CONFECTIONERY DESIGN,1.23,0.39,2.46,76,626.0
22406,MONEY BOX KINGS CHOICE DESIGN,1.23,0.39,2.46,173,2404.0
22407,MONEY BOX FIRST ADE DESIGN,1.24,0.39,2.46,65,427.0
22410,MONEY BOX HOUSEKEEPING DESIGN,1.22,0.39,2.46,169,1316.0
22402,MAGNETS PACK OF 4 VINTAGE COLLAGE,0.87,0.39,2.46,238,3392.0
22399,MAGNETS PACK OF 4 CHILDHOOD MEMORY,1.24,1.06,1.25,253,3978.0
22396,MAGNETS PACK OF 4 RETRO PHOTO,0.83,0.39,2.46,158,1824.0
22390,PAPERWEIGHT CHILDHOOD MEMORIES,2.37,0.39,4.96,73,795.0
20958,PORCELAIN HANGING BELL LARGE,1.95,1.95,1.95,9,26.0
22517,CHILDS GARDEN RAKE PINK,2.08,1.59,2.1,125,772.0
44091A,BLUE CRUSOE CHECK LAMPSHADE,0.42,0.42,0.42,6,18.0
72084B,CHOCOLATE ICE CREAM CANDLE,1.95,1.95,1.95,1,2.0
85146,JARDIN ETCHED GLASS SMALL BELL JAR,5.19,1.95,5.95,27,115.0
90046,WHITE WITH METAL BAG CHARM,4.95,4.95,4.95,6,11.0
84814A,HEXAGONAL CRYSTAL PERFUME BOTTLE,1.95,1.95,1.95,1,1.0
22541,MINI JIGSAW LEAP FROG,0.42,0.19,0.83,40,1192.0
22612,TEA COSY VINTAGE UNION JACK,3.75,3.39,4.14,95,984.0
22611,VINTAGE UNION JACK SHOPPING BAG,4.91,4.0,4.95,184,893.0
22516,CHILDS GARDEN RAKE BLUE,2.08,1.59,2.1,126,786.0
22515,CHILDS GARDEN SPADE PINK,2.08,1.59,2.1,166,990.0
22514,CHILDS GARDEN SPADE BLUE,2.08,1.59,2.1,191,1020.0
90030C,BROWN KUKUI COCONUT SEED NECKLACE,1.99,1.0,5.95,10,81.0
90030A,SPOTTED WHITE NATURAL SEED NECKLACE,1.62,1.0,5.95,8,77.0
90030B,RED KUKUI COCONUT SEED NECKLACE,2.3,1.0,5.95,19,122.0
22530,MAGIC DRAWING SLATE DOLLY GIRL,0.42,0.36,0.42,373,9582.0
22534,MAGIC DRAWING SLATE SPACEBOY,0.42,0.36,0.42,462,12099.0
22536,MAGIC DRAWING SLATE PURDEY,0.42,0.27,0.42,327,9026.0
22533,MAGIC DRAWING SLATE BAKE A CAKE,0.42,0.27,0.42,196,4375.0
22529,MAGIC DRAWING SLATE GO TO THE FAIR,0.42,0.36,0.42,138,2391.0
22538,MINI JIGSAW GO TO THE FAIR,0.42,0.19,0.42,62,1409.0
22532,MAGIC DRAWING SLATE LEAP FROG,0.42,0.27,0.42,156,2836.0
22540,MINI JIGSAW CIRCUS PARADE,0.42,0.19,0.83,151,6063.0
22547,MINI JIGSAW DINOSAUR,0.43,0.19,0.83,109,1864.0
22403,MAGNETS PACK OF 4 VINTAGE LABELS,0.9,0.39,1.25,160,1595.0
22537,MAGIC DRAWING SLATE DINOSAUR,0.42,0.36,0.42,284,5659.0
37326,FAIRY DESIGN MUGS,1.25,1.25,1.25,1,1.0
22398,MAGNETS PACK OF 4 SWALLOWS,0.89,0.39,2.46,389,4084.0
84915,HAND TOWEL PINK FLOWER AND DAISY,4.08,1.25,5.95,18,208.0
22400,MAGNETS PACK OF 4 HOME SWEET HOME,0.82,0.39,2.46,223,2416.0
22389,PAPERWEIGHT SAVE THE PLANET,2.21,0.39,2.55,79,524.0
22391,PAPERWEIGHT HOME SWEET HOME,2.13,0.39,2.55,50,305.0
84527,FLAMES SUNGLASSES PINK LENSES,1.94,1.65,1.95,19,71.0
21633,SUNFLOWER DECORATIVE PARASOL,11.68,3.95,12.75,33,126.0
22531,MAGIC DRAWING SLATE CIRCUS PARADE,0.42,0.36,0.42,336,7696.0
45016,DECORATIVE NET CANOPY LEOPARD,3.61,2.5,3.75,8,73.0
90152C,BLUE/NAT SHELL NECKLACE W PENDANT,5.95,5.95,5.95,4,7.0
90151,SILVER/NATURAL SHELL NECKLACE,8.5,8.5,8.5,7,14.0
22394,PAPERWEIGHT KINGS CHOICE,2.11,0.39,2.55,46,331.0
22393,PAPERWEIGHT VINTAGE COLLAGE,2.12,0.39,4.96,87,704.0
90037A,TINY CRYSTAL BRACELET RED,2.55,2.55,2.55,4,18.0
90169,DAISY HAIR COMB,2.55,2.55,2.55,2,8.0
35638B,PINK/BLUE STRING CURTAIN,3.45,1.95,5.95,8,115.0
22436,12 COLOURED PARTY BALLOONS,0.65,0.55,1.25,253,4131.0
22434,BALLOON PUMP WITH 10 BALLOONS,1.95,1.65,4.13,261,2505.0
22437,SET OF 9 BLACK SKULL BALLOONS,0.85,0.72,0.85,357,6326.0
22439,6 ROCKET BALLOONS,0.67,0.55,1.25,305,3635.0
22435,SET OF 9 HEART SHAPED BALLOONS,1.25,1.06,2.46,441,4568.0
20860,GOLD COSMETICS BAG WITH BUTTERFLY,2.1,2.1,2.1,10,19.0
90130C,GREEN STONE/CRYSTAL EARRINGS,2.95,2.95,2.95,2,2.0
22606,WOODEN SKITTLES GARDEN SET,15.16,10.66,15.95,329,996.0
22607,WOODEN ROUNDERS GARDEN SET,9.1,6.77,16.63,642,2404.0
22605,WOODEN CROQUET GARDEN SET,13.36,8.62,24.96,545,1707.0
21922,UNION STRIPE WITH FRINGE  HAMMOCK,7.9,6.95,16.63,330,1280.0
82484,WOOD BLACK BOARD ANT WHITE FINISH,6.96,4.17,16.63,1042,9653.0
47348A,FUSCHIA VOILE POINTY SHOE DEC,0.78,0.39,1.95,16,103.0
22440,BALLOON WATER BOMB PACK OF 35,0.42,0.36,0.42,256,8276.0
21925,UNION STRIPE CUSHION COVER,1.25,1.06,1.25,133,1135.0
22438,BALLOON ART MAKE YOUR OWN FLOWERS,1.72,0.39,1.95,129,1323.0
21927,BLUE/CREAM STRIPE CUSHION COVER,1.25,1.06,1.25,153,1106.0
21926,RED/CREAM STRIPE CUSHION COVER,1.25,1.06,1.25,134,968.0
20957,PORCELAIN HANGING BELL SMALL,1.45,1.45,1.45,12,67.0
22395,PAPERWEIGHT VINTAGE PAISLEY,1.94,0.39,2.55,33,214.0
21511,VINTAGE COLLAGE  GREETING  CARD,0.42,0.42,0.42,2,40.0
22558,CLOTHES PEGS RETROSPOT PACK 24,1.46,1.0,3.29,1009,13322.0
84875B,GREEN SQUARE COMPACT MIRROR,1.46,1.25,3.75,35,367.0
90133,TEAL/FUSCHIA COL BEAD NECKLACE,4.95,4.95,4.95,7,18.0
84927D,LA PALMIERA TILE HOOK,1.42,0.08,2.1,23,517.0
72709,IVORY SCULPTED RND CANDLE,0.85,0.85,0.85,13,74.0
90135A,ORANGE/FUSCHIA STONES NECKLACE,4.95,4.95,4.95,2,9.0
71496B,A4 WALL TIDY RED FLOWERS,0.59,0.53,0.65,6,15.0
90064B,BLACK VINTAGE  CRYSTAL EARRINGS,3.75,3.75,3.75,8,16.0
90095,NECKLACE+BRACELET SET PINK BLOSSOM,2.55,2.55,2.55,2,7.0
47503A,ASS FLORAL PRINT MULTI SCREWDRIVER,0.62,0.42,1.25,189,2810.0
22469,HEART OF WICKER SMALL,1.64,1.1,3.29,1777,26061.0
22470,HEART OF WICKER LARGE,2.94,1.9,5.79,1735,16770.0
22719,GUMBALL MONOCHROME COAT RACK,1.21,1.06,1.25,107,1211.0
90185D,CRYSTAL DIAMANTE EXPANDABLE RING,4.25,4.25,4.25,15,46.0
84823,DANISH ROSE FOLDING CHAIR,12.36,7.95,39.95,29,120.0
90123C,GREEN HEART OF GLASS BRACELET,5.95,5.95,5.95,9,24.0
78027,SEAGRASS S/2 CORNER LAUNDRY,13.97,10.0,15.95,3,4.0
84731,3 BIRDS CANVAS SCREEN,1.23,0.39,1.65,3,3.0
84858B,BLUE RIVIERA HANDBAG,2.82,1.25,5.95,9,326.0
90152A,SILVER/NAT SHELL NECKLACE W PENDANT,5.95,5.95,5.95,4,4.0
90173,PAIR BUTTERFLY HAIR CLIPS,3.75,3.75,3.75,7,29.0
16169A,WRAP CHRISTMAS DECOUPAGE,0.42,0.42,0.42,1,25.0
16151A,FLOWERS HANDBAG blue and orange,2.25,1.25,3.75,5,52.0
62043B,BLUE CHECK BAG W HANDLE 34X20CM,1.24,0.83,1.65,10,54.0
22626,BLACK KITCHEN SCALES,8.48,7.65,16.63,299,789.0
22503,CABIN BAG VINTAGE PAISLEY,26.89,12.75,29.95,33,92.0
84840,SWEETHEART CARRY-ALL BASKET,8.46,7.65,8.5,125,261.0
90001B,ANTIQUE MID BLUE FLOWER EARRINGS,4.25,4.25,4.25,4,7.0
22627,MINT KITCHEN SCALES,8.46,0.76,16.63,551,1463.0
22625,RED KITCHEN SCALES,8.44,6.0,16.63,772,2344.0
84760L,LARGE HANGING GLASS+ZINC LANTERN,1.6,1.6,1.6,1,560.0
22624,IVORY KITCHEN SCALES,8.53,7.65,16.63,1054,2895.0
22504,CABIN BAG VINTAGE RETROSPOT,25.63,12.75,29.95,73,263.0
22489,PACK OF 12 TRADITIONAL CRAYONS,0.43,0.36,0.83,603,16744.0
22491,PACK OF 12 COLOURED PENCILS,0.85,0.72,1.63,355,7118.0
22492,MINI PAINT SET VINTAGE,0.65,0.55,1.63,624,42358.0
22615,PACK OF 12 CIRCUS PARADE TISSUES,0.31,0.21,0.83,135,3631.0
22616,PACK OF 12 LONDON TISSUES,0.31,0.2,0.83,630,36976.0
22614,PACK OF 12 SPACEBOY TISSUES,0.32,0.21,0.83,294,5271.0
22613,PACK OF 20 SPACEBOY NAPKINS,0.84,0.64,1.63,226,2962.0
22421,LIPSTICK PEN FUSCHIA,0.44,0.36,0.83,237,3689.0
22418,10 COLOUR SPACEBOY PEN,0.86,0.72,1.63,466,11738.0
22621,TRADITIONAL KNITTING NANCY,1.58,1.25,3.29,716,8257.0
22623,BOX OF VINTAGE JIGSAW BLOCKS,5.32,4.25,12.46,493,2116.0
22619,SET OF 6 SOLDIER SKITTLES,3.82,3.39,7.46,574,3768.0
22419,LIPSTICK PEN RED,0.43,0.36,0.83,287,5641.0
22493,PAINT YOUR OWN CANVAS SET,1.67,1.45,3.29,352,4505.0
22622,BOX OF VINTAGE ALPHABET BLOCKS,10.4,8.5,24.96,500,2761.0
22420,LIPSTICK PEN BABY PINK,0.45,0.36,0.83,149,1818.0
22422,TOOTHPASTE TUBE PEN,0.65,0.12,1.25,148,2056.0
47574A,ENGLISH ROSE SCENTED HANGING FLOWER,1.68,0.75,4.25,59,438.0
81953B,ROUND BLUE CLOCK WITH SUCKER,0.44,0.19,0.85,6,14.0
22620,4 TRADITIONAL SPINNING TOPS,1.35,1.06,2.46,652,7553.0
85159A,"BLACK TEA,COFFEE,SUGAR JARS",2.25,1.25,6.35,47,432.0
90091,CRYSTAL DRAGONFLY PHONE CHARM,0.85,0.85,0.85,2,3.0
84914A,PINK ROSE PICNIC RUG,25.95,25.95,25.95,2,3.0
85050,FRENCH ENAMEL SOAP DISH WITH LID,2.1,2.1,2.1,1,48.0
46115B,GREEN POP ART MAO CUSHION COVER,0.19,0.19,0.19,22,286.0
45013,FOLDING SHOE TIDY,2.9,2.55,2.95,8,48.0
35819B,"ACRYLIC HANGING JEWEL,BLUE",0.54,0.38,1.25,29,381.0
20821,GOLDIE LOOKING MIRROR,4.95,4.95,4.95,9,20.0
35817P,"ACRYLIC JEWEL SNOWFLAKE,PINK",1.25,0.38,2.55,10,418.0
35818B,"ACRYLIC JEWEL ICICLE, BLUE",0.54,0.38,1.65,8,403.0
35818P,"ACRYLIC JEWEL ICICLE, PINK",0.38,0.38,0.38,20,549.0
22427,ENAMEL FLOWER JUG CREAM,5.91,5.45,11.63,689,2954.0
22430,ENAMEL WATERING CAN CREAM,4.93,3.18,4.95,298,1255.0
22649,STRAWBERRY FAIRY CAKE TEAPOT,4.92,4.25,4.95,404,2192.0
22644,CERAMIC CHERRY CAKE MONEY BANK,1.4,0.39,3.29,456,4486.0
22646,CERAMIC STRAWBERRY CAKE MONEY BANK,1.42,0.39,3.29,692,8470.0
37483,ENGLISH ROSE MUG IN GIFT BOX,2.46,1.47,2.55,10,143.0
22425,ENAMEL COLANDER CREAM,4.95,4.25,9.96,258,785.0
22424,ENAMEL BREAD BIN CREAM,12.66,8.15,24.96,526,1248.0
22426,ENAMEL WASH BOWL CREAM,3.68,2.95,3.75,267,1134.0
84757,ENCHANTED GARDEN WROUGHT IRON TABLE,14.95,14.95,14.95,4,5.0
85070,ANT WHITE SWEETHEART TABLE W 3 DRAW,106.67,70.0,125.0,3,3.0
21382,SET/4 SPRING FLOWER DECORATION,1.9,0.75,2.95,114,1132.0
84086B,YELLOW/BLUE RETRO RADIO,2.95,2.95,2.95,12,24.0
22645,CERAMIC HEART FAIRY CAKE MONEY BANK,1.43,0.39,3.29,549,4610.0
22428,ENAMEL FIRE BUCKET CREAM,6.98,6.35,14.13,158,421.0
22650,CERAMIC PIRATE CHEST MONEY BANK,1.45,1.25,1.45,216,1655.0
10124G,ARMY CAMO BOOKCOVER TAPE,0.42,0.42,0.42,9,32.0
84963A,PINK PAINTED KASHMIRI CHAIR,40.71,15.0,49.95,8,22.0
84963B,BLUE PAINTED KASHMIRI CHAIR,42.96,15.0,49.95,6,18.0
84967C,GREEN KASHMIRI OCCASIONAL TABLE,67.46,30.0,79.95,4,9.0
85131B,BEADED CRYSTAL HEART GREEN ON STICK,0.91,0.38,1.25,24,330.0
90175C,BLUE GLASS CHUNKY CHARM BRACELET,8.95,8.95,8.95,17,34.0
22634,CHILDS BREAKFAST SET SPACEBOY,9.74,8.5,9.95,451,1589.0
22635,CHILDS BREAKFAST SET DOLLY GIRL,9.79,8.5,9.95,440,1576.0
22637,PIGGY BANK RETROSPOT,2.53,2.1,4.96,494,4270.0
22636,CHILDS BREAKFAST SET CIRCUS PARADE,8.42,6.68,8.5,451,1547.0
17014E,ORIGAMI OPIUM INCENSE CONES,1.31,0.3,1.65,4,93.0
90160A,PURPLE BOUDICCA LARGE BRACELET,6.95,6.95,6.95,20,44.0
90025C,BAROQUE BUTTERFLY EARRINGS GREEN,3.75,3.75,3.75,2,2.0
90028,NEW BAROQUE LARGE NECKLACE BLK/WHIT,8.5,8.5,8.5,5,9.0
90001A,ANTIQUE RASPBERRY FLOWER EARRINGS,4.25,4.25,4.25,3,4.0
22501,PICNIC BASKET WICKER LARGE,9.79,3.0,9.95,486,2034.0
85159B,"WHITE TEA,COFFEE,SUGAR JARS",2.61,1.25,6.35,66,635.0
22502,PICNIC BASKET WICKER SMALL,6.38,2.0,649.5,559,2906.0
90049,IVORY GOLD METAL BAG CHARM,7.46,4.95,9.96,4,12.0
35265,COLOURFUL FLOWER FRUIT BOWL,3.55,1.0,6.95,15,20.0
46037A,PINK CANVAS DES CUSHION COVER,1.25,1.25,1.25,2,6.0
84886,BLUE METAL WALL SHELF,9.95,9.95,9.95,8,11.0
22707,WRAP MONSTER FUN,0.42,0.42,0.42,81,2150.0
90123D,WHITE HEART OF GLASS BRACELET,5.95,5.95,5.95,8,23.0
22705,WRAP GREEN PEARS,0.42,0.42,0.42,146,3675.0
22704,WRAP RED APPLES,0.42,0.34,0.42,291,8600.0
22711,WRAP CIRCUS PARADE,0.42,0.34,0.42,177,5277.0
22710,WRAP I LOVE LONDON,0.42,0.34,0.42,163,6979.0
35240,ENAMEL BLUE RIM OVAL TRAY SET/2,8.49,8.49,8.49,38,48.0
22713,CARD I LOVE LONDON,0.42,0.36,0.83,238,5601.0
90018A,SILVER M.O.P ORBIT DROP EARRINGS,4.25,4.25,4.25,16,33.0
90018C,SILVER BLACK ORBIT DROP EARRINGS,4.25,4.25,4.25,7,14.0
22712,CARD DOLLY GIRL,0.43,0.36,0.83,342,6973.0
22714,CARD BIRTHDAY COWBOY,0.42,0.36,0.83,246,4773.0
17011B,ORIGAMI JASMINE INCENSE+FLOWER,1.2,0.3,2.1,2,19.0
84891B,GREEN WIRE GOBLET CANDLEHOLDER,7.95,7.95,7.95,5,7.0
22716,CARD CIRCUS PARADE,0.42,0.36,0.83,340,5008.0
22715,CARD WEDDING DAY,0.42,0.36,0.42,168,2646.0
22718,CARD CAT AND TREE,0.42,0.36,0.42,167,2424.0
22706,WRAP COWBOYS,0.42,0.34,0.42,122,4190.0
22708,WRAP DOLLY GIRL,0.42,0.34,0.42,157,5275.0
22709,WRAP WEDDING DAY,0.41,0.34,0.42,75,2750.0
22717,CARD DOG AND BALL,0.42,0.36,0.42,151,2310.0
22864,MUG AND COASTER SET RED CIRCLES,0.42,0.42,0.42,2,378.0
79308B,MOSAIC CANDLE DISH BLUE PURPLE,0.85,0.85,0.85,2,144.0
22647,CERAMIC LOVE HEART MONEY BANK,1.16,0.39,1.45,65,1021.0
35650,VINTAGE BEAD PINK JEWEL STAND,4.95,4.95,4.95,3,3.0
84632,DECORATIVE HANGING SHELVING UNIT,58.7,49.95,59.95,8,12.0
90081C,LILY BROOCH OLIVE COLOUR,4.95,4.95,4.95,13,27.0
37481,CUBIC MUG TEATIME CAKES,2.55,2.55,2.55,1,6.0
90158,ST TROPEZ NECKLACE,4.95,4.95,4.95,11,22.0
90214W,"LETTER ""W"" BLING KEY RING",0.93,0.29,1.25,3,14.0
90154,LAZER CUT NECKLACE W PASTEL BEADS,8.67,7.25,8.95,6,58.0
90024F,NEW BAROQUE B'FLY NECKLACE CRYSTAL,8.5,8.5,8.5,2,3.0
90026D,GLASS BEAD HOOP NECKLACE AMETHYST,8.5,8.5,8.5,8,10.0
90036F,"FLOWER GLASS GARLD NECKL36""TURQUOIS",7.95,7.95,7.95,4,13.0
79532,MOSAIC GLASS BALL CANDLEHOLDER,1.25,1.25,1.25,17,96.0
71050,SMALL SINGLE FLAME CANDLE HOLDER,0.35,0.35,0.35,8,51.0
90201C,RED ENAMEL FLOWER RING,2.95,2.95,2.95,18,83.0
84424A,FOUR PICTURE WHITE GLASS FRAME,3.75,3.75,3.75,10,23.0
85115B,S/4 BLACK DISCO PARTITION PANEL,4.25,4.25,4.25,1,3.0
84709A,SILVER OVAL JEWELLED MIRROR,5.95,5.95,5.95,11,21.0
90164A,PINK ROSEBUD PEARL BRACELET,5.12,1.95,7.5,7,21.0
37479P,CUBIC MUG FLOCK PINK ON BROWN,0.77,0.39,2.55,22,125.0
90038A,GLASS AND PAINTED BEADS BRACELET TO,3.75,3.75,3.75,4,18.0
90038C,GLASS AND BEADS BRACELET IVORY,3.75,3.75,3.75,3,13.0
90042C,FRESHWATER PEARL BRACELET IVORY,2.55,2.55,2.55,8,35.0
84493,BLUE/PINK NEST STRIPE BOX,1.93,0.08,2.55,4,575.0
16162M,THE KING GIFT BAG 25x24x12cm,0.42,0.42,0.42,12,86.0
84857C,PINK MONTE CARLO HANDBAG,2.89,1.95,8.5,14,193.0
62097B,BLUE STRIPES SHOULDER BAG,1.36,0.83,2.95,4,11.0
78034B,BLUE NETTING STORAGE HANGER,1.95,1.95,1.95,9,15.0
90063A,WHITE VINT ART DECO CRYSTAL NECKLAC,8.5,8.5,8.5,10,18.0
90181A,AMBER GLASS/SHELL/PEARL NECKLACE,8.95,8.95,8.95,3,3.0
90056,CHUNKY CRACKED GLAZE NECKLACE IVORY,10.75,10.75,10.75,1,6.0
85114A,BLACK ENCHANTED FOREST PLACEMAT,1.63,1.45,1.65,83,1179.0
90104,PURPLE FRANGIPANI HAIRCLIP,0.85,0.85,0.85,11,57.0
90128D,PURPLE LEAVES AND BEADS PHONE CHAR,1.25,1.25,1.25,2,3.0
90185A,AMBER DIAMANTE EXPANDABLE RING,4.25,4.25,4.25,6,18.0
90126C,AMBER BERTIE MOBILE PHONE CHARM,1.69,1.69,1.69,2,17.0
90128C,GREEN LEAVES AND BEADS PHONE CHARM,1.25,1.25,1.25,3,14.0
90119,METALIC LEAVES BAG CHARMS,2.49,2.46,2.55,18,67.0
22701,PINK DOG BOWL,2.5,0.79,3.24,83,542.0
75172,PAINTED SEA SHELL METAL WINDCHIME,2.14,0.79,3.75,11,97.0
90037D,TINY CRYSTALS BRACELET BLACK,2.55,2.55,2.55,1,6.0
22702,BLACK AND WHITE CAT BOWL,1.94,0.65,2.4,82,1572.0
22640,SET OF 4 NAPKIN CHARMS 3 KEYS,2.45,0.79,2.55,69,298.0
90016A,SILVER/M.O.P PENDANT ORBIT NECKLACE,8.03,4.25,8.5,9,22.0
90016C,SILVER/BLACK PENDANT ORBIT NECKLACE,8.5,8.5,8.5,4,6.0
90019A,SILVER M.O.P ORBIT BRACELET,4.95,4.95,4.95,17,32.0
90094,NECKLACE+BRACELET SET FRUIT SALAD,2.55,2.55,2.55,21,34.0
90102,WHITE FRANGIPANI HAIR CLIP,0.85,0.85,0.85,3,17.0
90124C,GREEN MURANO TWIST NECKLACE,9.95,9.95,9.95,8,14.0
22692,DOORMAT WELCOME TO OUR HOME,7.83,4.58,15.79,458,1793.0
22660,DOORMAT I LOVE LONDON,7.58,4.58,15.79,147,825.0
22687,DOORMAT CHRISTMAS VILLAGE,8.04,4.58,16.63,113,837.0
22691,DOORMAT WELCOME SUNRISE,7.77,4.58,15.79,178,574.0
22690,DOORMAT HOME SWEET HOME BLUE,7.72,4.58,15.79,397,2486.0
22689,DOORMAT MERRY CHRISTMAS RED,8.25,4.58,16.63,209,952.0
22688,DOORMAT PEACE ON EARTH BLUE,7.84,4.58,15.79,85,856.0
90059F,DIAMANTE HAIR GRIP PACK/2 LT ROSE,1.65,1.65,1.65,4,15.0
22703,PINK CAT BOWL,1.84,0.59,2.4,74,310.0
84247E,PACK/12 XMAS FUN CARD,2.95,2.95,2.95,65,241.0
22629,SPACEBOY LUNCH BOX,1.93,1.65,4.13,1107,20259.0
22628,PICNIC BOXES SET OF 3 RETROSPOT,4.93,4.25,4.95,246,1502.0
22700,BLACK AND WHITE DOG BOWL,2.64,0.85,3.24,91,1374.0
22630,DOLLY GIRL LUNCH BOX,1.94,1.65,4.13,992,17142.0
22659,LUNCH BOX I LOVE LONDON,1.93,1.65,4.13,744,14927.0
22631,CIRCUS PARADE LUNCH BOX,1.94,1.65,4.13,467,5858.0
22669,RED BABY BUNTING,2.94,2.55,2.95,332,2110.0
84967A,PINK KASHMIRI OCCASIONAL TABLE,15.0,15.0,15.0,1,1.0
22668,PINK BABY BUNTING,2.96,2.55,5.79,377,3225.0
22666,RECIPE BOX PANTRY YELLOW DESIGN,2.95,1.96,5.79,1260,9446.0
22667,RECIPE BOX RETROSPOT,2.93,2.55,2.95,803,4679.0
22665,RECIPE BOX BLUE SKETCHBOOK DESIGN,2.96,2.55,5.79,500,2503.0
90041,PEARL AND CHERRY QUARTZ BRACLET,3.5,3.5,3.5,2,3.0
22656,VINTAGE BLUE KITCHEN CABINET,207.32,50.0,295.0,28,35.0
22655,VINTAGE RED KITCHEN CABINET,175.68,50.0,295.0,44,65.0
17012D,ORIGAMI ROSE INCENSE/CANDLE SET,1.25,0.85,2.55,51,426.0
45014,FOLDING SHIRT TIDY,4.65,4.65,4.65,1,1.0
10123G,ARMY CAMO WRAPPING TAPE,0.6,0.06,0.65,11,1142.0
22596,CHRISTMAS STAR WISH LIST CHALKBOARD,1.03,0.39,2.46,401,6068.0
22602,CHRISTMAS RETROSPOT HEART WOOD,0.85,0.72,1.63,403,6019.0
22600,CHRISTMAS RETROSPOT STAR WOOD,0.87,0.72,1.63,343,4570.0
22603,CHRISTMAS RETROSPOT TREE WOOD,0.86,0.72,1.63,301,3949.0
22595,GINGHAM HEART DECORATION,0.85,0.72,1.63,639,11932.0
22593,CHRISTMAS GINGHAM STAR,0.88,0.72,1.63,310,4923.0
22588,CARD HOLDER GINGHAM HEART,2.68,2.1,5.79,400,2643.0
22589,CARDHOLDER GINGHAM STAR,2.73,2.1,4.96,196,1207.0
22591,CARDHOLDER GINGHAM CHRISTMAS TREE,2.97,2.1,6.63,171,1222.0
22573,STAR WOODEN CHRISTMAS DECORATION,0.88,0.72,1.63,290,4502.0
22581,WOOD STOCKING CHRISTMAS SCANDISPOT,0.81,0.29,1.63,263,2998.0
22579,WOODEN TREE CHRISTMAS SCANDINAVIAN,0.58,0.29,1.63,459,6566.0
22578,WOODEN STAR CHRISTMAS SCANDINAVIAN,0.54,0.29,1.63,663,12156.0
22577,WOODEN HEART CHRISTMAS SCANDINAVIAN,0.58,0.29,1.63,726,12909.0
22601,CHRISTMAS RETROSPOT ANGEL WOOD,0.87,0.72,1.63,330,4923.0
22594,CHRISTMAS GINGHAM TREE,0.88,0.72,1.63,290,4354.0
22576,SWALLOW WOODEN CHRISTMAS DECORATION,0.87,0.72,1.63,243,2905.0
22574,HEART WOODEN CHRISTMAS DECORATION,0.87,0.72,1.63,307,4396.0
22652,TRAVEL SEWING KIT,1.65,1.45,3.29,713,9321.0
22643,SET OF 4 NAPKIN CHARMS LEAVES,2.36,0.79,2.55,76,405.0
22642,SET OF 4 NAPKIN CHARMS STARS,2.42,0.79,4.96,130,959.0
22639,SET OF 4 NAPKIN CHARMS HEARTS,2.5,0.79,4.96,247,1592.0
44092B,BLUE WHITE PLASTIC RINGS LAMPSHADE,0.85,0.85,0.85,6,15.0
22575,METAL MERRY CHRISTMAS WREATH,1.95,1.65,1.95,297,2725.0
22653,BUTTON BOX,1.94,1.63,4.13,227,2148.0
22661,CHARLOTTE BAG DOLLY GIRL DESIGN,0.84,0.72,1.63,535,8024.0
22662,LUNCH BAG DOLLY GIRL DESIGN,1.65,1.19,4.13,871,9714.0
22663,JUMBO BAG DOLLY GIRL DESIGN,2.01,1.65,4.13,524,5347.0
90066A,PINK VINTAGE VICTORIAN CHOKER,6.75,6.75,6.75,2,5.0
22654,DELUXE SEWING KIT,6.0,4.95,11.63,426,2011.0
22580,ADVENT CALENDAR GINGHAM SACK,6.01,4.95,11.63,386,1729.0
90188,DROP EARRINGS W FLOWER & LEAF,2.55,2.55,2.55,3,3.0
22641,SET OF 4 NAPKIN CHARMS INSTRUMENT,2.48,0.79,2.55,53,267.0
22664,TOY TIDY DOLLY GIRL DESIGN,2.1,0.79,4.13,176,1284.0
22963,JAM JAR WITH GREEN LID,0.84,0.72,1.63,220,3458.0
90202B,WHITE ENAMEL FLOWER HAIR TIE,2.95,2.95,2.95,2,3.0
22961,JAM MAKING SET PRINTED,1.47,1.25,3.29,893,15436.0
22638,SET OF 4 NAPKIN CHARMS CROWNS,2.35,0.79,4.96,59,357.0
22571,ROCKING HORSE RED CHRISTMAS,0.85,0.72,0.85,377,5196.0
22572,ROCKING HORSE GREEN CHRISTMAS,0.85,0.72,0.85,264,3115.0
22604,SET OF 4 NAPKIN CHARMS CUTLERY,2.54,2.1,4.96,217,1894.0
22599,CHRISTMAS MUSICAL ZINC STAR,0.64,0.29,1.63,130,2538.0
22597,MUSICAL ZINC HEART DECORATION,0.64,0.29,1.63,203,4147.0
22651,GENTLEMAN SHIRT REPAIR KIT,0.88,0.72,1.63,150,2923.0
22598,CHRISTMAS MUSICAL ZINC TREE,0.64,0.29,1.63,92,1556.0
22592,CARDHOLDER HOLLY WREATH METAL,3.81,3.39,7.46,251,1814.0
22694,WICKER STAR,2.1,1.85,2.1,713,4257.0
22696,WICKER WREATH LARGE,1.97,1.65,4.13,245,1360.0
22695,WICKER WREATH SMALL,1.39,0.59,3.29,184,1378.0
90179C,BLACK FINE BEAD NECKLACE W TASSEL,5.95,5.95,5.95,7,10.0
21585,SWALLOW SMALL TUBE MATCHES,1.65,1.65,1.65,1,1.0
22693,GROW A FLYTRAP OR SUNFLOWER IN TIN,1.24,0.86,1.25,278,17146.0
22755,SMALL PURPLE BABUSHKA NOTEBOOK,0.82,0.2,1.63,394,3531.0
22753,SMALL YELLOW BABUSHKA NOTEBOOK,0.81,0.2,1.63,330,2164.0
22754,SMALL RED BABUSHKA NOTEBOOK,0.81,0.2,1.63,378,3659.0
22759,SET OF 3 NOTEBOOKS IN PARCEL,1.67,1.45,3.29,631,8834.0
22752,SET 7 BABUSHKA NESTING BOXES,8.42,3.95,16.63,559,3045.0
22757,LARGE RED BABUSHKA NOTEBOOK,1.18,0.39,2.46,223,2532.0
22756,LARGE YELLOW BABUSHKA NOTEBOOK,1.17,0.39,2.46,171,1115.0
22758,LARGE PURPLE BABUSHKA NOTEBOOK,1.17,0.39,2.46,220,2280.0
90212B,JET BLACK LAS VEGAS BRACELET ROUND,3.75,3.75,3.75,7,16.0
22743,MAKE YOUR OWN FLOWERPOWER CARD KIT,2.87,0.79,5.79,262,1303.0
22744,MAKE YOUR OWN MONSOON CARD KIT,2.8,0.79,5.79,251,1331.0
22742,MAKE YOUR OWN PLAYTIME CARD KIT,2.77,0.79,2.95,160,958.0
35610A,PINK CHRISTMAS FLOCK DROPLET,1.04,0.42,1.25,8,138.0
35610C,WHITE CHRISTMAS FLOCK DROPLET,1.11,0.42,1.25,6,91.0
22699,ROSES REGENCY TEACUP AND SAUCER,2.91,2.4,5.79,1034,11747.0
22698,PINK REGENCY TEACUP AND SAUCER,2.92,2.4,5.79,739,7362.0
22697,GREEN REGENCY TEACUP AND SAUCER,2.93,2.55,5.79,925,8514.0
90156,RESIN BRACELET W PASTEL BEADS,4.95,4.95,4.95,7,18.0
22680,FRENCH BLUE METAL DOOR SIGN 5,1.26,1.19,2.46,161,1210.0
22681,FRENCH BLUE METAL DOOR SIGN 6,1.27,1.19,2.46,130,1061.0
22677,FRENCH BLUE METAL DOOR SIGN 2,1.26,1.19,2.46,186,1423.0
22678,FRENCH BLUE METAL DOOR SIGN 3,1.26,1.19,2.46,171,1275.0
22679,FRENCH BLUE METAL DOOR SIGN 4,1.27,1.19,2.46,155,1144.0
22682,FRENCH BLUE METAL DOOR SIGN 7,1.26,1.19,2.46,137,1086.0
22683,FRENCH BLUE METAL DOOR SIGN 8,1.27,1.19,2.46,136,1035.0
22684,FRENCH BLUE METAL DOOR SIGN 9,1.25,1.19,1.25,114,921.0
22685,FRENCH BLUE METAL DOOR SIGN 0,1.25,1.19,1.25,126,1017.0
22686,FRENCH BLUE METAL DOOR SIGN No,1.25,1.01,2.46,114,1222.0
22670,FRENCH WC SIGN BLUE METAL,1.26,1.06,2.46,313,3131.0
22671,FRENCH LAUNDRY SIGN BLUE METAL,1.68,1.45,3.29,190,1618.0
22672,FRENCH BATHROOM SIGN BLUE METAL,1.65,1.45,3.29,297,2711.0
22673,FRENCH GARDEN SIGN BLUE METAL,1.26,1.06,2.46,166,1172.0
22674,FRENCH TOILET SIGN BLUE METAL,1.25,1.06,2.46,242,2255.0
22675,FRENCH KITCHEN SIGN BLUE METAL,1.28,1.06,2.46,224,2122.0
22676,FRENCH BLUE METAL DOOR SIGN 1,1.27,1.19,2.46,211,1660.0
90021,LASER CUT MULTI STRAND NECKLACE,11.95,11.95,11.95,4,5.0
90130B,TURQ STONE/CRYSTAL EARRINGS,2.95,2.95,2.95,4,15.0
90063B,BLACK VINT ART DEC CRYSTAL NECKLACE,8.5,8.5,8.5,9,15.0
90064A,WHITE VINTAGE CRYSTAL EARRINGS,3.75,3.75,3.75,4,11.0
90176D,DIAMANTE NECKLACE PURPLE,7.5,7.5,7.5,6,10.0
90176C,DIAMANTE NECKLACE,7.5,7.5,7.5,3,7.0
85095,THREE CANVAS LUGGAGE TAGS,2.2,0.65,4.13,11,90.0
22851,SET 20 NAPKINS FAIRY CAKES DESIGN,0.85,0.64,1.63,448,4915.0
84201C,HAPPY BIRTHDAY CARD TEDDY/CAKE,0.19,0.19,0.19,3,10.0
84206B,CAT W SUNGLASSES BLANK CARD,0.19,0.19,0.19,2,9.0
84966C,GREEN KASHMIRI BOXED MIRROR,12.0,12.0,12.0,2,23.0
78026,SEAGRASS S/3 SQU LAUNDRY BOX,10.0,10.0,10.0,1,11.0
22751,FELTCRAFT PRINCESS OLIVIA DOLL,3.78,3.39,7.46,412,2189.0
90038B,GLASS AND PAINTED BEADS BRACELET OL,3.75,3.75,3.75,2,10.0
35591T,TURQUOISE CHRISTMAS TREE,1.25,1.25,1.25,9,17.0
35597A,DUSTY PINK CHRISTMAS TREE 30CM,1.25,1.25,1.25,4,10.0
22750,FELTCRAFT PRINCESS LOLA DOLL,3.76,3.39,7.46,595,3031.0
22940,FELTCRAFT CHRISTMAS FAIRY,4.3,3.75,8.29,542,3242.0
22959,WRAP CHRISTMAS VILLAGE,0.42,0.34,0.42,276,9338.0
22985,"WRAP, BILLBOARD FONTS DESIGN",0.42,0.34,0.42,133,4690.0
22986,GINGHAM ROSE WRAP,0.42,0.34,0.42,202,5766.0
22987,"WRAP , SUMMER ROSE DESIGN",0.42,0.42,0.42,10,250.0
22749,FELTCRAFT PRINCESS CHARLOTTE DOLL,3.75,3.39,7.46,621,3407.0
90059A,DIAMANTE HAIR GRIP PACK/2 CRYSTAL,1.65,1.65,1.65,2,12.0
90059B,DIAMANTE HAIR GRIP PACK/2 BLACK DIA,1.65,1.65,1.65,3,9.0
22867,HAND WARMER BIRD DESIGN,2.1,1.85,4.13,903,10963.0
22865,HAND WARMER OWL DESIGN,2.1,1.79,4.13,1046,13508.0
22866,HAND WARMER SCOTTY DOG DESIGN,2.09,1.79,2.1,935,11451.0
22834,HAND WARMER BABUSHKA DESIGN,1.97,0.85,4.13,479,6258.0
22984,CARD GINGHAM ROSE,0.42,0.36,0.83,184,3206.0
22835,HOT WATER BOTTLE I AM SO POORLY,4.77,4.25,9.13,806,4233.0
21263,GREEN GOOSE FEATHER TREE 60CM,2.31,1.95,9.95,43,284.0
47341A,FUSCHIA TABLE RUN FLOWER,2.32,1.25,3.75,7,29.0
90054,CRACKED GLAZE EARRINGS RED,2.55,2.55,2.55,2,2.0
47518F,ICON PLACEMAT POP ART ELVIS,0.17,0.12,0.42,31,900.0
22855,FINE WICKER HEART,1.24,1.06,1.25,343,4588.0
22732,3D VINTAGE CHRISTMAS STICKERS,1.3,1.06,2.46,243,3467.0
22821,GIFT BAG PSYCHEDELIC APPLES,0.65,0.65,0.83,101,1276.0
22820,GIFT BAG BIRTHDAY,0.65,0.65,0.83,76,1172.0
22948,METAL DECORATION NAUGHTY CHILDREN,0.91,0.72,1.66,129,1965.0
22815,CARD PSYCHEDELIC APPLES,0.42,0.36,0.42,165,2566.0
22817,CARD SUKI BIRTHDAY,0.42,0.36,0.42,169,2578.0
22734,SET OF 6 RIBBONS VINTAGE CHRISTMAS,2.73,1.8,5.79,593,8801.0
22735,RIBBON REEL SOCKS AND MITTENS,1.7,1.45,3.29,159,1318.0
22737,RIBBON REEL CHRISTMAS PRESENT,1.69,1.45,3.29,379,2958.0
22738,RIBBON REEL SNOWY VILLAGE,1.67,1.45,3.29,349,3872.0
22736,RIBBON REEL MAKING SNOWMEN,1.69,1.45,3.29,296,2314.0
22739,RIBBON REEL CHRISTMAS SOCK BAUBLE,1.69,1.45,3.29,424,3514.0
22812,PACK 3 BOXES CHRISTMAS PANNETONE,2.01,1.65,4.13,347,4277.0
22946,WOODEN ADVENT CALENDAR CREAM,16.29,8.0,16.95,206,867.0
22947,WOODEN ADVENT CALENDAR RED,12.29,7.95,16.95,156,761.0
22907,PACK OF 20 NAPKINS PANTRY DESIGN,0.85,0.64,1.63,665,7841.0
22862,LOVE HEART NAPKIN BOX,4.25,3.75,4.25,182,704.0
22816,CARD MOTORBIKE SANTA,0.42,0.36,0.42,296,5888.0
22818,CARD CHRISTMAS VILLAGE,0.42,0.36,0.42,283,5430.0
22983,CARD BILLBOARD FONT,0.43,0.36,0.83,407,6255.0
22731,3D CHRISTMAS STAMPS STICKERS,1.3,1.06,2.46,202,2676.0
22854,CREAM SWEETHEART EGG HOLDER,4.92,4.25,4.95,216,1093.0
22909,SET OF 20 VINTAGE CHRISTMAS NAPKINS,0.84,0.64,0.85,882,14548.0
22813,PACK 3 BOXES BIRD PANNETONE,2.01,1.65,4.13,290,3790.0
22733,3D TRADITIONAL CHRISTMAS STICKERS,1.29,1.06,2.46,252,3256.0
22952,60 CAKE CASES VINTAGE CHRISTMAS,0.54,0.42,0.55,898,29136.0
22910,PAPER CHAIN KIT VINTAGE CHRISTMAS,2.92,2.55,5.79,1221,15850.0
22945,CHRISTMAS METAL TAGS ASSORTED,0.87,0.72,1.8,274,7063.0
22949,36 DOILIES DOLLY GIRL,1.45,1.25,1.45,142,1959.0
22951,60 CAKE CASES DOLLY GIRL DESIGN,0.56,0.42,1.25,511,10506.0
22944,CHRISTMAS METAL POSTCARD WITH BELLS,0.84,0.39,1.25,100,3885.0
22950,36 DOILIES VINTAGE CHRISTMAS,1.44,1.25,1.45,301,7027.0
22906,12 MESSAGE CARDS WITH ENVELOPES,1.64,1.45,1.65,345,2900.0
22911,PAPER CHAIN KIT LONDON,2.96,2.55,5.79,142,811.0
22905,CALENDAR IN SEASON DESIGN,2.85,1.25,2.95,143,935.0
22904,CALENDAR PAPER CUT DESIGN,2.96,2.55,5.79,396,2875.0
22819,"BIRTHDAY CARD, RETRO SPOT",0.42,0.36,0.42,168,2568.0
22809,SET OF 6 T-LIGHTS SANTA,3.04,2.55,5.79,325,2434.0
22810,SET OF 6 T-LIGHTS SNOWMEN,3.04,2.55,5.79,279,2031.0
16248B,BLUE HOLE PUNCH,1.25,1.25,1.25,12,81.0
22908,PACK OF 20 NAPKINS RED APPLES,0.85,0.64,1.63,410,5430.0
22938,CUPCAKE LACE PAPER SET 6,1.93,1.65,4.13,249,3595.0
22807,SET OF 6 T-LIGHTS TOADSTOOLS,2.85,1.25,5.79,181,1185.0
22808,SET OF 6 T-LIGHTS EASTER CHICKS,2.86,1.25,2.95,61,394.0
22632,HAND WARMER RED RETROSPOT,2.09,1.79,2.1,703,10071.0
22814,CARD PARTY GAMES,0.42,0.36,0.42,135,2126.0
22863,SOAP DISH BROCANTE,2.93,2.55,2.95,146,1046.0
22804,CANDLEHOLDER PINK HANGING HEART,2.96,1.0,5.79,582,4398.0
22806,SET OF 6 T-LIGHTS WEDDING CAKE,2.74,1.25,2.95,43,362.0
22727,ALARM CLOCK BAKELIKE RED,3.76,2.99,7.46,1126,8433.0
22729,ALARM CLOCK BAKELIKE ORANGE,3.76,3.39,7.46,491,2767.0
22726,ALARM CLOCK BAKELIKE GREEN,3.78,3.39,7.46,1020,6661.0
22730,ALARM CLOCK BAKELIKE IVORY,3.75,3.39,7.46,608,3413.0
22725,ALARM CLOCK BAKELIKE CHOCOLATE,3.79,3.39,7.46,409,2228.0
22728,ALARM CLOCK BAKELIKE PINK,3.78,3.39,7.46,765,5799.0
22746,POPPY'S PLAYHOUSE LIVINGROOM,2.11,1.85,4.13,458,2577.0
22748,POPPY'S PLAYHOUSE KITCHEN,2.11,1.85,4.13,608,3460.0
22894,TABLECLOTH RED APPLES DESIGN,9.24,7.65,9.95,173,541.0
22895,SET OF 2 TEA TOWELS APPLE AND PEARS,3.11,2.55,6.63,353,2746.0
22747,POPPY'S PLAYHOUSE BATHROOM,2.1,1.85,2.1,327,1870.0
22745,POPPY'S PLAYHOUSE BEDROOM,2.11,1.85,4.13,554,3318.0
22900,SET 2 TEA TOWELS I LOVE LONDON,3.07,2.32,3.25,499,5407.0
22903,CALENDAR FAMILY FAVOURITES,2.82,1.25,2.95,52,384.0
22899,CHILDREN'S APRON DOLLY GIRL,2.12,1.85,4.13,354,2669.0
22898,CHILDRENS APRON APPLES DESIGN,1.94,1.65,4.13,374,2916.0
22896,PEG BAG APPLES DESIGN,2.58,2.1,4.96,289,1952.0
22902,TOTE BAG I LOVE LONDON,2.06,1.69,2.1,138,1586.0
22897,OVEN MITT APPLES DESIGN,1.52,1.25,3.29,243,1836.0
22939,APRON APPLE DELIGHT,5.17,4.25,10.79,149,655.0
84415A,PINK FLOCK SUEDE CUSHION COVER,2.08,1.25,3.75,3,14.0
84415B,BLUE FLOCK CUSHION COVER,2.92,1.25,3.75,3,8.0
22811,SET OF 6 T-LIGHTS CACTI,2.99,1.25,5.79,68,890.0
90205C,LARGE CRYSTAL DIAMANTE HAIRSLIDE,1.61,1.45,1.65,5,46.0
22740,POLKADOT PEN,0.84,0.72,0.85,205,12599.0
22741,FUNKY DIVA PEN,0.85,0.72,1.63,191,10057.0
22857,ASSORTED EASTER GIFT TAGS,0.85,0.72,0.85,62,1226.0
22860,EASTER TIN CHICKS PINK DAISY,1.65,1.65,1.65,87,574.0
22859,EASTER TIN BUNNY BOUQUET,1.65,1.45,1.65,127,1152.0
22837,HOT WATER BOTTLE BABUSHKA,4.62,4.25,4.65,366,3192.0
22633,HAND WARMER UNION JACK,2.09,1.79,2.1,786,8316.0
SP1002,KID'S CHALKBOARD/EASEL,2.95,2.95,2.95,2,5.0
22796,PHOTO FRAME 3 CLASSIC HANGING,9.91,8.5,9.95,265,690.0
90179A,AMBER FINE BEAD NECKLACE W TASSEL,5.95,5.95,5.95,5,8.0
22769,CHALKBOARD KITCHEN ORGANISER,24.26,16.86,24.95,29,150.0
22766,PHOTO FRAME CORNICE,2.95,2.55,5.79,577,4232.0
22768,FAMILY PHOTO FRAME CORNICE,9.9,6.72,19.96,303,1082.0
22767,TRIPLE PHOTO FRAME CORNICE,9.86,6.72,9.95,268,955.0
22762,CUPBOARD 3 DRAWER MA CAMPAGNE,14.8,12.75,14.95,102,163.0
22763,KEY CABINET MA CAMPAGNE,9.88,6.78,9.95,115,639.0
22760,"TRAY, BREAKFAST IN BED",12.52,10.95,12.75,101,335.0
90197B,BLACK GLASS BRACELET W HEART CHARMS,4.95,4.95,4.95,2,6.0
35596,WOOD XMAS TREE 9 FIG SHELVES,0.85,0.85,0.85,4,29.0
22764,"RUSTIC WOODEN CABINET, GLASS DOORS",23.47,16.88,24.95,23,180.0
22770,MIRROR CORNICE,14.91,12.75,14.95,60,97.0
22840,ROUND CAKE TIN VINTAGE RED,7.9,5.49,15.79,362,1267.0
22841,ROUND CAKE TIN VINTAGE GREEN,7.94,5.49,15.79,277,734.0
22842,BISCUIT TIN VINTAGE RED,6.65,5.95,6.75,210,782.0
22847,BREAD BIN DINER STYLE IVORY,16.47,11.63,33.29,422,1066.0
22849,BREAD BIN DINER STYLE MINT,16.27,11.63,16.95,149,377.0
22790,"MIRROR, ARCHED GEORGIAN",19.42,19.42,19.42,1,200.0
22765,NEWSPAPER STAND,14.46,9.38,14.95,41,299.0
22838,3 TIER CAKE TIN RED AND CREAM,14.75,9.98,29.13,212,745.0
22846,BREAD BIN DINER STYLE RED,16.33,5.0,16.95,293,751.0
22839,3 TIER CAKE TIN GREEN AND CREAM,14.89,9.98,29.13,181,481.0
22890,NOVELTY BISCUITS CAKE STAND 3 TIER,9.91,8.5,19.96,210,725.0
22848,BREAD BIN DINER STYLE PINK,16.14,10.0,16.95,122,344.0
22843,BISCUIT TIN VINTAGE GREEN,6.7,4.67,13.29,159,569.0
22891,TEA FOR ONE POLKADOT,4.51,3.75,8.29,147,532.0
22892,SET OF SALT AND PEPPER TOADSTOOLS,1.24,1.06,1.25,269,3417.0
22853,CAT BOWL VINTAGE CREAM,3.24,2.75,3.45,127,594.0
22852,DOG BOWL VINTAGE CREAM,4.24,3.75,4.62,141,524.0
22893,MINI CAKE STAND T-LIGHT HOLDER,0.42,0.36,0.42,92,2000.0
22845,VINTAGE CREAM CAT FOOD CONTAINER,6.37,4.27,12.46,289,868.0
22788,BROCANTE COAT RACK,9.78,6.78,9.95,64,453.0
22785,SQUARECUSHION COVER PINK UNION FLAG,6.54,1.25,16.63,95,359.0
22795,SWEETHEART RECIPE BOOK STAND,6.69,5.95,6.75,397,1438.0
22781,GUMBALL MAGAZINE RACK,7.66,6.75,14.96,214,720.0
22776,SWEETHEART CAKESTAND 3 TIER,9.85,8.5,9.95,568,1464.0
22775,PURPLE DRAWERKNOB ACRYLIC EDWARDIAN,1.26,1.06,2.46,181,2931.0
22771,CLEAR DRAWER KNOB ACRYLIC EDWARDIAN,1.25,0.85,1.49,382,6559.0
22772,PINK DRAWER KNOB ACRYLIC EDWARDIAN,1.25,0.85,2.46,213,3788.0
22773,GREEN DRAWER KNOB ACRYLIC EDWARDIAN,1.25,0.85,1.49,170,2118.0
22805,BLUE DRAWER KNOB ACRYLIC EDWARDIAN,1.25,1.06,1.25,146,1835.0
22774,RED DRAWER KNOB ACRYLIC EDWARDIAN,1.24,0.85,1.49,134,2471.0
22856,ASSORTED EASTER DECORATIONS  BELLS,1.24,1.06,1.25,26,853.0
22789,T-LIGHT HOLDER SWEETHEART HANGING,1.97,1.65,4.13,180,1201.0
22797,CHEST OF DRAWERS GINGHAM HEART,17.01,14.95,33.29,110,199.0
22786,CUSHION COVER PINK UNION JACK,5.94,1.25,15.79,75,214.0
22844,VINTAGE CREAM DOG FOOD CONTAINER,8.53,6.42,16.63,360,991.0
22873,NUMBER TILE COTTAGE GARDEN 5,1.95,1.95,1.95,18,107.0
22869,NUMBER TILE COTTAGE GARDEN 1,1.95,1.95,1.95,26,132.0
22794,SWEETHEART WIRE MAGAZINE RACK,7.94,6.75,7.95,180,357.0
22778,GLASS CLOCHE SMALL,3.9,3.39,3.95,133,784.0
22799,SWEETHEART WIRE FRUIT BOWL,8.18,2.95,8.5,96,241.0
22878,NUMBER TILE COTTAGE GARDEN No,2.1,2.1,2.1,15,97.0
22870,NUMBER TILE COTTAGE GARDEN 2,1.95,1.95,1.95,19,125.0
22871,NUMBER TILE COTTAGE GARDEN 3,1.95,1.95,1.95,12,108.0
22872,NUMBER TILE COTTAGE GARDEN 4,1.95,1.95,1.95,18,115.0
22874,NUMBER TILE COTTAGE GARDEN 6,1.95,1.95,1.95,17,114.0
22875,NUMBER TILE COTTAGE GARDEN 7,1.95,1.95,1.95,18,110.0
22876,NUMBER TILE COTTAGE GARDEN 8,1.95,1.95,1.95,13,108.0
22877,NUMBER TILE COTTAGE GARDEN 9,1.95,1.95,1.95,19,117.0
22868,NUMBER TILE COTTAGE GARDEN 0,1.95,1.95,1.95,14,111.0
35815P,"ACRYLIC JEWEL SNOWFLAKE, PINK",1.12,0.38,2.1,7,168.0
22882,NUMBER TILE VINTAGE FONT 3,1.85,0.42,2.17,25,98.0
22761,CHEST 7 DRAWER MA CAMPAGNE,24.56,21.95,24.95,31,45.0
90081B,LILY BROOCH WHITE/SILVER COLOUR,4.95,4.95,4.95,2,6.0
22942,CHRISTMAS LIGHTS 10 SANTAS,7.8,2.95,8.5,211,1113.0
22941,CHRISTMAS LIGHTS 10 REINDEER,8.44,6.5,8.5,400,2464.0
22943,CHRISTMAS LIGHTS 10 VINTAGE BAUBLES,4.92,4.25,10.79,283,2243.0
22827,RUSTIC  SEVENTEEN DRAWER SIDEBOARD,157.9,145.0,165.0,31,42.0
22884,NUMBER TILE VINTAGE FONT 5,1.81,0.42,2.17,19,86.0
22885,NUMBER TILE VINTAGE FONT 6,1.79,0.42,2.17,16,92.0
22828,REGENCY MIRROR WITH SHUTTERS,156.11,145.0,165.0,9,13.0
22777,GLASS CLOCHE LARGE,8.39,7.65,8.5,75,421.0
22784,LANTERN CREAM GAZEBO,4.96,4.25,10.79,319,1464.0
22780,LIGHT GARLAND BUTTERFILES PINK,4.19,3.37,4.25,170,1589.0
22791,T-LIGHT GLASS FLUTED ANTIQUE,1.24,1.06,2.46,322,8038.0
22830,UTILTY CABINET WITH HOOKS,24.38,10.0,26.95,16,178.0
22801,ANTIQUE GLASS PEDESTAL BOWL,3.76,3.39,7.46,225,1138.0
22792,FLUTED ANTIQUE CANDLE HOLDER,0.86,0.72,1.63,170,2939.0
22798,ANTIQUE GLASS DRESSING TABLE POT,2.97,2.55,5.79,257,2164.0
22800,ANTIQUE TALL SWIRLGLASS TRINKET POT,3.78,3.39,7.46,188,999.0
22803,IVORY EMBROIDERED QUILT,38.41,35.75,39.95,30,51.0
22779,WOODEN OWLS LIGHT GARLAND,4.2,3.37,4.25,190,1726.0
22889,NUMBER TILE VINTAGE FONT No,1.89,0.75,2.4,10,167.0
22880,NUMBER TILE VINTAGE FONT 1,1.76,0.42,2.17,14,81.0
22887,NUMBER TILE VINTAGE FONT 8,1.76,0.42,2.17,14,78.0
22886,NUMBER TILE VINTAGE FONT 7,1.76,0.42,2.17,14,82.0
22883,NUMBER TILE VINTAGE FONT 4,1.71,0.42,2.17,11,85.0
22881,NUMBER TILE VINTAGE FONT 2,1.78,0.42,2.17,15,89.0
22879,NUMBER TILE VINTAGE FONT 0,1.69,0.42,2.17,10,71.0
22783,SET 3 WICKER OVAL BASKETS W LIDS,15.38,7.95,19.95,44,481.0
22823,CHEST NATURAL WOOD 20 DRAWERS,117.5,110.0,125.0,18,32.0
22825,DECORATIVE PLANT POT WITH FRIEZE,7.91,6.75,7.95,31,90.0
22782,SET 3 WICKER STORAGE BASKETS,19.99,9.95,24.95,84,254.0
22802,FAUX FUR CHOCOLATE THROW,18.52,7.95,19.95,46,86.0
22968,ROSE COTTAGE KEEPSAKE BOX,9.73,8.5,9.95,237,1027.0
90214Y,"LETTER ""Y"" BLING KEY RING",0.87,0.29,1.25,5,63.0
90214U,"LETTER ""U"" BLING KEY RING",0.77,0.29,1.25,2,13.0
22955,36 FOIL STAR CAKE CASES,2.04,0.79,2.1,156,1404.0
22888,NUMBER TILE VINTAGE FONT 9,1.67,0.42,2.17,10,66.0
22953,BIRTHDAY PARTY CORDON BARRIER TAPE,1.27,1.06,2.46,99,713.0
22956,36 FOIL HEART CAKE CASES,2.06,0.79,4.13,217,1700.0
22833,HALL CABINET WITH 3 DRAWERS,43.27,15.0,49.95,11,118.0
90176B,DIAMANTE NECKLACE BLACK,7.5,7.5,7.5,2,3.0
22954,HEN PARTY CORDON BARRIER TAPE,1.25,1.25,1.25,37,200.0
22822,CREAM WALL PLANTER HEART SHAPED,5.94,4.95,12.46,168,562.0
22824,3 TIER SWEETHEART GARDEN SHELF,35.69,32.95,35.95,47,60.0
22831,WHITE BROCANTE SOAP DISH,2.95,2.55,2.95,118,751.0
90033,IVORY SHELL HEART EARRINGS,2.55,2.55,2.55,2,5.0
22966,GINGERBREAD MAN COOKIE CUTTER,1.26,1.06,2.46,609,7941.0
22832,BROCANTE SHELF WITH HOOKS,10.72,9.95,10.75,75,173.0
22829,SWEETHEART WIRE WALL TIDY,9.89,8.5,9.95,101,206.0
90183A,AMBER DROP EARRINGS W LONG BEADS,2.95,2.95,2.95,5,20.0
90051,CRACKED GLAZE NECKLACE RED,6.95,6.95,6.95,4,7.0
90118,PINK DAISY BAG CHARM,2.55,2.55,2.55,2,2.0
84402B,PURPLE DRESS JEWELLERY STAND,1.33,0.79,2.95,4,62.0
90101,WHITE FRANGIPANI NECKLACE,2.55,2.55,2.55,3,5.0
44228,CANNABIS LEAF BEAD CURTAIN,0.85,0.85,0.85,3,48.0
22923,FRIDGE MAGNETS LES ENFANTS ASSORTED,0.85,0.72,0.85,82,1365.0
22914,BLUE COAT RACK PARIS FASHION,4.93,3.37,4.95,149,529.0
22913,RED COAT RACK PARIS FASHION,4.91,3.37,4.95,105,425.0
22912,YELLOW COAT RACK PARIS FASHION,4.93,3.37,4.95,98,296.0
90204,PAIR OF ENAMEL BUTTERFLY HAIRCLIP,3.35,3.35,3.35,8,14.0
22915,ASSORTED BOTTLE TOP  MAGNETS,0.4,0.19,0.42,138,3024.0
22922,FRIDGE MAGNETS US DINER ASSORTED,0.85,0.72,1.8,96,1830.0
22924,FRIDGE MAGNETS LA VIE EN ROSE,0.85,0.72,0.85,79,1248.0
22926,IVORY GIANT GARDEN THERMOMETER,5.94,4.95,5.95,199,641.0
22917,HERB MARKER ROSEMARY,0.65,0.55,0.65,197,1890.0
22969,HOMEMADE JAM SCENTED CANDLES,1.45,1.25,3.29,573,13952.0
22964,3 PIECE SPACEBOY COOKIE CUTTER SET,2.13,1.85,4.13,317,2621.0
90127A,PINK BEADS+HAND PHONE CHARM,1.25,1.25,1.25,1,12.0
22965,3 TRADITIONAl BISCUIT CUTTERS  SET,2.12,1.85,4.13,226,1764.0
22927,GREEN GIANT GARDEN THERMOMETER,5.94,4.95,5.95,139,424.0
22921,HERB MARKER CHIVES,0.65,0.55,0.65,172,1676.0
22920,HERB MARKER BASIL,0.65,0.55,0.65,193,1843.0
22916,HERB MARKER THYME,0.65,0.55,0.65,193,1849.0
22918,HERB MARKER PARSLEY,0.65,0.55,0.65,193,1804.0
22925,BLUE GIANT GARDEN THERMOMETER,5.98,4.95,12.46,169,460.0
22858,EASTER TIN KEEPSAKE,1.64,1.45,1.65,112,1083.0
22919,HERB MARKER MINT,0.65,0.55,0.65,197,1697.0
22928,YELLOW GIANT GARDEN THERMOMETER,6.37,4.95,12.46,91,259.0
37477C,"FLOWER FAIRY MUG+COASTER,ROSE",3.75,3.75,3.75,1,6.0
22988,SOLDIERS EGG CUP,1.26,1.06,2.46,346,8961.0
22973,CHILDREN'S CIRCUS PARADE MUG,1.67,1.45,3.29,116,1235.0
22929,SCHOOL DESK AND CHAIR,64.06,57.95,65.0,15,20.0
90142D,MOP PENDANT SHELL NECKLACE,4.95,4.95,4.95,4,10.0
22972,CHILDREN'S SPACEBOY MUG,1.65,1.45,3.29,190,1782.0
22975,SPACEBOY CHILDRENS EGG CUP,1.27,1.25,2.46,147,1156.0
22974,CHILDRENS DOLLY GIRL MUG,1.69,1.45,3.29,162,1538.0
22976,CIRCUS PARADE CHILDRENS EGG CUP,1.26,1.25,2.46,116,1059.0
22977,DOLLY GIRL CHILDRENS EGG CUP,1.26,1.25,2.46,116,953.0
22962,JAM JAR WITH PINK LID,0.84,0.72,1.63,257,4141.0
22960,JAM MAKING SET WITH JARS,4.18,2.95,8.29,887,8331.0
90011A,MIDNIGHT BLUE CRYSTAL DROP EARRINGS,2.95,2.95,2.95,2,2.0
79151B,"SILICON CUBE 25W, BLUE",0.42,0.42,0.42,2,11.0
22930,BAKING MOULD HEART MILK CHOCOLATE,2.57,2.1,4.96,143,848.0
22931,BAKING MOULD HEART WHITE CHOCOLATE,2.55,2.1,4.96,110,792.0
22932,BAKING MOULD TOFFEE CUP CHOCOLATE,2.51,2.1,2.55,62,680.0
22937,BAKING MOULD CHOCOLATE CUPCAKES,2.61,2.1,4.96,135,933.0
22936,BAKING MOULD ROSE WHITE CHOCOLATE,3.32,2.75,6.63,32,186.0
22935,BAKING MOULD ROSE MILK CHOCOLATE,3.17,2.75,3.25,51,601.0
22933,BAKING MOULD EASTER EGG MILK CHOC,2.94,2.55,2.95,88,576.0
22934,BAKING MOULD EASTER EGG WHITE CHOC,2.92,2.55,2.95,69,560.0
22826,LOVE SEAT ANTIQUE WHITE METAL,108.24,85.0,195.0,37,54.0
22861,EASTER TIN CHICKS IN GARDEN,1.65,1.65,1.65,38,292.0
22723,SET OF 6 HERB TINS SKETCHBOOK,3.75,1.25,8.29,234,1053.0
22722,SET OF 6 SPICE TINS PANTRY DESIGN,3.92,3.45,4.25,647,5339.0
22720,SET OF 3 CAKE TINS PANTRY DESIGN,4.95,3.39,10.79,1128,6976.0
22721,SET OF 3 CAKE TINS SKETCHBOOK,4.83,1.95,10.79,246,908.0
90136,PALE PINK/AMETHYST STONE NECKLACE,9.95,9.95,9.95,2,3.0
22970,LONDON BUS COFFEE MUG,2.49,2.1,2.55,276,4213.0
22971,QUEENS GUARD COFFEE MUG,2.52,2.1,4.96,233,2365.0
90022,EDWARDIAN DROP EARRINGS JET BLACK,3.75,3.75,3.75,3,4.0
23231,WRAP DOILEY DESIGN,0.42,0.34,0.42,257,7225.0
23230,WRAP ALPHABET DESIGN,0.42,0.34,0.42,230,7875.0
22967,SET 3 SONG BIRD PAPER EGGS ASSORTED,2.93,2.55,2.95,130,1153.0
22957,SET 3 PAPER VINTAGE CHICK PAPER EGG,2.93,2.55,2.95,196,1746.0
23233,WRAP POPPIES  DESIGN,0.42,0.34,0.42,157,5150.0
23232,WRAP VINTAGE LEAF DESIGN,0.42,0.34,0.42,235,8475.0
17028J,INCENSE BAZAAR PEACH,0.42,0.42,0.42,1,6.0
22989,SET 2 PANTRY DESIGN TEA TOWELS,3.23,2.55,3.28,302,2639.0
22990,COTTON APRON PANTRY DESIGN,4.75,1.95,10.79,132,482.0
37413,ICON MUG REVOLUTIONARY,0.41,0.39,1.25,79,701.0
90174,BUTTERFLY HAIR BAND,2.55,2.55,2.55,2,4.0
90055,CRACKED GLAZE EARRINGS BROWN,2.55,2.55,2.55,1,1.0
22980,PANTRY SCRUBBING BRUSH,1.68,1.45,3.29,237,2154.0
23006,TRAVEL CARD WALLET FLOWER MEADOW,0.42,0.36,0.42,125,1573.0
23004,TRAVEL CARD WALLET PANTRY,0.43,0.42,0.83,122,1829.0
23002,TRAVEL CARD WALLET SKULLS,0.42,0.36,0.42,136,1956.0
23003,TRAVEL CARD WALLET VINTAGE ROSE,0.42,0.36,0.42,52,541.0
23000,TRAVEL CARD WALLET TRANSPORT,0.42,0.36,0.42,204,3018.0
22994,TRAVEL CARD WALLET RETROSPOT,0.42,0.36,0.42,159,2080.0
22998,TRAVEL CARD WALLET KEEP CALM,0.43,0.36,0.83,424,11356.0
22991,GIRAFFE WOODEN RULER,2.05,1.65,4.13,231,3402.0
22992,REVOLVER WOODEN RULER,1.96,1.65,4.13,281,4608.0
79063D,"RETRO PILL BOX , REVOLUTIONARY",0.19,0.18,0.19,10,188.0
22993,SET OF 4 PANTRY JELLY MOULDS,1.26,1.06,2.46,858,11673.0
22999,TRAVEL CARD WALLET VINTAGE LEAF,0.42,0.36,0.42,185,2809.0
22995,TRAVEL CARD WALLET SUKI,0.42,0.36,0.42,181,2180.0
22996,TRAVEL CARD WALLET VINTAGE TICKET,0.42,0.36,0.42,291,4536.0
22978,PANTRY ROLLING PIN,3.76,3.39,7.46,189,2322.0
22997,TRAVEL CARD WALLET UNION JACK,0.42,0.36,0.42,179,2429.0
23005,TRAVEL CARD WALLET I LOVE LONDON,0.42,0.36,0.42,175,4346.0
79062D,"RETRO TIN ASHTRAY,REVOLUTIONARY",0.38,0.29,0.65,4,52.0
22351,DOTCOMGIFTSHOP TEA TOWEL,1.65,1.65,1.65,1,12.0
23182,TOILET SIGN OCCUPIED OR VACANT,0.88,0.72,2.46,254,3378.0
22979,PANTRY WASHING UP BRUSH,1.5,1.25,3.29,301,3757.0
23177,TREASURE ISLAND BOOK BOX,2.24,1.95,2.25,211,2412.0
23193,BUFFALO BILL TREASURE BOOK BOX,2.27,1.95,4.58,134,1837.0
23194,GYMKHANA TREASURE BOOK BOX,2.25,1.95,4.58,167,1732.0
23176,ABC TREASURE BOOK BOX,2.26,1.95,4.58,180,2056.0
22982,PANTRY PASTRY BRUSH,1.32,1.06,2.46,143,1008.0
23126,FELTCRAFT GIRL AMELIE KIT,5.02,4.15,10.79,269,1073.0
23127,FELTCRAFT GIRL NICOLE KIT,4.97,4.15,10.79,181,705.0
23128,FELTCRAFT BOY JEAN-PAUL KIT,4.97,4.15,10.79,126,420.0
23183,MOTHER'S KITCHEN SPOON REST,4.06,3.29,7.46,57,172.0
23179,CLOCK MAGNET MUM'S KITCHEN,2.93,1.25,5.79,40,304.0
23178,JAM CLOCK MAGNET,2.84,1.25,5.79,54,308.0
23180,MUM'S KITCHEN CLOCK,4.75,1.65,4.95,33,101.0
22981,PANTRY APPLE CORER,1.45,1.25,1.45,70,433.0
23049,RECYCLED ACAPULCO MAT RED,8.25,7.45,8.25,167,432.0
23053,RECYCLED ACAPULCO MAT PINK,8.23,7.45,8.25,128,317.0
23054,RECYCLED ACAPULCO MAT LAVENDER,8.24,7.45,8.25,108,265.0
23050,RECYCLED ACAPULCO MAT GREEN,8.24,7.45,8.25,175,458.0
23052,RECYCLED ACAPULCO MAT TURQUOISE,8.25,7.45,8.25,220,570.0
23051,RECYCLED ACAPULCO MAT BLUE,8.24,7.45,8.25,132,334.0
23185,FRENCH STYLE STORAGE JAR JAM,0.35,0.28,1.25,30,317.0
23184,BULL DOG BOTTLE OPENER,5.1,4.15,10.79,196,770.0
23181,BULL DOG BOTTLE TOP WALL CLOCK,8.18,7.5,8.25,69,185.0
23187,FRENCH STYLE STORAGE JAR BONBONS,0.3,0.28,1.25,73,2332.0
23186,FRENCH STYLE STORAGE JAR CAFE,0.33,0.28,1.25,69,1976.0
79063C,"RETRO PILL BOX KEY CHAIN,THE KING",0.19,0.18,0.19,14,235.0
23009,I LOVE LONDON BABY GIFT SET,16.43,14.95,16.95,61,209.0
23007,SPACEBOY BABY GIFT SET,16.51,14.95,16.95,140,446.0
23008,DOLLY GIRL BABY GIFT SET,16.39,14.95,16.95,115,409.0
23010,CIRCUS PARADE BABY GIFT SET,16.47,14.95,16.95,88,283.0
23077,DOUGHNUT LIP GLOSS,1.24,1.04,1.25,305,9582.0
23076,ICE CREAM SUNDAE LIP GLOSS,1.24,1.04,1.25,247,7872.0
23078,ICE CREAM PEN LIP GLOSS,1.25,1.04,1.25,211,6559.0
23159,SET OF 5 PANCAKE DAY MAGNETS,2.08,1.85,4.13,193,2242.0
23154,SET OF 4 JAM JAR MAGNETS,2.08,1.85,4.13,212,2392.0
23156,SET OF 5 MINI GROCERY MAGNETS,2.09,1.85,4.13,182,1607.0
23155,KNICKERBOCKERGLORY MAGNET ASSORTED,0.82,0.72,0.83,107,1938.0
23158,SET OF 5 LUCKY CAT MAGNETS,2.17,1.85,4.13,186,2500.0
23157,SET OF 6 NATIVITY MAGNETS,2.15,1.85,4.13,143,2050.0
23254,CHILDRENS CUTLERY DOLLY GIRL,4.14,3.75,4.15,267,1624.0
23256,CHILDRENS CUTLERY SPACEBOY,4.15,3.75,8.29,317,1991.0
23255,CHILDRENS CUTLERY CIRCUS PARADE,4.17,3.75,8.29,139,949.0
90025A,BAROQUE BUTTERFLY EARRINGS BLACK,3.75,3.75,3.75,2,2.0
37487B,YELLOW/ORANGE FLOWER DESIGN PLATE,0.29,0.29,0.29,2,68.0
23205,CHARLOTTE BAG VINTAGE ALPHABET,0.85,0.72,1.63,344,5050.0
23201,JUMBO BAG ALPHABET,2.06,1.65,4.13,741,12061.0
23207,LUNCH BAG ALPHABET DESIGN,1.65,1.45,4.13,640,7480.0
23199,JUMBO BAG APPLES,2.06,1.65,4.13,710,13053.0
23206,LUNCH BAG APPLE DESIGN,1.64,1.45,1.65,860,11483.0
23204,CHARLOTTE BAG APPLES DESIGN,0.84,0.72,0.85,423,6934.0
23208,LUNCH BAG VINTAGE LEAF DESIGN,1.65,1.45,1.65,596,6181.0
37468,HARDMAN MUG 3 ASSORTED,0.39,0.39,0.39,12,63.0
23065,LARGE DECO JEWELLERY STAND,12.47,11.15,12.5,91,255.0
23060,HEART BEADED TRELLIS DECORATION,2.08,2.08,2.08,39,244.0
23057,BEADED CHANDELIER T-LIGHT HOLDER,4.96,1.0,10.79,36,242.0
23066,SMALL DECO JEWELLERY STAND,8.23,7.45,8.25,76,245.0
23068,ALUMINIUM STAMPED HEART,2.48,2.08,2.49,130,801.0
23075,PARLOUR CERAMIC WALL HOOK,4.14,3.75,4.15,75,457.0
23153,ZINC SWEETHEART WIRE LETTER RACK,3.79,3.39,7.46,77,244.0
23073,GEORGIAN TRINKET BOX,12.41,11.15,12.5,58,140.0
23146,TRIPLE HOOK ANTIQUE IVORY ROSE,3.28,2.89,3.29,196,749.0
23061,VINTAGE EMBOSSED HEART,1.25,1.04,1.25,88,946.0
23055,IVORY CHANDELIER T-LIGHT HOLDER,6.09,1.0,6.25,31,128.0
23056,FLOWERS CHANDELIER T-LIGHT HOLDER,6.66,1.0,12.46,32,146.0
23140,TRIPLE WIRE HOOK IVORY HEART,4.26,3.75,8.29,34,148.0
23141,TRIPLE WIRE HOOK PINK HEART,3.59,0.79,4.15,18,68.0
23135,SMALL ZINC HEART WALL ORGANISER,5.19,3.32,5.75,42,1538.0
23132,SMALL IVORY HEART WALL ORGANISER,5.74,3.57,12.46,141,1008.0
23071,MARIE ANTOINETTE TRINKET BOX GOLD,11.01,1.0,12.5,15,241.0
23152,IVORY SWEETHEART WIRE LETTER RACK,3.74,3.39,3.75,148,537.0
23134,LARGE ZINC HEART WALL ORGANISER,7.67,5.88,8.25,37,1064.0
23133,LARGE IVORY HEART WALL ORGANISER,7.99,5.66,8.25,134,759.0
23147,SINGLE ANTIQUE ROSE HOOK IVORY,1.45,1.25,1.45,249,1842.0
23148,MINIATURE ANTIQUE ROSE HOOK IVORY,0.83,0.72,0.85,232,2105.0
23144,ZINC T-LIGHT HOLDER STARS SMALL,0.84,0.72,1.63,236,4870.0
23142,IVORY WIRE KITCHEN ORGANISER,10.33,9.15,10.4,35,115.0
23136,IVORY WIRE SWEETHEART LETTER TRAY,3.73,3.29,3.75,44,127.0
23139,SINGLE WIRE HOOK PINK HEART,1.24,0.39,1.45,21,394.0
23138,SINGLE WIRE HOOK IVORY HEART,1.44,1.25,1.45,74,858.0
23150,IVORY SWEETHEART SOAP DISH,2.49,2.49,2.49,40,139.0
23145,ZINC T-LIGHT HOLDER STAR LARGE,0.96,0.79,2.08,150,2054.0
23253,16 PIECE CUTLERY SET PANTRY DESIGN,15.66,12.5,15.95,47,214.0
23137,ZINC WIRE SWEETHEART LETTER TRAY,3.45,1.25,3.75,20,80.0
90135,ORANGE/WHT/FUSCHIA STONES NECKLACE,4.95,4.95,4.95,1,6.0
23069,EDWARDIAN PHOTO FRAME,6.25,6.25,6.25,31,87.0
23131,MISTLETOE HEART WREATH CREAM,4.21,3.75,8.29,108,893.0
23067,HANGING ENGRAVED METAL HEART,4.15,4.15,4.15,71,274.0
23163,REGENCY SUGAR TONGS,2.44,2.08,2.49,132,1618.0
23284,DOORMAT KEEP CALM AND COME IN,7.91,4.58,16.63,643,5120.0
23283,DOORMAT VINTAGE LEAF,7.91,4.58,15.79,208,961.0
23162,REGENCY TEA STRAINER,3.75,3.29,7.46,142,1362.0
23048,SET OF 10 LANTERNS FAIRY LIGHT STAR,4.2,3.75,8.29,80,504.0
23042,PAPER LANTERN 7 POINT SNOW STAR,6.65,6.65,6.65,24,89.0
23041,PAPER LANTERN 9 POINT SNOW STAR,4.15,4.15,4.15,46,212.0
23040,PAPER LANTERN 9 POINT SNOW STAR,5.73,4.95,5.75,36,246.0
23064,CINDERELLA CHANDELIER,45.25,10.0,49.95,12,117.0
23130,MISTLETOE HEART WREATH GREEN,4.24,3.75,8.29,166,910.0
23160,REGENCY TEA SPOON,1.23,1.04,1.25,60,1392.0
23161,REGENCY CAKE FORK,1.23,1.04,1.25,68,1608.0
23164,REGENCY CAKE SLICE,4.92,4.15,9.96,80,564.0
23149,ANTIQUE IVORY WIRE BOWL SMALL,2.49,2.49,2.49,18,91.0
23143,ZINC WIRE KITCHEN ORGANISER,7.18,3.95,10.4,12,25.0
23299,FOOD COVER WITH BEADS SET 2,3.79,3.39,7.46,120,972.0
23298,SPOTTY BUNTING,4.92,4.15,5.14,1007,7772.0
23070,EDWARDIAN HEART PHOTO FRAME,4.15,4.15,4.15,33,147.0
23151,ZINC SWEETHEART SOAP DISH,1.95,0.79,2.49,19,59.0
23043,PAPER LANTERN 9 POINT HOLLY STAR L,6.25,6.25,6.25,19,75.0
23045,PAPER LANTERN 5 POINT STAR MOON,4.15,4.15,4.15,23,116.0
23209,LUNCH BAG VINTAGE DOILY,1.65,1.45,4.13,1004,12964.0
23200,JUMBO BAG PEARS,2.07,1.65,4.13,469,6609.0
23203,JUMBO BAG VINTAGE DOILY,2.06,1.65,2.08,1067,18447.0
90076,MONTANA DIAMOND CLUSTER EARRINGS,2.55,2.55,2.55,1,6.0
23072,MARIE ANTOINETTE TRINKET BOX SILVER,11.38,1.0,12.5,20,254.0
23202,JUMBO BAG VINTAGE LEAF,2.08,1.65,4.13,754,9705.0
23046,PAPER LANTERN 9 POINT DELUXE STAR,6.62,5.75,6.65,34,347.0
23047,PAPER LANTERN 5 POINT SEQUIN STAR,5.75,5.75,5.75,25,58.0
23044,PAPER LANTERN 9 POINT HOLLY STAR S,4.15,4.15,4.15,24,100.0
23282,FOLDING BUTTERFLY MIRROR IVORY,0.87,0.72,2.46,102,753.0
23280,FOLDING BUTTERFLY MIRROR HOT PINK,0.83,0.72,2.46,133,1994.0
23190,BUNDLE OF 3 SCHOOL EXERCISE BOOKS,1.65,1.45,3.29,178,1677.0
23191,BUNDLE OF 3 RETRO NOTE BOOKS,1.68,1.45,3.29,243,2155.0
23175,REGENCY MILK JUG PINK,3.2,2.75,3.25,270,2966.0
23174,REGENCY SUGAR BOWL GREEN,4.13,3.75,8.29,265,2857.0
23173,REGENCY TEAPOT ROSES,9.71,8.0,19.96,351,2613.0
23172,REGENCY TEA PLATE PINK,1.64,1.45,3.29,222,3592.0
23171,REGENCY TEA PLATE GREEN,1.67,1.45,3.29,268,5870.0
23170,REGENCY TEA PLATE ROSES,1.66,1.45,3.29,324,6407.0
23084,RABBIT NIGHT LIGHT,2.01,1.67,4.13,795,27087.0
23281,FOLDING BUTTERFLY MIRROR RED,0.82,0.72,0.83,91,1270.0
23118,PARISIENNE JEWELLERY DRAWER,7.46,5.32,7.5,220,755.0
23096,PETIT TRAY CHIC,1.73,1.45,3.29,117,993.0
23091,ZINC HERB GARDEN CONTAINER,6.29,5.39,12.46,182,549.0
23094,LE GRAND TRAY CHIC SET,12.5,12.5,12.5,73,146.0
23108,SET OF 10 LED DOLLY LIGHTS,6.16,5.39,12.46,340,2135.0
23081,GREEN METAL BOX ARMY SUPPLIES,8.34,7.5,16.63,114,451.0
23080,RED METAL BOX TOP SECRET,8.36,7.5,16.63,211,983.0
23110,PARISIENNE KEY CABINET,5.71,4.95,5.75,203,624.0
23192,BUNDLE OF 3 ALPHABET EXERCISE BOOKS,1.65,1.45,3.29,311,3268.0
23100,SILVER BELLS TABLE DECORATION,1.25,1.04,1.25,213,2090.0
23102,SILVER HEARTS TABLE DECORATION,0.83,0.72,0.83,139,1231.0
23082,SET 6 PAPER TABLE LANTERN HEARTS,3.72,3.29,3.75,263,2260.0
23093,SMALL PARISIENNE HEART PHOTO FRAME,2.47,1.64,2.49,123,915.0
23109,PACK OF SIX LED TEA LIGHTS,2.91,2.49,5.79,227,2214.0
23103,JINGLE BELL HEART DECORATION,1.65,1.45,1.65,315,3907.0
23112,PARISIENNE CURIO CABINET,7.45,6.65,7.5,173,452.0
23111,PARISIENNE SEWING BOX,12.3,10.4,12.5,115,273.0
23079,TOADSTOOL BEDSIDE LIGHT,8.94,8.25,8.95,98,235.0
23167,SMALL CERAMIC TOP STORAGE JAR,0.83,0.69,1.63,174,5173.0
23104,IVORY CAFE HANGING LAMP,12.31,10.4,12.5,44,116.0
23168,CLASSIC CAFE SUGAR DISPENSER,1.23,1.04,2.46,218,2825.0
23169,CLASSIC GLASS COOKIE JAR,4.11,3.75,4.15,251,1395.0
23165,LARGE CERAMIC TOP STORAGE JAR,1.63,1.45,1.65,211,2883.0
23166,MEDIUM CERAMIC TOP STORAGE JAR,1.22,1.04,1.25,188,3412.0
23101,SILVER STARS TABLE DECORATION,0.83,0.72,0.83,190,1942.0
23089,GLASS BON BON JAR,1.78,1.45,3.29,133,2134.0
23107,WHITE HEARTS WIRE PLANT POT HOLDER,2.74,0.79,2.89,61,340.0
23106,ZINC HEARTS PLANT POT HOLDER,2.77,0.79,5.79,49,271.0
23087,ZINC  HEART T-LIGHT HOLDER,1.24,1.04,1.25,49,830.0
23088,ZINC HEART FLOWER T-LIGHT HOLDER,1.31,1.04,2.46,57,760.0
23301,GARDENERS KNEELING PAD KEEP CALM,1.66,1.18,3.29,751,7618.0
23300,GARDENERS KNEELING PAD CUP OF TEA,1.67,1.18,3.29,631,6141.0
23302,KNEELING MAT HOUSEWORK  DESIGN,1.58,0.79,1.65,184,1442.0
23090,VINTAGE GLASS T-LIGHT HOLDER,0.86,0.72,1.63,122,2129.0
23083,SET 6 PAPER TABLE LANTERN STARS,3.76,3.29,7.46,208,1811.0
23092,LARGE ANTIQUE WHITE PHOTO FRAME,7.8,5.49,7.9,122,502.0
23085,ANTIQUE SILVER BAUBLE LAMP,10.07,8.25,10.4,72,369.0
23099,FRENCH CARRIAGE LANTERN,6.58,5.75,6.65,52,126.0
23086,ZINC  STAR T-LIGHT HOLDER,1.23,1.04,1.25,35,1175.0
23129,HEART SHAPED HOLLY WREATH,4.42,3.75,8.29,165,942.0
90050,CRACKED GLAZE NECKLACE IVORY,6.95,6.95,6.95,2,6.0
90141B,IVORY PENDANT TRIPLE SHELL NECKLACE,4.95,4.95,4.95,2,6.0
23228,FILIGREE HEART BIRD WHITE,1.4,1.04,2.46,77,1253.0
23227,FILIGREE HEART BUTTERFLY WHITE,1.27,1.04,2.46,87,1592.0
23444,Next Day Carriage,15.19,15.0,30.0,78,78.0
23226,FILIGREE HEART DAISY WHITE,1.24,1.04,1.25,70,1151.0
23214,JINGLE BELL HEART ANTIQUE GOLD,2.19,1.79,4.13,92,772.0
23215,JINGLE BELL HEART ANTIQUE SILVER,2.14,1.79,4.13,197,3544.0
23210,WHITE ROCKING HORSE HAND PAINTED,1.24,1.04,1.25,151,2562.0
23213,STAR WREATH DECORATION WITH BELL,1.24,1.04,1.25,120,1582.0
23212,HEART WREATH DECORATION WITH BELL,1.24,1.04,1.25,142,2115.0
23219,LAUREL STAR ANTIQUE SILVER,1.31,1.04,2.46,49,404.0
23224,CHERUB HEART DECORATION GOLD,0.93,0.72,1.63,58,707.0
23221,REINDEER HEART DECORATION SILVER,0.92,0.72,1.63,107,1413.0
23211,RED ROCKING HORSE HAND PAINTED,1.24,1.04,1.25,115,2182.0
23216,LAUREL HEART ANTIQUE GOLD,1.35,1.04,2.46,40,518.0
23217,LAUREL HEART ANTIQUE SILVER,1.4,1.04,2.5,84,1290.0
23225,CHERUB HEART DECORATION SILVER,0.96,0.72,1.63,66,1224.0
23263,SET OF 3 WOODEN HEART DECORATIONS,1.32,1.04,2.5,387,3693.0
23309,SET OF 60 I LOVE LONDON CAKE CASES,0.57,0.42,1.25,291,7598.0
23270,SET OF 2 CERAMIC PAINTED HEARTS,1.44,1.25,1.45,118,1157.0
23307,SET OF 60 PANTRY DESIGN CAKE CASES,0.56,0.42,1.25,499,11564.0
23306,SET OF 36 DOILIES PANTRY DESIGN,1.46,1.25,2.92,208,2691.0
23308,SET OF 60 VINTAGE LEAF CAKE CASES,0.56,0.42,1.25,305,5955.0
23273,HEART T-LIGHT HOLDER WILLIE WINKIE,1.68,1.45,3.29,97,928.0
23274,STAR T-LIGHT HOLDER WILLIE WINKIE,1.75,1.45,3.29,98,1139.0
23275,SET OF 3 HANGING OWLS OLLIE BEAK,1.29,1.04,2.46,267,3537.0
23240,SET OF 4 KNICK KNACK TINS DOILY,4.13,3.75,4.15,483,4081.0
23238,SET OF 4 KNICK KNACK TINS LONDON,4.13,3.75,4.15,232,1769.0
23243,SET OF TEA COFFEE SUGAR TINS PANTRY,4.89,1.71,5.17,381,4625.0
23245,SET OF 3 REGENCY CAKE TINS,4.93,4.15,10.79,711,5810.0
23239,SET OF 4 KNICK KNACK TINS POPPIES,3.9,1.65,4.15,151,788.0
23236,STORAGE TIN VINTAGE DOILY,2.93,2.49,5.79,281,2430.0
23235,STORAGE TIN VINTAGE LEAF,2.75,1.25,2.89,95,725.0
23241,TREASURE TIN GYMKHANA DESIGN,2.08,1.85,2.08,283,2004.0
23242,TREASURE TIN BUFFALO BILL,2.07,1.85,2.08,186,1429.0
23247,BISCUIT TIN 50'S CHRISTMAS,2.97,2.49,5.79,269,2010.0
23244,ROUND STORAGE TIN VINTAGE LEAF,1.97,1.65,4.13,104,924.0
23237,SET OF 4 KNICK KNACK TINS LEAF,4.13,3.75,4.15,164,1033.0
23321,SMALL WHITE HEART OF WICKER,1.64,1.11,1.69,580,4245.0
23310,BUBBLEGUM RING ASSORTED,0.43,0.36,0.83,213,11891.0
23220,REINDEER HEART DECORATION GOLD,0.91,0.72,1.63,77,929.0
23266,SET OF 3 WOODEN STOCKING DECORATION,1.31,1.04,2.5,273,1952.0
23265,SET OF 3 WOODEN TREE DECORATIONS,1.32,1.04,2.5,245,1651.0
23264,SET OF 3 WOODEN SLEIGH DECORATIONS,1.32,1.04,2.5,249,1841.0
23269,SET OF 2 CERAMIC CHRISTMAS TREES,1.45,1.25,1.45,76,748.0
23268,SET OF 2 CERAMIC CHRISTMAS REINDEER,1.52,1.25,2.92,77,1422.0
23252,VINTAGE RED ENAMEL TRIM JUG,3.74,3.29,3.75,120,554.0
23322,LARGE WHITE HEART OF WICKER,2.95,1.97,5.79,510,2852.0
23286,BLUE VINTAGE SPOT BEAKER,0.85,0.72,1.08,163,4893.0
23338,EGG FRYING PAN RED,2.07,1.85,2.08,89,393.0
23285,PINK VINTAGE SPOT BEAKER,0.85,0.72,1.08,132,4679.0
23288,GREEN VINTAGE SPOT BEAKER,0.85,0.72,1.08,132,4489.0
23343,JUMBO BAG VINTAGE CHRISTMAS,2.08,1.75,4.13,381,4645.0
23271,CHRISTMAS TABLE SILVER CANDLE SPIKE,0.84,0.69,1.63,75,1619.0
23335,EGG FRYING PAN IVORY,2.07,1.85,2.08,78,340.0
23339,EGG FRYING PAN BLUE,2.08,2.08,2.08,58,150.0
23336,EGG FRYING PAN PINK,2.11,2.08,4.13,63,199.0
23337,EGG FRYING PAN MINT,2.08,2.08,2.08,60,169.0
23292,SPACEBOY CHILDRENS CUP,1.26,1.05,2.46,161,2064.0
23291,DOLLY GIRL CHILDRENS CUP,1.27,1.05,2.46,142,1539.0
23289,DOLLY GIRL CHILDRENS BOWL,1.25,1.05,1.25,140,1545.0
23290,SPACEBOY CHILDRENS BOWL,1.24,1.05,1.25,173,2359.0
23287,RED VINTAGE SPOT BEAKER,0.85,0.72,0.85,145,1766.0
23188,VINTAGE  2 METER FOLDING RULER,1.71,1.45,3.29,281,3084.0
23251,VINTAGE RED ENAMEL TRIM MUG,1.24,1.04,1.25,100,1609.0
23249,VINTAGE RED ENAMEL TRIM PLATE,1.64,1.45,1.65,66,760.0
23250,VINTAGE RED TRIM ENAMEL BOWL,1.25,1.04,1.25,86,1061.0
23229,VINTAGE DONKEY TAIL GAME,3.78,2.62,7.46,217,1797.0
23234,BISCUIT TIN VINTAGE CHRISTMAS,2.93,2.49,5.79,230,1620.0
23012,GLASS APOTHECARY BOTTLE PERFUME,3.88,3.45,8.29,197,1010.0
23014,GLASS APOTHECARY BOTTLE ELIXIR,3.91,3.45,8.29,158,790.0
23035,DRAWER KNOB CERAMIC IVORY,1.45,1.25,3.29,165,2065.0
23020,GLASS  SONGBIRD STORAGE JAR,12.32,11.15,12.5,68,172.0
23032,DRAWER KNOB CRACKLE GLAZE IVORY,1.64,1.45,1.65,177,2230.0
23028,DRAWER KNOB CRACKLE GLAZE BLUE,1.66,1.45,3.29,114,1241.0
23031,DRAWER KNOB CRACKLE GLAZE PINK,1.65,1.45,1.65,138,1228.0
23029,DRAWER KNOB CRACKLE GLAZE GREEN,1.65,1.45,1.65,137,1278.0
23033,DRAWER KNOB CERAMIC RED,1.44,1.25,1.45,59,679.0
23034,DRAWER KNOB CERAMIC BLACK,1.44,1.25,1.45,77,929.0
23013,GLASS APOTHECARY BOTTLE TONIC,3.89,3.45,8.29,179,861.0
23344,JUMBO BAG 50'S CHRISTMAS,2.07,1.75,4.13,578,8453.0
23022,SMALL BONNE JAM JAR  T-LIGHT HOLDER,2.02,1.79,2.08,19,386.0
23016,GLASS TWIST BON BON JAR,7.72,6.65,7.85,19,69.0
23026,DRAWER KNOB VINTAGE GLASS STAR,2.11,1.79,4.13,52,491.0
23119,PACK OF 6 LARGE FRUIT STRAWS,0.65,0.53,1.25,113,2107.0
23123,COCKTAIL SWORDS 50 PIECES,0.82,0.72,0.83,68,899.0
23122,PARTY CHARMS 50 PIECES,0.82,0.65,0.83,94,2091.0
23120,PACK OF 6 SMALL FRUIT STRAWS,0.42,0.36,0.42,76,1521.0
23121,PACK OF 6 COCKTAIL PARASOL STRAWS,0.42,0.36,0.42,87,2460.0
23124,18PC WOODEN CUTLERY SET DISPOSABLE,1.24,1.04,1.25,24,503.0
23125,6PC WOOD PLATE SET DISPOSABLE,1.24,1.04,1.25,16,405.0
23039,T-LIGHT HOLDER SILVER HEART HANDLE,1.94,1.65,1.95,21,186.0
23023,RIDGED BONNE JAM JAR T-LIGHT HOLDER,1.7,1.45,3.29,23,260.0
23019,SMALL APOTHECARY MEASURING JAR,8.08,7.45,8.25,28,81.0
23272,TREE T-LIGHT HOLDER WILLIE WINKIE,1.56,0.39,3.29,35,352.0
23036,T-LIGHT HOLDER SILVER PETIT FOUR,1.25,1.25,1.25,15,182.0
23021,GLASS BONNE JAM JAR,4.13,3.75,4.15,25,117.0
23198,PANTRY MAGNETIC  SHOPPING LIST,1.48,1.04,3.29,373,3058.0
23027,DRAWER KNOB VINTAGE GLASS HEXAGON,2.08,2.08,2.08,27,287.0
23015,CORDIAL GLASS JUG,8.25,8.25,8.25,13,30.0
23024,LARGE BONNE JAM JAR  T-LIGHT HOLDER,2.73,2.49,2.89,10,254.0
23223,CHRISTMAS TREE HANGING SILVER,0.95,0.72,1.63,67,745.0
23222,CHRISTMAS TREE HANGING GOLD,0.96,0.72,1.63,63,764.0
23197,SKETCHBOOK MAGNETIC SHOPPING LIST,1.54,1.25,3.29,179,1339.0
23196,VINTAGE LEAF MAGNETIC NOTEPAD,1.44,1.25,1.45,233,1756.0
23267,SET OF 4 SANTA PLACE SETTINGS,1.25,1.04,1.25,90,1110.0
23323,WHITE WICKER STAR,2.1,1.85,2.1,270,1422.0
23315,IVORY REFECTORY CLOCK,9.88,8.15,9.95,74,178.0
23316,RED REFECTORY CLOCK,9.82,8.15,9.95,95,235.0
23342,MINT DINER WALL CLOCK,8.48,7.65,8.5,155,365.0
23341,PINK DINER WALL CLOCK,8.46,7.65,8.5,98,281.0
23037,CANDLE HOLDER SILVER MADELINE,1.73,1.45,3.29,18,193.0
23317,BLUE REFECTORY CLOCK,9.87,8.15,9.95,70,161.0
23017,APOTHECARY MEASURING JAR,12.18,11.15,12.5,21,64.0
23018,LARGE APOTHECARY MEASURING JAR,12.3,11.15,12.5,20,50.0
23025,DRAWER KNOB VINTAGE GLASS BALL,2.13,2.08,4.13,45,311.0
23320,GIANT 50'S CHRISTMAS CRACKER,2.66,1.25,2.89,309,2616.0
23574,PACKING CHARGE,7.5,7.5,7.5,12,12.0
23318,BOX OF 6 MINI VINTAGE CRACKERS,2.46,2.08,2.49,325,3409.0
23319,BOX OF 6 MINI 50'S CRACKERS,2.47,2.08,2.49,363,3424.0
90205A,LARGE MINT DIAMANTE HAIRSLIDE,1.65,1.65,1.65,6,16.0
23038,T-LIGHT HOLDER SILVER SAUCER,1.23,0.83,1.63,6,41.0
23313,VINTAGE CHRISTMAS BUNTING,4.95,4.15,10.79,357,2735.0
23296,SET OF 6 TEA TIME BAKING CASES,1.24,1.04,1.25,317,4867.0
23294,SET OF 6 SNACK LOAF BAKING CASES,0.82,0.72,0.83,289,4254.0
23293,SET OF 12 FAIRY CAKE BAKING CASES,0.82,0.72,0.83,462,8210.0
23295,SET OF 12 MINI LOAF BAKING CASES,0.82,0.72,0.83,358,5955.0
23297,SET 40 HEART SHAPE PETIT FOUR CASES,1.64,1.45,1.65,137,4238.0
23311,VINTAGE CHRISTMAS STOCKING,2.55,2.1,2.55,280,2193.0
23314,VINTAGE CHRISTMAS TABLECLOTH,12.44,10.39,12.5,102,383.0
23312,VINTAGE CHRISTMAS GIFT SACK,4.14,3.75,4.15,192,1363.0
90031,BILI NUT AND WOOD NECKLACE,1.0,1.0,1.0,5,48.0
90141D,ROSE PENDANT TRIPLE SHELL NECKLACE,4.95,4.95,4.95,1,3.0
23550,WRAP ALPHABET POSTER,0.42,0.34,0.42,63,1850.0
23218,LAUREL STAR ANTIQUE GOLD,1.38,1.04,2.46,33,372.0
23549,WRAP BIRD GARDEN,0.42,0.42,0.42,51,1300.0
23546,WRAP PAISLEY PARK,0.42,0.42,0.42,120,3250.0
23545,WRAP RED VINTAGE DOILY,0.42,0.34,0.42,83,2475.0
23547,WRAP FLOWER SHOP,0.42,0.42,0.42,62,1575.0
23548,WRAP MAGIC FOREST,0.42,0.42,0.42,43,1075.0
84387A,BIRD ON BRANCH CANVAS SCREEN,1.95,1.95,1.95,1,11.0
16169E,WRAP 50'S  CHRISTMAS,0.42,0.36,0.42,147,4438.0
84857B,BLUE MONTE CARLO HANDBAG,1.95,1.95,1.95,1,24.0
23347,I LOVE LONDON BEAKER,1.25,1.08,1.25,68,799.0
23345,DOLLY GIRL BEAKER,1.24,1.08,1.25,133,2394.0
23346,SPACEBOY BEAKER,1.24,1.08,1.25,138,2567.0
23340,VINTAGE CHRISTMAS CAKE FRILL,1.65,1.45,1.65,122,2453.0
23360,SET 8 CANDLES VINTAGE DOILY,1.94,1.65,1.95,107,1146.0
23359,SET OF 12 T-LIGHTS VINTAGE DOILY,1.93,1.65,1.95,76,976.0
23373,VINTAGE CHRISTMAS PAPER GIFT BAG,0.82,0.72,0.82,88,1563.0
23436,VINTAGE CHRISTMAS GIFT BAG LARGE,1.24,1.04,1.25,91,1917.0
23353,6 GIFT TAGS VINTAGE CHRISTMAS,0.83,0.72,0.83,252,3714.0
23354,6 GIFT TAGS 50'S CHRISTMAS,0.83,0.72,0.83,259,3295.0
23374,RED SPOT PAPER GIFT BAG,0.82,0.72,0.82,121,2434.0
23438,RED SPOT GIFT BAG LARGE,1.25,1.04,1.25,98,1782.0
23189,SET OF 12 FORK CANDLES,2.86,2.49,2.89,113,1215.0
23349,ROLL WRAP VINTAGE CHRISTMAS,1.24,1.04,1.25,245,2835.0
23350,ROLL WRAP VINTAGE SPOT,1.25,1.04,1.25,245,2572.0
23352,ROLL WRAP 50'S RED CHRISTMAS,1.25,1.04,1.25,162,1593.0
23351,ROLL WRAP 50'S CHRISTMAS,1.24,1.04,1.25,269,2970.0
23324,RUSTIC STRAWBERRY JAM POT LARGE,2.07,1.85,2.08,38,369.0
23332,IVORY WICKER HEART LARGE,1.65,1.45,1.65,267,1979.0
23329,DECORATIVE WICKER HEART LARGE,1.65,1.45,1.65,215,1701.0
23330,DECORATIVE WICKER HEART MEDIUM,1.25,1.04,1.25,195,1751.0
23334,IVORY WICKER HEART SMALL,0.63,0.55,0.63,95,2154.0
23333,IVORY WICKER HEART MEDIUM,1.25,1.04,1.25,215,1997.0
23328,SET 6 SCHOOL MILK BOTTLES IN CRATE,3.72,3.39,6.71,280,2059.0
23331,DECORATIVE WICKER HEART SMALL,0.63,0.55,0.63,81,1492.0
23327,HANGING CLEAR MINI BOTTLE,0.62,0.55,0.63,34,1710.0
23326,HANGING MINI COLOURED BOTTLES,0.62,0.52,0.63,55,3369.0
23325,RUSTIC STRAWBERRY JAM POT SMALL,1.62,1.45,1.65,30,444.0
23357,HOT WATER BOTTLE SEX BOMB,4.48,1.65,4.95,88,432.0
23358,HOT STUFF HOT WATER BOTTLE,3.44,1.25,3.75,67,527.0
23375,50'S CHRISTMAS PAPER GIFT BAG,0.82,0.72,0.82,88,1317.0
23356,LOVE HOT WATER BOTTLE,5.89,4.95,5.95,449,2320.0
23355,HOT WATER BOTTLE KEEP CALM,4.87,4.15,4.95,713,5221.0
90176E,DIAMANTE NECKLACE GREEN,7.5,7.5,7.5,2,3.0
23437,50'S CHRISTMAS GIFT BAG LARGE,1.25,1.04,1.25,111,1909.0
23445,ICE CREAM BUBBLES,0.83,0.72,0.83,93,2627.0
23439,HAND WARMER RED LOVE HEART,2.09,1.85,2.1,371,3721.0
23431,NATURAL HANGING QUILTED HEARTS,0.83,0.72,0.83,66,1415.0
23433,HANGING QUILTED PATCHWORK APPLES,0.83,0.72,0.83,80,1179.0
23348,CHILDRENS TOY COOKING UTENSIL SET,2.07,1.79,2.08,120,664.0
23432,PRETTY HANGING QUILTED HEARTS,0.83,0.72,0.83,70,1272.0
23376,PACK OF 12 VINTAGE CHRISTMAS TISSUE,0.39,0.32,0.39,112,2606.0
23378,PACK OF 12 50'S CHRISTMAS TISSUES,0.39,0.32,0.39,144,3413.0
23551,PACK OF 12 PAISLEY PARK TISSUES,0.39,0.39,0.39,95,1614.0
23396,LE JARDIN BOTANIQUE CUSHION COVER,3.75,3.29,3.75,163,605.0
23395,BELLE JARDINIERE CUSHION COVER,3.75,3.29,3.75,170,678.0
23394,POSTE FRANCE CUSHION COVER,3.75,3.75,3.75,119,392.0
23407,SET OF 2 TRAYS HOME SWEET HOME,9.92,8.49,9.95,115,243.0
23393,HOME SWEET HOME CUSHION COVER,3.75,3.75,3.75,198,735.0
23427,STOOL HOME SWEET HOME,12.3,10.4,12.5,103,224.0
23397,FOOT STOOL HOME SWEET HOME,9.85,8.15,9.95,175,432.0
23377,PACK OF 12 DOLLY GIRL TISSUES,0.39,0.39,0.39,80,1200.0
23399,HOME SWEET HOME HANGING HEART,0.85,0.72,0.85,176,1815.0
23411,TRELLIS COAT RACK,4.92,4.15,4.95,45,216.0
23398,HANGING HEART BONHEUR,0.85,0.72,0.85,57,587.0
23404,HOME SWEET HOME BLACKBOARD,4.86,3.26,4.95,135,963.0
23424,GINGHAM RECIPE BOOK BOX,4.93,4.15,4.95,103,409.0
23406,HOME SWEET HOME KEY HOLDER,6.13,4.15,6.25,88,428.0
23414,ZINC BOX SIGN HOME,9.9,8.49,9.95,61,135.0
23405,HOME SWEET HOME 2 DRAWER CABINET,4.91,4.15,4.95,57,235.0
23379,PACK OF 12 RED APPLE TISSUES,0.39,0.32,0.39,50,1175.0
23381,PACK OF 12 VINTAGE LEAF TISSUES,0.39,0.32,0.39,64,1474.0
23380,PACK OF 12 VINTAGE DOILY TISSUES,0.39,0.32,0.39,93,2135.0
23402,HOME SWEET HOME 3 PEG HANGER,3.74,3.29,3.75,55,280.0
23403,LETTER HOLDER HOME SWEET HOME,3.71,2.48,3.75,110,595.0
23426,METAL SIGN DROP YOUR PANTS,2.85,1.6,2.89,169,1218.0
23425,STORAGE TIN HOME SWEET HOME,2.05,0.79,2.49,35,237.0
23412,HEART MIRROR ANTIQUE WHITE,7.39,4.98,7.5,70,349.0
23392,SPACEBOY ROCKET LOLLY MAKERS,2.07,1.79,2.08,77,563.0
23400,SHELF WITH 4 HOOKS HOME SWEET HOME,6.15,4.14,6.25,94,446.0
23415,HOME SWEET HOME HOOK,1.37,0.39,1.65,45,326.0
23417,BATHROOM HOOK,1.13,0.39,1.65,21,140.0
23413,VINTAGE COFFEE GRINDER BOX,4.89,4.15,4.95,42,144.0
23409,PHOTO FRAME LINEN AND LACE LARGE,3.73,3.29,3.75,40,202.0
23408,PHOTO FRAME LINEN AND LACE SMALL,2.08,2.08,2.08,57,298.0
23401,RUSTIC MIRROR WITH LACE HEART,6.09,4.15,6.25,70,443.0
23410,CURIO CABINET LINEN AND LACE,8.03,7.05,8.15,18,36.0
23559,WOODLAND BUNNIES LOLLY MAKERS,2.07,1.79,2.08,75,563.0
23423,PANTRY 3 HOOK ROLLING PIN HANGER,3.75,3.75,3.75,51,202.0
23421,PANTRY HOOK SPATULA,2.08,2.08,2.08,26,152.0
23422,PANTRY HOOK BALLOON WHISK,2.08,2.08,2.08,31,196.0
23418,LAVENDER TOILETTE BOTTLE,2.07,1.79,2.08,60,533.0
23419,HOME SWEET HOME BOTTLE,2.08,1.79,2.08,60,436.0
23435,3 RAFFIA RIBBONS VINTAGE CHRISTMAS,0.91,0.79,2.08,44,676.0
23434,3 RAFFIA RIBBONS 50'S CHRISTMAS,0.91,0.79,2.08,133,1772.0
23391,I LOVE LONDON MINI BACKPACK,4.14,3.75,4.15,69,360.0
23390,DOLLY GIRL MINI BACKPACK,4.14,3.75,4.15,146,721.0
23389,SPACEBOY MINI BACKPACK,4.14,3.75,4.15,205,1043.0
23074,EMBOSSED HEART TRINKET BOX,2.06,1.79,2.08,34,215.0
23388,WOODLAND MINI BACKPACK,4.14,3.75,4.15,135,789.0
23416,CHAMBRE HOOK,1.16,0.39,1.65,18,123.0
23058,CHRISTMAS HANGING SNOWFLAKE,1.11,0.79,4.96,44,486.0
23420,PANTRY HOOK TEA STRAINER,2.08,2.08,2.08,28,159.0
23113,PANTRY CHOPPING BOARD,4.91,4.15,4.95,41,196.0
35819P,"ACRYLIC HANGING JEWEL,PINK",0.5,0.38,1.25,7,95.0
23630,SET 10 CARDS HANGING BAUBLES 17080,2.99,2.99,2.99,1,1.0
23503,PLAYING CARDS KEEP CALM & CARRY ON,1.25,1.04,1.25,327,3432.0
23366,SET 12 COLOURING PENCILS DOILY,0.65,0.55,0.65,141,1919.0
23367,SET 12 COLOUR PENCILS SPACEBOY,0.65,0.55,0.65,230,2762.0
23504,PLAYING CARDS JUBILEE UNION JACK,1.25,1.04,1.25,190,1661.0
23371,SET 36 COLOUR PENCILS SPACEBOY,1.24,1.06,1.25,133,1498.0
23506,MINI PLAYING CARDS SPACEBOY,0.42,0.36,0.42,127,2694.0
23502,PLAYING CARDS VINTAGE DOILY,1.25,1.04,1.25,87,690.0
23370,SET 36 COLOURING PENCILS DOILY,1.25,1.06,1.25,106,1354.0
23493,VINTAGE DOILY TRAVEL SEWING KIT,1.95,1.65,1.95,349,3516.0
23365,SET 12 COLOUR PENCILS LOVE LONDON,0.65,0.55,0.65,128,1529.0
23369,SET 36 COLOUR PENCILS LOVE LONDON,1.24,1.06,1.25,95,901.0
23520,EMBROIDERED RIBBON REEL RUBY,3.73,3.29,3.75,30,165.0
23511,EMBROIDERED RIBBON REEL EMILY,2.07,1.79,2.08,85,524.0
23517,EMBROIDERED RIBBON REEL REBECCA,2.87,2.49,2.89,51,312.0
23368,SET 12 COLOUR PENCILS DOLLY GIRL,0.65,0.55,0.65,178,2152.0
23505,PLAYING CARDS I LOVE LONDON,1.24,1.04,1.25,104,1058.0
23372,SET 36 COLOUR PENCILS DOLLY GIRL,1.24,1.06,1.25,98,1278.0
23512,EMBROIDERED RIBBON REEL ROSIE,2.06,1.79,2.08,49,484.0
23515,EMBROIDERED RIBBON REEL DAISY,2.07,1.79,2.08,59,558.0
23514,EMBROIDERED RIBBON REEL SALLY,2.07,1.79,2.08,61,452.0
23518,EMBROIDERED RIBBON REEL RACHEL,2.87,2.49,2.89,40,351.0
23510,MINI PLAYING CARDS GYMKHANA,0.42,0.36,0.42,95,2297.0
23508,MINI PLAYING CARDS DOLLY GIRL,0.42,0.36,0.42,106,2472.0
23509,MINI PLAYING CARDS FUN FAIR,0.42,0.36,0.42,54,1040.0
23507,MINI PLAYING CARDS BUFFALO BILL,0.42,0.36,0.42,101,2839.0
23513,EMBROIDERED RIBBON REEL SUSIE,2.07,1.79,2.08,61,550.0
20678,LARGE BLACK DIAMANTE HAIRSLIDE,1.65,1.65,1.65,1,4.0
23516,EMBROIDERED RIBBON REEL SOPHIE,3.73,3.29,3.75,40,291.0
23519,EMBROIDERED RIBBON REEL CLAIRE,3.7,3.29,3.75,19,219.0
23494,VINTAGE DOILY DELUXE SEWING KIT,5.93,4.95,5.95,169,629.0
23461,SWEETHEART BIRD HOUSE,4.14,3.3,4.15,82,825.0
23466,TUSCAN VILLA DOVECOTE BIRD FEEDER,8.21,7.5,8.25,21,49.0
23469,CARD HOLDER LOVE BIRD SMALL,4.12,3.29,4.15,63,320.0
23484,HEART TRELLIS TRIPLE T-LIGHT HOLDER,2.86,2.49,2.89,25,174.0
23114,VINTAGE LEAF CHOPPING BOARD,4.93,4.15,4.95,41,144.0
23117,POPPY FIELDS CHOPPING BOARD,4.95,4.95,4.95,39,85.0
23115,RED APPLES CHOPPING BOARD,4.93,4.15,4.95,38,144.0
23471,SIX DRAWER OFFICE TIDY,9.75,8.25,9.95,26,64.0
23116,VEGETABLE GARDEN CHOPPING BOARD,4.9,4.15,4.95,17,70.0
23472,NINE DRAWER OFFICE TIDY,14.79,12.5,14.95,30,54.0
23470,CARD HOLDER LOVE BIRD LARGE,6.21,5.39,6.25,73,214.0
23524,WALL ART HORSE & PONY,3.66,2.66,3.75,50,459.0
23535,WALL ART BICYCLE SAFETY,5.87,3.88,5.95,161,1122.0
23534,WALL ART STOP FOR TEA,5.88,3.88,5.95,193,1203.0
23541,WALL ART CLASSIC PUDDINGS,8.11,6.67,8.25,119,827.0
23539,WALL ART LOVES' SECRET,5.8,3.88,5.95,35,237.0
23522,WALL ART DOG AND BALL,2.58,1.25,2.89,21,341.0
23526,WALL ART DOG LICENCE,5.82,3.88,5.95,89,866.0
23533,WALL ART GARDEN HAVEN,5.15,1.95,5.95,31,210.0
23542,WALL ART 70'S ALPHABET,8.04,6.67,8.25,69,482.0
23528,WALL ART SPACEBOY,3.63,2.66,3.75,34,462.0
23543,WALL ART KEEP CALM,7.86,4.15,8.25,94,1227.0
23530,WALL ART ONLY ONE PERSON,4.75,3.57,4.95,74,1037.0
23538,WALL ART VINTAGE HEART,4.79,3.58,4.95,27,326.0
23521,WALL ART CAT AND BIRD,2.62,1.12,2.89,22,388.0
23523,WALL ART TREASURE AHOY,3.65,2.66,3.75,37,351.0
23531,WALL ART BIG LOVE,6.74,4.76,6.95,97,960.0
23527,WALL ART ANIMALS AND NATURE,3.68,2.66,3.75,42,409.0
23483,HANGING  BUTTERFLY T-LIGHT HOLDER,1.23,1.04,1.25,66,1310.0
23529,WALL ART DOLLY GIRL,3.61,2.66,3.75,30,629.0
23536,WALL ART VILLAGE SHOW,5.87,3.88,5.95,73,609.0
23544,WALL ART MID CENTURY MODERN,7.48,3.95,8.25,19,163.0
23532,WALL ART WORK REST AND PLAY,4.47,1.95,4.95,26,205.0
23525,WALL ART BUFFALO BILL,3.66,2.65,3.75,43,561.0
23540,WALL ART THE MAGIC FOREST,6.14,2.55,6.95,10,146.0
23537,WALL ART I LOVE LONDON,4.84,4.15,4.95,21,98.0
23500,KEY RING BASEBALL BOOT ASSORTED,1.24,1.04,1.25,84,1580.0
23465,TUSCAN VILLA BIRD FEEDER,8.25,8.25,8.25,15,28.0
23501,KEY RING BASEBALL BOOT UNION JACK,1.24,1.04,1.25,85,1770.0
90012A,MIDNIGHT BLUE DROP CRYSTAL NECKLACE,2.95,2.95,2.95,2,8.0
23468,TUSCAN VILLA BIRD TABLE,8.25,8.25,8.25,11,19.0
79157V,UBO-LIGHT TRIOBASE PURPLE,0.85,0.85,0.85,3,5.0
23448,CREAM BUNNY EASTER EGG BASKET,1.65,1.65,1.65,3,25.0
23447,PINK BUNNY EASTER EGG BASKET,1.6,1.45,1.65,4,158.0
23446,BLUE BUNNY EASTER EGG BASKET,1.58,1.45,1.65,3,157.0
23382,BOX OF 6 CHRISTMAS CAKE DECORATIONS,3.71,3.29,3.75,162,1700.0
23660,HENRIETTA HEN MUG,1.65,1.65,1.65,30,281.0
23661,MILK MAIDS MUG,1.65,1.65,1.65,22,192.0
23564,EGG CUP MILKMAID INGRID,1.24,1.04,1.25,42,587.0
23567,EGG CUP HENRIETTA HEN PINK,1.25,1.25,1.25,18,187.0
23487,SWEET HEART CAKE CARRIER,9.86,8.25,9.95,39,72.0
23490,T-LIGHT HOLDER HANGING LOVE BIRD,3.74,3.29,3.75,95,533.0
23453,OVAL  MINI PORTRAIT FRAME,1.94,1.65,1.95,46,315.0
23452,HEART MINI PORTRAIT FRAME,1.95,1.65,1.95,81,510.0
23451,SQUARE MINI PORTRAIT FRAME,1.94,1.65,1.95,44,268.0
23482,PEARLISED IVORY HEART LARGE,1.64,1.45,1.65,36,415.0
23459,DOLLY CABINET 2 DRAWERS,12.5,12.5,12.5,18,31.0
23565,EGG CUP MILKMAID HELGA,1.25,1.25,1.25,31,348.0
23456,MEDIUM PARLOUR PICTURE FRAME,4.12,3.75,4.15,36,158.0
23463,VINTAGE ZINC WATERING CAN,9.95,9.95,9.95,7,12.0
23464,VINTAGE ZINC WATERING CAN SMALL,4.95,4.95,4.95,6,16.0
23457,LARGE PARLOUR PICTURE FRAME,4.92,4.5,4.95,29,104.0
23455,SMALL PARLOUR PICTURE FRAME,2.87,2.49,2.89,34,206.0
23568,EGG CUP HENRIETTA HEN CREAM,1.23,1.04,1.25,28,580.0
23566,EGG CUP MILKMAID HEIDI,1.24,1.04,1.25,46,784.0
23467,VINTAGE ZINC PLANTER,3.29,3.29,3.29,5,23.0
23479,WIRE EGG BASKET,7.78,6.65,7.85,40,109.0
23481,PEARLISED IVORY HEART SMALL,1.24,1.04,1.25,27,217.0
23458,DOLLY CABINET 3 DRAWERS,14.95,14.95,14.95,29,49.0
23579,SNACK TRAY I LOVE LONDON,1.94,1.65,1.95,24,149.0
23702,High Resolution Image,8.5,1.5,21.0,3,4.0
23558,LANDMARK FRAME LONDON BRIDGE,12.4,10.95,12.5,47,410.0
23556,LANDMARK FRAME COVENT GARDEN,12.38,10.95,12.5,52,435.0
23554,LANDMARK FRAME OXFORD STREET,12.39,10.95,12.5,54,419.0
23557,LANDMARK FRAME BAKER STREET,12.39,10.95,12.5,29,347.0
23555,LANDMARK FRAME NOTTING HILL,12.41,10.95,12.5,48,419.0
23553,LANDMARK FRAME CAMDEN TOWN,12.38,10.95,12.5,62,557.0
23489,VINTAGE BELLS GARLAND,2.89,2.49,2.89,137,876.0
23491,VINTAGE JINGLE BELLS HEART,8.25,8.25,8.25,76,226.0
23492,VINTAGE JINGLE BELLS WREATH,8.25,8.25,8.25,26,74.0
23477,WOODLAND LARGE BLUE FELT HEART,1.25,1.25,1.25,8,85.0
23478,WOODLAND LARGE PINK FELT HEART,1.23,1.04,1.25,10,278.0
23476,WOODLAND LARGE RED FELT HEART,1.25,1.25,1.25,18,198.0
23486,ANTIQUE HEART SHELF UNIT,16.47,13.35,16.65,64,257.0
23480,MINI LIGHTS WOODLAND MUSHROOMS,3.73,3.29,3.75,173,1717.0
23473,WOODLAND SMALL RED FELT HEART,0.83,0.72,0.83,43,665.0
23460,SWEETHEART WALL TIDY,9.9,7.84,9.95,42,106.0
23462,ROCOCO WALL MIRROR WHITE,19.7,16.95,19.95,36,66.0
23499,SET 12 VINTAGE DOILY CHALK,0.42,0.42,0.42,93,1244.0
23485,BOTANICAL GARDENS WALL CLOCK,24.14,20.8,25.0,73,248.0
23570,TRADITIONAL PICK UP STICKS GAME,1.25,1.25,1.25,231,1836.0
23454,THREE MINI HANGING FRAMES,4.14,3.75,4.15,46,161.0
23571,TRADITIONAL NAUGHTS & CROSSES,1.65,1.45,1.65,216,2018.0
23569,TRADTIONAL ALPHABET STAMP SET,4.95,4.15,4.95,174,926.0
23305,SET 4 PICNIC CUTLERY BLUEBERRY,1.95,1.95,1.95,9,82.0
23474,WOODLAND SMALL BLUE FELT HEART,0.83,0.83,0.83,27,297.0
23582,VINTAGE DOILY JUMBO BAG RED,2.07,1.75,2.08,232,4314.0
23583,LUNCH BAG PAISLEY PARK,1.64,1.45,1.65,297,3295.0
23581,JUMBO BAG PAISLEY PARK,2.06,1.75,2.08,299,4138.0
23303,SET 4 PICNIC CUTLERY FONDANT,1.95,1.95,1.95,6,65.0
23475,WOODLAND SMALL PINK FELT HEART,0.83,0.83,0.83,26,280.0
23497,CLASSIC CHROME BICYCLE BELL,1.44,1.25,1.45,171,2499.0
23304,SET 4 PICNIC CUTLERY CHERRY,1.95,1.95,1.95,9,71.0
23495,SET OF 3 PANTRY WOODEN SPOONS,1.25,1.25,1.25,24,192.0
23496,PANTRY KITCHEN THERMOMETER,1.25,1.25,1.25,22,88.0
23691,WRAP KEEP CALM BIRTHDAY,0.42,0.36,0.42,38,1175.0
23681,LUNCH BAG RED VINTAGE DOILY,1.64,1.45,1.65,118,1547.0
23692,WRAP A PRETTY THANK YOU,0.42,0.42,0.42,2,50.0
23695,DOILY THANK YOU CARD,0.42,0.36,0.42,44,703.0
23697,A PRETTY THANK YOU CARD,0.42,0.36,0.42,26,438.0
23598,PAPER BUNTING VINTAGE PARTY,2.93,2.55,2.95,42,420.0
23597,PAPER BUNTING PAISLEY PARK,2.91,2.55,2.95,27,240.0
23664,FLOWER SHOP DESIGN MUG,1.65,1.65,1.65,1,1.0
23694,PAISLEY PARK CARD,0.42,0.36,0.42,24,348.0
23442,12 HANGING EGGS HAND PAINTED,2.08,2.08,2.08,7,40.0
23449,SET OF 6 EASTER RAINBOW CHICKS,1.25,1.25,1.25,1,12.0
23428,IVORY RETRO KITCHEN WALL CLOCK,8.11,7.05,8.15,25,68.0
23430,BLUE RETRO KITCHEN WALL CLOCK,8.15,8.15,8.15,17,35.0
23429,RED RETRO KITCHEN WALL CLOCK,8.15,8.15,8.15,20,44.0
23441,HAND PAINTED HANGING EASTER EGG,0.42,0.42,0.42,3,22.0
23440,PAINT YOUR OWN EGGS IN CRATE,2.02,1.79,2.08,5,164.0
23552,BICYCLE PUNCTURE REPAIR KIT,2.06,1.79,2.08,103,1730.0
23498,CLASSIC BICYCLE CLIPS,1.44,1.25,1.45,86,1587.0
23578,SNACK TRAY RED GINGHAM,1.95,1.95,1.95,11,56.0
23580,SNACK TRAY HAPPY FOREST,1.95,1.95,1.95,21,110.0
23575,SNACK TRAY PAISLEY PARK,1.94,1.65,1.95,22,164.0
23560,SET OF 6 RIBBONS COUNTRY STYLE,2.87,2.49,2.89,20,163.0
23576,SNACK TRAY RED VINTAGE DOILY,1.94,1.65,1.95,29,185.0
23562,SET OF 6 RIBBONS PERFECTLY PRETTY,2.88,2.49,2.89,37,243.0
23561,SET OF 6 RIBBONS PARTY,2.86,2.49,2.89,13,167.0
